TG_FAKTUR,NO_FAKTUR,NO_PESAN,NAMA_BRG,WARNA,NMLEASE,JK_WAKTU,NILAI_UMK,NILAI_JUAL,KOTA,UMUR,NM_CABANG
2026-06-02T00:00:00,26FJK0101925,26SO01192001,FAZZIO HYBRID,ABU PINK,BAF BHL,32,0,22470000,JAKARTA TIMUR,17,GD.SSM BEKASI
2026-06-02T00:00:00,26FJK0101926,26SO01192201,ALL NEW AEROX 155,HITAM,BAF BHL,23,1700000,28880000,JAKARTA TIMUR,5,GD.SSM BEKASI
2026-06-02T00:00:00,26FJK0101927,26SO01192301,FAZZIO HYBRID NEO,HIJAU MUDA,ADIRA BKS,20,500000,24300000,"BEKASI, KOTA.",5,GD.SSM BEKASI
2026-06-02T00:00:00,26FJK0101928,26SO01192401,FREEGO 125,MERAH,CASH,0,22415000,22865000,"JAKARTA SELATAN, KOTA.",28,GD.SSM BEKASI
2026-06-02T00:00:00,26FJK0101929,26SO01192501,FREEGO 125,MERAH,BAF BHL,33,500000,22865000,"JAKARTA UTARA, KOTA.",14,SSM MOTOR
2026-06-02T00:00:00,26FJK0101930,26SO01192701,GRAND FILANO HYBRID NEO,ABU-ABU,CASH,0,28110000,28560000,"BEKASI, KAB.",46,GD.SSM BEKASI
2026-06-02T00:00:00,26FJK0101931,26SO01193001,G ULTIMA HYBRID SOLID,COKLAT,BAF JAKARTA  2,35,800000,20560000,"JAKARTA TIMUR, KOTA.",22,GD.SSM BEKASI
2026-06-02T00:00:00,26FJK0101933,26SO01192801,FAZZIO HYBRID,ABU PINK,BAF TGR,30,0,22845000,"TANGERANG, KOTA.",17,GD.SSM BEKASI
2026-06-02T00:00:00,26FJK0101934,26SO01193101,G ULTIMA HYBRID,PUTIH,BAF DPK,35,100000,20140000,"JAKARTA TIMUR, KOTA.",61,GD.SSM BEKASI
2026-06-02T00:00:00,26FJK0101936,26SO01193301,G ULTIMA HYBRID,HITAM,BAF DPK,32,1100000,20140000,"JAKARTA TIMUR, KOTA.",14,GD.SSM BEKASI
2026-06-02T00:00:00,26FJK0101937,26SO01193401,FAZZIO HYBRID NEO,PUTIH,BAF JAKARTA  2,20,1000000,24300000,"BEKASI, KOTA.",20,GD.SSM BEKASI
2026-06-02T00:00:00,26FJK0101938,26SO01193601,AEROX ALPHA,HITAM,ADIRA HI,35,500000,30320000,"BEKASI, KOTA.",8,GD.SSM BEKASI
2026-06-02T00:00:00,26FJK0101939,26SO01193701,G ULTIMA HYBRID,HITAM,BAF CKR,35,2900000,20450000,"BEKASI, KAB.",22,SSM MOTOR
2026-06-02T00:00:00,26FJK0101940,26SO01193801,G ULTIMA HYBRID SMART,HITAM,ADIRA HI,32,900000,22985000,"BEKASI, KOTA.",5,GD.SSM BEKASI
2026-06-02T00:00:00,26FJK0101941,26SO01193201,NMAX NEO S,HITAM,BAF CKR,30,900000,35140000,"BEKASI, KAB.",3,SSM MOTOR
2026-06-02T00:00:00,26FJK0101943,26SO01193901,GRAND FILANO HYBRID NEO,UNGU MUDA,BAF BHL,30,600000,28315000,JAKARTA,97,GD.SSM BEKASI
2026-06-02T00:00:00,26FJK0101944,26SO01194101,AEROX ALPHA CYBERCITY ABS,UNGU,BAF JAKARTA  2,30,1000000,34290000,JAKARTA,17,SSM MOTOR
2026-06-02T00:00:00,26FJK0101945,26SO01194001,AEROX ALPHA,HITAM,ADIRA KLPG,35,400000,30200000,JAKARTA,8,GD.SSM BEKASI
2026-06-02T00:00:00,26FJK0101946,26SO01194201,G ULTIMA HYBRID,HITAM,BAF JAKARTA  2,30,100000,20450000,BEKASI,22,SSM MOTOR
2026-06-02T00:00:00,26JD01037901,26JD01037901,G ULTIMA HYBRID SMART,BIRU,CASH,0,18087919,18087919,"JAKARTA BARAT, Kota.",12,GD.SSM BEKASI
2026-06-02T00:00:00,26JD01037902,26JD01037902,XMAX C,BIRU,CASH,0,56733986,56733986,"JAKARTA BARAT, Kota.",5,GD.SSM BEKASI
2026-06-02T00:00:00,26JD01038001,26JD01038001,G ULTIMA HYBRID SOLID,ABU-ABU,CASH,0,17200000,17200000,"JAKARTA TIMUR, KOTA.",18,GD.SSM BEKASI
2026-06-02T00:00:00,26JD01038002,26JD01038002,G ULTIMA HYBRID SOLID,ABU-ABU,CASH,0,17200000,17200000,"JAKARTA TIMUR, KOTA.",12,SSM MOTOR
2026-06-02T00:00:00,26JD01038003,26JD01038003,G ULTIMA HYBRID SOLID,COKLAT,CASH,0,17200000,17200000,"JAKARTA TIMUR, KOTA.",22,SSM MOTOR
2026-06-02T00:00:00,26JD01038004,26JD01038004,G ULTIMA HYBRID SOLID,COKLAT,CASH,0,17200000,17200000,"JAKARTA TIMUR, KOTA.",28,SSM MOTOR
2026-06-02T00:00:00,26JD01038005,26JD01038005,G ULTIMA HYBRID SOLID,COKLAT,CASH,0,17200000,17200000,"JAKARTA TIMUR, KOTA.",46,GD.SSM BEKASI
2026-06-02T00:00:00,26JD01038006,26JD01038006,G ULTIMA HYBRID SOLID,COKLAT,CASH,0,17200000,17200000,"JAKARTA TIMUR, KOTA.",55,SSM MOTOR
2026-06-02T00:00:00,26JD01038007,26JD01038007,G ULTIMA HYBRID SOLID,COKLAT,CASH,0,17200000,17200000,"JAKARTA TIMUR, KOTA.",26,GD.SSM BEKASI
2026-06-02T00:00:00,26JD01038008,26JD01038008,G ULTIMA HYBRID SOLID,ABU-ABU,CASH,0,17200000,17200000,"JAKARTA TIMUR, KOTA.",28,SSM MOTOR
2026-06-02T00:00:00,26JD01038009,26JD01038009,G ULTIMA HYBRID SOLID,ABU-ABU,CASH,0,17200000,17200000,"JAKARTA TIMUR, KOTA.",46,GD.SSM BEKASI
2026-06-02T00:00:00,26JD01038010,26JD01038010,G ULTIMA HYBRID SOLID,ABU-ABU,CASH,0,17200000,17200000,"JAKARTA TIMUR, KOTA.",46,GD.SSM BEKASI
2026-06-02T00:00:00,26JD01038011,26JD01038011,G ULTIMA HYBRID SOLID,ABU-ABU,CASH,0,17200000,17200000,"JAKARTA TIMUR, KOTA.",46,GD.SSM BEKASI
2026-06-02T00:00:00,26JD01038012,26JD01038012,G ULTIMA HYBRID SOLID,COKLAT,CASH,0,17200000,17200000,"JAKARTA TIMUR, KOTA.",17,GD.SSM BEKASI
2026-06-02T00:00:00,26JD01038013,26JD01038013,G ULTIMA HYBRID SOLID,COKLAT,CASH,0,17200000,17200000,"JAKARTA TIMUR, KOTA.",17,GD.SSM BEKASI
2026-06-02T00:00:00,26JD01038014,26JD01038014,G ULTIMA HYBRID SOLID,COKLAT,CASH,0,17200000,17200000,"JAKARTA TIMUR, KOTA.",46,GD.SSM BEKASI
2026-06-02T00:00:00,26JD01038015,26JD01038015,G ULTIMA HYBRID SOLID,COKLAT,CASH,0,17200000,17200000,"JAKARTA TIMUR, KOTA.",46,GD.SSM BEKASI
2026-06-02T00:00:00,26JD01038016,26JD01038016,G ULTIMA HYBRID SOLID,ABU-ABU,CASH,0,17200000,17200000,"JAKARTA TIMUR, KOTA.",46,GD.SSM BEKASI
2026-06-02T00:00:00,26JD01038017,26JD01038017,G ULTIMA HYBRID SOLID,ABU-ABU,CASH,0,17200000,17200000,"JAKARTA TIMUR, KOTA.",15,GD.SSM BEKASI
2026-06-02T00:00:00,26JD01038018,26JD01038018,G ULTIMA HYBRID SOLID,ABU-ABU,CASH,0,17200000,17200000,"JAKARTA TIMUR, KOTA.",12,GD.SSM BEKASI
2026-06-02T00:00:00,26JD01038019,26JD01038019,G ULTIMA HYBRID SOLID,ABU-ABU,CASH,0,17200000,17200000,"JAKARTA TIMUR, KOTA.",15,SSM MOTOR
2026-06-02T00:00:00,26JD01038020,26JD01038020,G ULTIMA HYBRID SOLID,COKLAT,CASH,0,17200000,17200000,"JAKARTA TIMUR, KOTA.",17,GD.SSM BEKASI
2026-06-02T00:00:00,26JD01038021,26JD01038021,G ULTIMA HYBRID SOLID,COKLAT,CASH,0,17200000,17200000,"JAKARTA TIMUR, KOTA.",17,GD.SSM BEKASI
2026-06-02T00:00:00,26JD01038022,26JD01038022,G ULTIMA HYBRID SOLID,ABU-ABU,CASH,0,17200000,17200000,"JAKARTA TIMUR, KOTA.",46,GD.SSM BEKASI
2026-06-02T00:00:00,26JD01038023,26JD01038023,G ULTIMA HYBRID SOLID,ABU-ABU,CASH,0,17200000,17200000,"JAKARTA TIMUR, KOTA.",41,GD.SSM BEKASI
2026-06-02T00:00:00,26JD01038101,26JD01038101,GEAR 125,HITAM,CASH,0,16500000,16500000,"JAKARTA TIMUR, KOTA.",4,GD.SSM BEKASI
2026-06-02T00:00:00,26JD01038102,26JD01038102,GEAR 125,HITAM,CASH,0,16500000,16500000,"JAKARTA TIMUR, KOTA.",4,GD.SSM BEKASI
2026-06-02T00:00:00,26JD01038103,26JD01038103,GEAR 125,HITAM,CASH,0,16500000,16500000,"JAKARTA TIMUR, KOTA.",4,GD.SSM BEKASI
2026-06-02T00:00:00,26JD01038104,26JD01038104,GEAR 125,BIRU,CASH,0,16500000,16500000,"JAKARTA TIMUR, KOTA.",5,GD.SSM BEKASI
2026-06-02T00:00:00,26JD01038105,26JD01038105,GEAR 125,HITAM,CASH,0,16500000,16500000,"JAKARTA TIMUR, KOTA.",4,GD.SSM BEKASI
2026-06-02T00:00:00,26JD01038106,26JD01038106,GEAR 125,BIRU,CASH,0,16500000,16500000,"JAKARTA TIMUR, KOTA.",5,GD.SSM BEKASI
2026-06-02T00:00:00,26JD01038107,26JD01038107,GEAR 125,BIRU,CASH,0,16500000,16500000,"JAKARTA TIMUR, KOTA.",5,GD.SSM BEKASI
2026-06-02T00:00:00,26JD01038108,26JD01038108,GEAR 125,BIRU,CASH,0,16500000,16500000,"JAKARTA TIMUR, KOTA.",5,GD.SSM BEKASI
2026-06-02T00:00:00,26JD01038109,26JD01038109,GEAR 125,BIRU,CASH,0,16500000,16500000,"JAKARTA TIMUR, KOTA.",5,GD.SSM BEKASI
2026-06-02T00:00:00,26JD01038110,26JD01038110,GEAR 125,HITAM,CASH,0,16500000,16500000,"JAKARTA TIMUR, KOTA.",3,GD.SSM BEKASI
2026-06-02T00:00:00,26JD01038111,26JD01038111,GEAR 125,HITAM,CASH,0,16500000,16500000,"JAKARTA TIMUR, KOTA.",3,GD.SSM BEKASI
2026-06-02T00:00:00,26JD01038112,26JD01038112,GEAR 125,HITAM,CASH,0,16500000,16500000,"JAKARTA TIMUR, KOTA.",3,GD.SSM BEKASI
2026-06-02T00:00:00,26JD01038113,26JD01038113,GEAR 125,HITAM,CASH,0,16500000,16500000,"JAKARTA TIMUR, KOTA.",3,GD.SSM BEKASI
2026-06-02T00:00:00,26JD01038114,26JD01038114,GEAR 125,HITAM,CASH,0,16500000,16500000,"JAKARTA TIMUR, KOTA.",3,GD.SSM BEKASI
2026-06-02T00:00:00,26JD01038115,26JD01038115,GEAR 125,HITAM,CASH,0,16500000,16500000,"JAKARTA TIMUR, KOTA.",4,GD.SSM BEKASI
2026-06-02T00:00:00,26JD01038116,26JD01038116,GEAR 125,HITAM,CASH,0,16500000,16500000,"JAKARTA TIMUR, KOTA.",4,GD.SSM BEKASI
2026-06-02T00:00:00,26JD01038117,26JD01038117,GEAR 125,HITAM,CASH,0,16500000,16500000,"JAKARTA TIMUR, KOTA.",4,GD.SSM BEKASI
2026-06-02T00:00:00,26JD01038118,26JD01038118,GEAR 125,HIJAU PERAK,CASH,0,16500000,16500000,"JAKARTA TIMUR, KOTA.",4,GD.SSM BEKASI
2026-06-02T00:00:00,26JD01038119,26JD01038119,GEAR 125,HITAM,CASH,0,16500000,16500000,"JAKARTA TIMUR, KOTA.",4,GD.SSM BEKASI
2026-06-02T00:00:00,26JD01038120,26JD01038120,GEAR 125,HIJAU PERAK,CASH,0,16500000,16500000,"JAKARTA TIMUR, KOTA.",4,GD.SSM BEKASI
2026-06-02T00:00:00,26JD01038121,26JD01038121,GEAR 125,HITAM,CASH,0,16500000,16500000,"JAKARTA TIMUR, KOTA.",4,GD.SSM BEKASI
2026-06-02T00:00:00,26JD01038122,26JD01038122,GEAR 125,HITAM,CASH,0,16500000,16500000,"JAKARTA TIMUR, KOTA.",4,GD.SSM BEKASI
2026-06-02T00:00:00,26JD01038123,26JD01038123,GEAR 125,HITAM,CASH,0,16500000,16500000,"JAKARTA TIMUR, KOTA.",4,GD.SSM BEKASI
2026-06-02T00:00:00,26JD01038124,26JD01038124,GEAR 125,HITAM,CASH,0,16500000,16500000,"JAKARTA TIMUR, KOTA.",4,GD.SSM BEKASI
2026-06-02T00:00:00,26JD01038201,26JD01038201,GEAR 125,HITAM,CASH,0,16500000,16500000,"JAKARTA TIMUR, KOTA.",4,GD.SSM BEKASI
2026-06-02T00:00:00,26JD01038202,26JD01038202,GEAR 125,HITAM,CASH,0,16500000,16500000,"JAKARTA TIMUR, KOTA.",4,GD.SSM BEKASI
2026-06-02T00:00:00,26JD01038203,26JD01038203,GEAR 125,HITAM,CASH,0,16500000,16500000,"JAKARTA TIMUR, KOTA.",4,GD.SSM BEKASI
2026-06-02T00:00:00,26JD01038204,26JD01038204,GEAR 125,HITAM,CASH,0,16500000,16500000,"JAKARTA TIMUR, KOTA.",4,GD.SSM BEKASI
2026-06-02T00:00:00,26JD01038205,26JD01038205,GEAR 125,HITAM,CASH,0,16500000,16500000,"JAKARTA TIMUR, KOTA.",4,GD.SSM BEKASI
2026-06-02T00:00:00,26JD01038206,26JD01038206,GEAR 125,HIJAU,CASH,0,16500000,16500000,"JAKARTA TIMUR, KOTA.",7,GD.SSM BEKASI
2026-06-02T00:00:00,26JD01038207,26JD01038207,GEAR 125,HIJAU,CASH,0,16500000,16500000,"JAKARTA TIMUR, KOTA.",7,GD.SSM BEKASI
2026-06-02T00:00:00,26JD01038208,26JD01038208,GEAR 125,HIJAU,CASH,0,16500000,16500000,"JAKARTA TIMUR, KOTA.",7,GD.SSM BEKASI
2026-06-02T00:00:00,26JD01038209,26JD01038209,GEAR 125,HITAM,CASH,0,16500000,16500000,"JAKARTA TIMUR, KOTA.",4,GD.SSM BEKASI
2026-06-02T00:00:00,26JD01038210,26JD01038210,GEAR 125,HIJAU PERAK,CASH,0,16500000,16500000,"JAKARTA TIMUR, KOTA.",4,GD.SSM BEKASI
2026-06-02T00:00:00,26JD01038211,26JD01038211,GEAR 125,HITAM,CASH,0,16500000,16500000,"JAKARTA TIMUR, KOTA.",4,GD.SSM BEKASI
2026-06-02T00:00:00,26JD01038212,26JD01038212,GEAR 125,HIJAU PERAK,CASH,0,16500000,16500000,"JAKARTA TIMUR, KOTA.",4,GD.SSM BEKASI
2026-06-02T00:00:00,26JD01038213,26JD01038213,GEAR 125,MERAH,CASH,0,16500000,16500000,"JAKARTA TIMUR, KOTA.",8,SSM MOTOR
2026-06-02T00:00:00,26JD01038214,26JD01038214,GEAR 125,BIRU,CASH,0,16500000,16500000,"JAKARTA TIMUR, KOTA.",5,GD.SSM BEKASI
2026-06-02T00:00:00,26JD01038215,26JD01038215,GEAR 125,BIRU,CASH,0,16500000,16500000,"JAKARTA TIMUR, KOTA.",5,GD.SSM BEKASI
2026-06-02T00:00:00,26JD01038216,26JD01038216,GEAR 125,HIJAU,CASH,0,16500000,16500000,"JAKARTA TIMUR, KOTA.",7,GD.SSM BEKASI
2026-06-02T00:00:00,26JD01038217,26JD01038217,GEAR 125,HIJAU PERAK,CASH,0,16500000,16500000,"JAKARTA TIMUR, KOTA.",8,GD.SSM BEKASI
2026-06-02T00:00:00,26JD01038218,26JD01038218,GEAR 125,HIJAU,CASH,0,16500000,16500000,"JAKARTA TIMUR, KOTA.",10,GD.SSM BEKASI
2026-06-02T00:00:00,26JD01038219,26JD01038219,GEAR 125,HIJAU,CASH,0,16500000,16500000,"JAKARTA TIMUR, KOTA.",7,GD.SSM BEKASI
2026-06-02T00:00:00,26JD01038220,26JD01038220,GEAR 125,HITAM,CASH,0,16500000,16500000,"JAKARTA TIMUR, KOTA.",29,GD.SSM BEKASI
2026-06-02T00:00:00,26JD01038221,26JD01038221,GEAR 125,HITAM,CASH,0,16500000,16500000,"JAKARTA TIMUR, KOTA.",17,GD.SSM BEKASI
2026-06-03T00:00:00,26FJK0101947,26SO01194401,GRAND FILANO HYBRID NEO,UNGU MUDA,BAF BHL,26,850000,28360000,BEKASI,96,GD.SSM BEKASI
2026-06-03T00:00:00,26FJK0101948,26SO01194601,FAZZIO HYBRID,BIRU PUTIH,BAF CKR,30,3000000,22670000,JAKARTA UTARA,40,GD.SSM BEKASI
2026-06-03T00:00:00,26FJK0101949,26SO01194301,NMAX NEO S,HITAM,BAF CKR,30,900000,35140000,KAB BEKASI,4,SSM MOTOR
2026-06-03T00:00:00,26FJK0101950,26SO01194501,NMAX NEO S,BIRU,ADR KTPG,33,900000,35055000,"JAKARTA UTARA, KOTA.",19,GD.SSM BEKASI
2026-06-03T00:00:00,26FJK0101951,26SO01194801,AEROX ALPHA,MERAH,BAF CKR,30,1000000,30320000,BEKASI,9,GD.SSM BEKASI
2026-06-03T00:00:00,26FJK0101952,26SO01194701,AEROX ALPHA,HITAM,ADR PCRN,30,1900000,30400000,"JAKARTA TIMUR, KOTA.",63,GD.SSM BEKASI
2026-06-03T00:00:00,26FJK0101953,26SO01194901,FAZZIO HYBRID NEO,UNGU MUDA,BAF JAKARTA  2,30,0,24500000,"BEKASI, KOTA.",6,GD.SSM BEKASI
2026-06-03T00:00:00,26FJK0101954,26SO01195001,AEROX ALPHA CYBERCITY,BIRU,ADR KTPG,30,1000000,30950000,"JAKARTA PUSAT, KOTA.",26,GD.SSM BEKASI
2026-06-03T00:00:00,26FJK0101955,26SO01195301,FAZZIO HYBRID NEO,BIRU,BAF DPK,26,500000,24055000,"JAKARTA TIMUR, KOTA.",221,GD.SSM BEKASI
2026-06-03T00:00:00,26FJK0101956,26SO01195401,WR 155 R,HITAM,ADIRA CLGS,35,3700000,41275000,"BOGOR, KAB.",13,GD.SSM BEKASI
2026-06-03T00:00:00,26FJK0101957,26SO01195201,GRAND FILANO HYBRID NEO,UNGU MUDA,BAF BHL,30,2000000,28360000,BEKASI,63,GD.SSM BEKASI
2026-06-03T00:00:00,26FJK0101958,26SO01195501,ALL NEW AEROX 155,HITAM,BAF BHL,30,900000,28880000,"JAKARTA TIMUR, KOTA.",6,GD.SSM BEKASI
2026-06-03T00:00:00,26FJK0101959,26SO01195701,FAZZIO HYBRID,HITAM MERAH,ADIRA BKS,30,3900000,22745000,"BEKASI, KAB.",41,GD.SSM BEKASI
2026-06-03T00:00:00,26FJK0101960,26SO01195901,FREEGO 125,COKLAT,BAF DPK,35,1800000,22865000,"JAKARTA SELATAN, KOTA.",41,GD.SSM BEKASI
2026-06-03T00:00:00,26FJK0101961,26SO01196001,GRAND FILANO HYBRID NEO,ABU-ABU,BAF CKR,30,600000,28360000,"BEKASI, KAB.",9,GD.SSM BEKASI
2026-06-03T00:00:00,26FJK0101962,26SO01195101,AEROX ALPHA,MERAH,BAF BHL,17,4400000,30320000,BEKASI,9,GD.SSM BEKASI
2026-06-03T00:00:00,26FJK0101963,26SO01195601,FAZZIO HYBRID,HITAM MERAH,BAF BHL,30,0,22670000,"JAKARTA UTARA, KOTA.",39,GD.SSM BEKASI
2026-06-03T00:00:00,26FJK0101964,26SO01195801,FAZZIO HYBRID,ABU PINK,BAF DPK,30,500000,22470000,JAKARTA SELATAN,23,GD.SSM BEKASI
2026-06-03T00:00:00,26FJK0101965,26SO01196101,FAZZIO HYBRID,KUNING,BAF JAKARTA  2,30,0,22745000,"BEKASI, KOTA.",15,GD.SSM BEKASI
2026-06-03T00:00:00,26FJK0101966,26SO01196201,ALL NEW AEROX 155,HITAM,BAF CMPK,30,2400000,28930000,BEKASI,6,GD.SSM BEKASI
2026-06-03T00:00:00,26FJK0101967,26SO01196401,NMAX NEO,HITAM,BAF BHL,30,4200000,34065000,JAKARTA,111,GD.SSM BEKASI
2026-06-03T00:00:00,26FJK0101968,26SO01196501,GRAND FILANO HYBRID NEO,HIJAU,BAF BHL,26,500000,28515000,JAKARTA,16,GD.SSM BEKASI
2026-06-03T00:00:00,26FJK0101969,26SO01196301,GRAND FILANO HYBRID NEO,PUTIH,BAF BHL,30,600000,28360000,KOTA BEKASI,41,GD.SSM BEKASI
2026-06-03T00:00:00,26FJK0101970,26SO01196601,FAZZIO HYBRID LUX,ABU-ABU TUA,BAF BHL,20,600000,24945000,BEKASI,5,GD.SSM BEKASI
2026-06-03T00:00:00,26FJK0101971,26SO01196701,NMAX NEO S,HITAM,MUF KLPG,21,1600000,35340000,BEKASI,4,SSM MOTOR
2026-06-03T00:00:00,26FJK0101972,26SO01196801,NMAX NEO S,HITAM,BAF JAKARTA  2,35,5500000,35255000,"JAKARTA PUSAT, KOTA.",5,GD.SSM BEKASI
2026-06-03T00:00:00,26FJK0101973,26SO01196901,NMAX NEO S,BIRU,BAF JAKARTA  2,30,300000,35365000,"JAKARTA TIMUR, KOTA.",15,GD.SSM BEKASI
2026-06-03T00:00:00,26FJK0101974,26SO01197001,ALL NEW AEROX 155,HITAM,BAF JAKARTA  2,30,900000,28930000,"BEKASI, KOTA.",16,GD.SSM BEKASI
2026-06-03T00:00:00,26JD01038301,26JD01038301,MIO M3 CW,PERAK HIJAU,CASH,0,16000000,16000000,"JAKARTA TIMUR, KOTA.",26,GD.SSM BEKASI
2026-06-03T00:00:00,26JD01038302,26JD01038302,MIO M3 CW,PUTIH,CASH,0,16000000,16000000,"JAKARTA TIMUR, KOTA.",26,GD.SSM BEKASI
2026-06-03T00:00:00,26JD01038303,26JD01038303,MIO M3 CW,PUTIH,CASH,0,16000000,16000000,"JAKARTA TIMUR, KOTA.",26,GD.SSM BEKASI
2026-06-03T00:00:00,26JD01038304,26JD01038304,MIO M3 CW,HITAM,CASH,0,16000000,16000000,"JAKARTA TIMUR, KOTA.",23,SSM MOTOR
2026-06-03T00:00:00,26JD01038305,26JD01038305,MIO M3 CW,PERAK HIJAU,CASH,0,16000000,16000000,"JAKARTA TIMUR, KOTA.",22,GD.SSM BEKASI
2026-06-03T00:00:00,26JD01038306,26JD01038306,MIO M3 CW,PERAK HIJAU,CASH,0,16000000,16000000,"JAKARTA TIMUR, KOTA.",22,GD.SSM BEKASI
2026-06-03T00:00:00,26JD01038307,26JD01038307,MIO M3 CW,MERAH,CASH,0,16000000,16000000,"JAKARTA TIMUR, KOTA.",21,GD.SSM BEKASI
2026-06-03T00:00:00,26JD01038308,26JD01038308,MIO M3 CW,PERAK HIJAU,CASH,0,16000000,16000000,"JAKARTA TIMUR, KOTA.",19,GD.SSM BEKASI
2026-06-03T00:00:00,26JD01038309,26JD01038309,MIO M3 CW,HITAM,CASH,0,16000000,16000000,"JAKARTA TIMUR, KOTA.",18,GD.SSM BEKASI
2026-06-03T00:00:00,26JD01038310,26JD01038310,MIO M3 CW,MERAH,CASH,0,16000000,16000000,"JAKARTA TIMUR, KOTA.",18,GD.SSM BEKASI
2026-06-03T00:00:00,26JD01038311,26JD01038311,MIO M3 CW,PERAK HIJAU,CASH,0,16000000,16000000,"JAKARTA TIMUR, KOTA.",13,SSM MOTOR
2026-06-03T00:00:00,26JD01038312,26JD01038312,MIO M3 CW,MERAH,CASH,0,16000000,16000000,"JAKARTA TIMUR, KOTA.",9,SSM MOTOR
2026-06-03T00:00:00,26JD01038313,26JD01038313,MIO M3 CW,MERAH,CASH,0,16000000,16000000,"JAKARTA TIMUR, KOTA.",9,GD.SSM BEKASI
2026-06-03T00:00:00,26JD01038314,26JD01038314,MIO M3 CW,MERAH,CASH,0,16000000,16000000,"JAKARTA TIMUR, KOTA.",9,GD.SSM BEKASI
2026-06-03T00:00:00,26JD01038315,26JD01038315,MIO M3 CW,MERAH,CASH,0,16000000,16000000,"JAKARTA TIMUR, KOTA.",9,GD.SSM BEKASI
2026-06-03T00:00:00,26JD01038316,26JD01038316,MIO M3 CW,PERAK HIJAU,CASH,0,16000000,16000000,"JAKARTA TIMUR, KOTA.",9,GD.SSM BEKASI
2026-06-03T00:00:00,26JD01038317,26JD01038317,MIO M3 CW,PUTIH,CASH,0,16000000,16000000,"JAKARTA TIMUR, KOTA.",9,GD.SSM BEKASI
2026-06-03T00:00:00,26JD01038318,26JD01038318,MIO M3 CW,PERAK HIJAU,CASH,0,16000000,16000000,"JAKARTA TIMUR, KOTA.",6,GD.SSM BEKASI
2026-06-03T00:00:00,26JD01038319,26JD01038319,MIO M3 CW,PERAK HIJAU,CASH,0,16000000,16000000,"JAKARTA TIMUR, KOTA.",6,GD.SSM BEKASI
2026-06-03T00:00:00,26JD01038320,26JD01038320,MIO M3 CW,MERAH,CASH,0,16000000,16000000,"JAKARTA TIMUR, KOTA.",5,GD.SSM BEKASI
2026-06-03T00:00:00,26JD01038321,26JD01038321,MIO M3 CW,MERAH,CASH,0,16000000,16000000,"JAKARTA TIMUR, KOTA.",5,GD.SSM BEKASI
2026-06-03T00:00:00,26JD01038322,26JD01038322,MIO M3 CW,MERAH,CASH,0,16000000,16000000,"JAKARTA TIMUR, KOTA.",5,GD.SSM BEKASI
2026-06-03T00:00:00,26JD01038323,26JD01038323,MIO M3 CW,MERAH,CASH,0,16000000,16000000,"JAKARTA TIMUR, KOTA.",5,GD.SSM BEKASI
2026-06-03T00:00:00,26JD01038324,26JD01038324,MIO M3 CW,MERAH,CASH,0,16000000,16000000,"JAKARTA TIMUR, KOTA.",5,GD.SSM BEKASI
2026-06-03T00:00:00,26JD01038325,26JD01038325,MIO M3 CW,MERAH,CASH,0,16000000,16000000,"JAKARTA TIMUR, KOTA.",5,GD.SSM BEKASI
2026-06-03T00:00:00,26JD01038326,26JD01038326,MIO M3 CW,HITAM,CASH,0,16000000,16000000,"JAKARTA TIMUR, KOTA.",4,GD.SSM BEKASI
2026-06-03T00:00:00,26JD01038327,26JD01038327,MIO M3 CW,HITAM,CASH,0,16000000,16000000,"JAKARTA TIMUR, KOTA.",4,GD.SSM BEKASI
2026-06-03T00:00:00,26JD01038328,26JD01038328,MIO M3 CW,HITAM,CASH,0,16000000,16000000,"JAKARTA TIMUR, KOTA.",4,GD.SSM BEKASI
2026-06-03T00:00:00,26JD01038329,26JD01038329,MIO M3 CW,HITAM,CASH,0,16000000,16000000,"JAKARTA TIMUR, KOTA.",4,GD.SSM BEKASI
2026-06-03T00:00:00,26JD01038330,26JD01038330,MIO M3 CW,HITAM,CASH,0,16000000,16000000,"JAKARTA TIMUR, KOTA.",4,GD.SSM BEKASI
2026-06-03T00:00:00,26JD01038331,26JD01038331,MIO M3 CW,PUTIH,CASH,0,16000000,16000000,"JAKARTA TIMUR, KOTA.",4,SSM MOTOR
2026-06-03T00:00:00,26JD01038401,26JD01038401,AEROX ALPHA,MERAH,CASH,0,25700000,25700000,"JAKARTA SELATAN, KOTA.",16,GD.SSM BEKASI
2026-06-03T00:00:00,26JD01038402,26JD01038402,AEROX ALPHA,MERAH,CASH,0,25700000,25700000,"JAKARTA SELATAN, KOTA.",16,GD.SSM BEKASI
2026-06-03T00:00:00,26JD01038403,26JD01038403,AEROX ALPHA,MERAH,CASH,0,25700000,25700000,"JAKARTA SELATAN, KOTA.",16,GD.SSM BEKASI
2026-06-03T00:00:00,26JD01038404,26JD01038404,AEROX ALPHA,MERAH,CASH,0,25700000,25700000,"JAKARTA SELATAN, KOTA.",16,GD.SSM BEKASI
2026-06-03T00:00:00,26JD01038405,26JD01038405,AEROX ALPHA,MERAH,CASH,0,25700000,25700000,"JAKARTA SELATAN, KOTA.",21,SSM MOTOR
2026-06-03T00:00:00,26JD01038406,26JD01038406,AEROX ALPHA,MERAH,CASH,0,25700000,25700000,"JAKARTA SELATAN, KOTA.",16,GD.SSM BEKASI
2026-06-03T00:00:00,26JD01038407,26JD01038407,AEROX ALPHA,MERAH,CASH,0,25700000,25700000,"JAKARTA SELATAN, KOTA.",8,GD.SSM BEKASI
2026-06-03T00:00:00,26JD01038408,26JD01038408,AEROX ALPHA,MERAH,CASH,0,25700000,25700000,"JAKARTA SELATAN, KOTA.",8,SSM MOTOR
2026-06-03T00:00:00,26JD01038409,26JD01038409,AEROX ALPHA,HITAM,CASH,0,25700000,25700000,"JAKARTA SELATAN, KOTA.",9,GD.SSM BEKASI
2026-06-03T00:00:00,26JD01038410,26JD01038410,AEROX ALPHA,HITAM,CASH,0,25700000,25700000,"JAKARTA SELATAN, KOTA.",9,GD.SSM BEKASI
2026-06-03T00:00:00,26JD01038411,26JD01038411,AEROX ALPHA,HITAM,CASH,0,25700000,25700000,"JAKARTA SELATAN, KOTA.",9,GD.SSM BEKASI
2026-06-03T00:00:00,26JD01038412,26JD01038412,AEROX ALPHA,HITAM,CASH,0,25700000,25700000,"JAKARTA SELATAN, KOTA.",13,GD.SSM BEKASI
2026-06-03T00:00:00,26JD01038413,26JD01038413,AEROX ALPHA,HITAM,CASH,0,25700000,25700000,"JAKARTA SELATAN, KOTA.",9,GD.SSM BEKASI
2026-06-03T00:00:00,26JD01038414,26JD01038414,AEROX ALPHA,HITAM,CASH,0,25700000,25700000,"JAKARTA SELATAN, KOTA.",9,GD.SSM BEKASI
2026-06-03T00:00:00,26JD01038415,26JD01038415,AEROX ALPHA,BIRU,CASH,0,25700000,25700000,"JAKARTA SELATAN, KOTA.",6,SSM MOTOR
2026-06-03T00:00:00,26JD01038416,26JD01038416,AEROX ALPHA,BIRU,CASH,0,25700000,25700000,"JAKARTA SELATAN, KOTA.",6,GD.SSM BEKASI
2026-06-03T00:00:00,26JD01038417,26JD01038417,AEROX ALPHA,BIRU,CASH,0,25700000,25700000,"JAKARTA SELATAN, KOTA.",14,GD.SSM BEKASI
2026-06-03T00:00:00,26JD01038418,26JD01038418,AEROX ALPHA,BIRU,CASH,0,25700000,25700000,"JAKARTA SELATAN, KOTA.",14,GD.SSM BEKASI
2026-06-03T00:00:00,26JD01038419,26JD01038419,AEROX ALPHA,BIRU,CASH,0,25700000,25700000,"JAKARTA SELATAN, KOTA.",14,GD.SSM BEKASI
2026-06-03T00:00:00,26JD01038420,26JD01038420,AEROX ALPHA,BIRU,CASH,0,25700000,25700000,"JAKARTA SELATAN, KOTA.",6,GD.SSM BEKASI
2026-06-03T00:00:00,26JD01038421,26JD01038421,AEROX ALPHA,BIRU,CASH,0,25700000,25700000,"JAKARTA SELATAN, KOTA.",9,GD.SSM BEKASI
2026-06-03T00:00:00,26JD01038422,26JD01038422,AEROX ALPHA,BIRU,CASH,0,25700000,25700000,"JAKARTA SELATAN, KOTA.",9,GD.SSM BEKASI
2026-06-03T00:00:00,26JD01038501,26JD01038501,AEROX ALPHA,HITAM,CASH,0,25700000,25700000,"JAKARTA SELATAN, KOTA.",9,GD.SSM BEKASI
2026-06-03T00:00:00,26JD01038502,26JD01038502,AEROX ALPHA,HITAM,CASH,0,25700000,25700000,"JAKARTA SELATAN, KOTA.",9,GD.SSM BEKASI
2026-06-03T00:00:00,26JD01038503,26JD01038503,AEROX ALPHA,HITAM,CASH,0,25700000,25700000,"JAKARTA SELATAN, KOTA.",16,GD.SSM BEKASI
2026-06-03T00:00:00,26JD01038504,26JD01038504,AEROX ALPHA,HITAM,CASH,0,25700000,25700000,"JAKARTA SELATAN, KOTA.",16,GD.SSM BEKASI
2026-06-03T00:00:00,26JD01038505,26JD01038505,AEROX ALPHA,HITAM,CASH,0,25700000,25700000,"JAKARTA SELATAN, KOTA.",16,GD.SSM BEKASI
2026-06-03T00:00:00,26JD01038506,26JD01038506,AEROX ALPHA,HITAM,CASH,0,25700000,25700000,"JAKARTA SELATAN, KOTA.",9,GD.SSM BEKASI
2026-06-03T00:00:00,26JD01038507,26JD01038507,AEROX ALPHA,HITAM,CASH,0,25700000,25700000,"JAKARTA SELATAN, KOTA.",9,GD.SSM BEKASI
2026-06-03T00:00:00,26JD01038508,26JD01038508,AEROX ALPHA,HITAM,CASH,0,25700000,25700000,"JAKARTA SELATAN, KOTA.",9,GD.SSM BEKASI
2026-06-03T00:00:00,26JD01038509,26JD01038509,AEROX ALPHA,HITAM,CASH,0,25700000,25700000,"JAKARTA SELATAN, KOTA.",9,GD.SSM BEKASI
2026-06-03T00:00:00,26JD01038510,26JD01038510,AEROX ALPHA,HITAM,CASH,0,25700000,25700000,"JAKARTA SELATAN, KOTA.",9,GD.SSM BEKASI
2026-06-03T00:00:00,26JD01038511,26JD01038511,AEROX ALPHA,HITAM,CASH,0,25700000,25700000,"JAKARTA SELATAN, KOTA.",9,GD.SSM BEKASI
2026-06-03T00:00:00,26JD01038512,26JD01038512,AEROX ALPHA,HITAM,CASH,0,25700000,25700000,"JAKARTA SELATAN, KOTA.",9,GD.SSM BEKASI
2026-06-03T00:00:00,26JD01038513,26JD01038513,AEROX ALPHA,HITAM,CASH,0,25700000,25700000,"JAKARTA SELATAN, KOTA.",9,GD.SSM BEKASI
2026-06-03T00:00:00,26JD01038514,26JD01038514,AEROX ALPHA,HITAM,CASH,0,25700000,25700000,"JAKARTA SELATAN, KOTA.",9,GD.SSM BEKASI
2026-06-03T00:00:00,26JD01038515,26JD01038515,AEROX ALPHA,HITAM,CASH,0,25700000,25700000,"JAKARTA SELATAN, KOTA.",9,GD.SSM BEKASI
2026-06-03T00:00:00,26JD01038516,26JD01038516,AEROX ALPHA,HITAM,CASH,0,25700000,25700000,"JAKARTA SELATAN, KOTA.",9,GD.SSM BEKASI
2026-06-03T00:00:00,26JD01038517,26JD01038517,AEROX ALPHA,HITAM,CASH,0,25700000,25700000,"JAKARTA SELATAN, KOTA.",9,GD.SSM BEKASI
2026-06-03T00:00:00,26JD01038518,26JD01038518,AEROX ALPHA,HITAM,CASH,0,25700000,25700000,"JAKARTA SELATAN, KOTA.",16,GD.SSM BEKASI
2026-06-03T00:00:00,26JD01038519,26JD01038519,AEROX ALPHA,HITAM,CASH,0,25700000,25700000,"JAKARTA SELATAN, KOTA.",9,GD.SSM BEKASI
2026-06-03T00:00:00,26JD01038520,26JD01038520,AEROX ALPHA,BIRU,CASH,0,25700000,25700000,"JAKARTA SELATAN, KOTA.",13,GD.SSM BEKASI
2026-06-03T00:00:00,26JD01038521,26JD01038521,AEROX ALPHA,HITAM,CASH,0,25700000,25700000,"JAKARTA SELATAN, KOTA.",9,GD.SSM BEKASI
2026-06-03T00:00:00,26JD01038522,26JD01038522,AEROX ALPHA,BIRU,CASH,0,25700000,25700000,"JAKARTA SELATAN, KOTA.",9,GD.SSM BEKASI
2026-06-04T00:00:00,26FJK0101975,26SO01197101,GRAND FILANO HYBRID NEO,UNGU MUDA,BAF JAKARTA  2,20,1400000,28360000,"BEKASI, KOTA.",112,SSM MOTOR
2026-06-04T00:00:00,26FJK0101976,26SO01197201,FAZZIO HYBRID NEO,UNGU MUDA,BAF BHL,30,500000,24055000,"JAKARTA TIMUR, KOTA.",7,GD.SSM BEKASI
2026-06-04T00:00:00,26FJK0101977,26SO01197301,FAZZIO HYBRID NEO,UNGU MUDA,ADR KTPG,20,5800000,24255000,"JAKARTA SELATAN, KOTA.",7,GD.SSM BEKASI
2026-06-04T00:00:00,26FJK0101978,26SO01197401,FREEGO 125,PUTIH,BAF CMPK,33,1000000,22865000,BEKASI,10,SSM MOTOR
2026-06-04T00:00:00,26FJK0101979,26SO01197501,NMAX NEO S,PUTIH,ADIRA TBN,33,400000,35340000,BEKASI,10,SSM MOTOR
2026-06-04T00:00:00,26FJK0101980,26SO01197701,GRAND FILANO HYBRID NEO,UNGU MUDA,BAF BHL,29,600000,28760000,TANGERANG,120,GD.SSM BEKASI
2026-06-04T00:00:00,26FJK0101981,26SO01197901,G ULTIMA HYBRID,HITAM,BAF CMPK,32,300000,20450000,"BEKASI, KOTA.",24,SSM MOTOR
2026-06-04T00:00:00,26FJK0101982,26SO01197801,NMAX NEO S,HITAM,BAF BHL,29,1000000,35255000,"JAKARTA BARAT, Kota.",19,SSM MOTOR
2026-06-04T00:00:00,26FJK0101983,26SO01198001,NMAX NEO S,MERAH,BAF BHL,33,6600000,35255000,JAKARTA,24,SSM MOTOR
2026-06-04T00:00:00,26FJK0101984,26SO01198101,GRAND FILANO HYBRID NEO,ABU-ABU,BAF BHL,30,350000,28360000,"BEKASI, KOTA.",48,GD.SSM BEKASI
2026-06-04T00:00:00,26FJK0101985,26SO01198201,G ULTIMA HYBRID,HITAM,BAF JAKARTA  2,35,100000,20140000,JAKARTA,27,GD.SSM BEKASI
2026-06-04T00:00:00,26FJK0101986,26SO01198301,FAZZIO HYBRID NEO,UNGU MUDA,BAF BHL,30,0,24500000,BEKASI,2,GD.SSM BEKASI
2026-06-04T00:00:00,26FJK0101987,26SO01198401,FAZZIO HYBRID,ABU PINK,BAF DPK,32,500000,22670000,JAKARTA,141,GD.SSM BEKASI
2026-06-04T00:00:00,26FJK0101988,26SO01198501,AEROX ALPHA,MERAH,ADIRA CIPUTAT,35,300000,30400000,JAKARTA TIMUR,10,SSM MOTOR
2026-06-05T00:00:00,26FJK0101989,26SO01198601,GRAND FILANO HYBRID LUX,HITAM,ADIRA HI,30,5200000,29310000,"BEKASI, KAB.",20,GD.SSM BEKASI
2026-06-05T00:00:00,26FJK0101990,26SO01198901,NMAX NEO S,HITAM,CASH,0,34755000,35255000,JAKARTA TIMUR,6,SSM MOTOR
2026-06-05T00:00:00,26FJK0101991,26SO01199001,GRAND FILANO HYBRID NEO,UNGU MUDA,BAF DPK,20,1400000,28515000,JAKARTA TIMUR,120,GD.SSM BEKASI
2026-06-05T00:00:00,26FJK0101992,26SO01199101,G ULTIMA HYBRID SMART,HITAM,CASH,0,22735000,22985000,"BEKASI, KOTA.",8,GD.SSM BEKASI
2026-06-05T00:00:00,26FJK0101993,26SO01199201,GRAND FILANO HYBRID NEO,UNGU MUDA,CASH,0,27960000,28560000,KAB BEKASI,2,GD.SSM BEKASI
2026-06-05T00:00:00,26FJK0101994,26SO01199301,NMAX NEO S,HITAM,CASH,0,34840000,35340000,KOTA BEKASI,7,GD.SSM BEKASI
2026-06-05T00:00:00,26FJK0101995,26SO01199401,GRAND FILANO HYBRID LUX,HITAM,CASH,0,28545000,28995000,"JAKARTA TIMUR, KOTA.",20,SSM MOTOR
2026-06-05T00:00:00,26FJK0101996,26SO01199501,NMAX NEO S,HITAM,CASH,0,34805000,35255000,"JAKARTA BARAT, Kota.",7,GD.SSM BEKASI
2026-06-05T00:00:00,26FJK0101997,26SO01199601,FAZZIO HYBRID NEO,UNGU MUDA,BAF BHL,32,500000,24255000,"JAKARTA TIMUR, KOTA.",1,GD.SSM BEKASI
2026-06-05T00:00:00,26FJK0101998,26SO01199701,NMAX NEO SPC LIVERY,HITAM,BAF JAKARTA  2,35,200000,34665000,BEKASI,129,GD.SSM BEKASI
2026-06-05T00:00:00,26FJK0101999,26SO01199901,GRAND FILANO HYBRID NEO,PUTIH,BAF BHL,30,0,28560000,BEKASI,88,SSM MOTOR
2026-06-05T00:00:00,26FJK0102000,26SO01200001,FAZZIO HYBRID NEO,UNGU,BAF BHL,30,500000,24255000,"JAKARTA TIMUR, KOTA.",11,SSM MOTOR
2026-06-05T00:00:00,26FJK0102001,26SO01198801,AEROX ALPHA,MERAH,BAF DPK,30,300000,30400000,JAKARTA SELATAN,30,GD.SSM BEKASI
2026-06-05T00:00:00,26FJK0102002,26SO01200101,ALL NEW AEROX 155,MERAH,CASH,0,28680000,29080000,"JAKARTA PUSAT, KOTA.",2,SSM MOTOR
2026-06-05T00:00:00,26JD01038601,26JD01038601,MX KING 150,HITAM,CASH,0,26850000,26850000,"BEKASI, KAB.",16,GD.SSM BEKASI
2026-06-05T00:00:00,26JD01038602,26JD01038602,MX KING 150,HITAM,CASH,0,26850000,26850000,"BEKASI, KAB.",16,GD.SSM BEKASI
2026-06-05T00:00:00,26JD01038603,26JD01038603,MX KING 150,HITAM,CASH,0,26850000,26850000,"BEKASI, KAB.",16,GD.SSM BEKASI
2026-06-05T00:00:00,26JD01038604,26JD01038604,MX KING 150,HITAM,CASH,0,26850000,26850000,"BEKASI, KAB.",16,GD.SSM BEKASI
2026-06-05T00:00:00,26JD01038605,26JD01038605,MX KING 150,HITAM,CASH,0,26850000,26850000,"BEKASI, KAB.",16,GD.SSM BEKASI
2026-06-05T00:00:00,26JD01038606,26JD01038606,MX KING 150,HITAM,CASH,0,26850000,26850000,"BEKASI, KAB.",16,GD.SSM BEKASI
2026-06-05T00:00:00,26JD01038607,26JD01038607,MX KING 150,HITAM,CASH,0,26850000,26850000,"BEKASI, KAB.",16,GD.SSM BEKASI
2026-06-05T00:00:00,26JD01038608,26JD01038608,MX KING 150,HITAM,CASH,0,26850000,26850000,"BEKASI, KAB.",16,GD.SSM BEKASI
2026-06-05T00:00:00,26JD01038609,26JD01038609,MX KING 150,HITAM,CASH,0,26850000,26850000,"BEKASI, KAB.",16,GD.SSM BEKASI
2026-06-05T00:00:00,26JD01038610,26JD01038610,MX KING 150,HITAM,CASH,0,26850000,26850000,"BEKASI, KAB.",16,GD.SSM BEKASI
2026-06-05T00:00:00,26JD01038611,26JD01038611,MX KING 150,HITAM,CASH,0,26850000,26850000,"BEKASI, KAB.",16,GD.SSM BEKASI
2026-06-05T00:00:00,26JD01038612,26JD01038612,MX KING 150,HITAM,CASH,0,26850000,26850000,"BEKASI, KAB.",16,GD.SSM BEKASI
2026-06-05T00:00:00,26JD01038613,26JD01038613,MX KING 150,HITAM,CASH,0,26850000,26850000,"BEKASI, KAB.",16,GD.SSM BEKASI
2026-06-05T00:00:00,26JD01038614,26JD01038614,MX KING 150,HITAM,CASH,0,26850000,26850000,"BEKASI, KAB.",16,GD.SSM BEKASI
2026-06-05T00:00:00,26JD01038615,26JD01038615,MX KING 150,HITAM,CASH,0,26850000,26850000,"BEKASI, KAB.",16,GD.SSM BEKASI
2026-06-05T00:00:00,26JD01038616,26JD01038616,MX KING 150,HITAM,CASH,0,26850000,26850000,"BEKASI, KAB.",16,GD.SSM BEKASI
2026-06-05T00:00:00,26JD01038617,26JD01038617,MX KING 150,HITAM,CASH,0,26850000,26850000,"BEKASI, KAB.",16,GD.SSM BEKASI
2026-06-05T00:00:00,26JD01038618,26JD01038618,MX KING 150,HITAM,CASH,0,26850000,26850000,"BEKASI, KAB.",16,GD.SSM BEKASI
2026-06-05T00:00:00,26JD01038619,26JD01038619,MX KING 150,HITAM,CASH,0,26850000,26850000,"BEKASI, KAB.",16,GD.SSM BEKASI
2026-06-05T00:00:00,26JD01038620,26JD01038620,MX KING 150,HITAM,CASH,0,26850000,26850000,"BEKASI, KAB.",16,GD.SSM BEKASI
2026-06-05T00:00:00,26JD01038621,26JD01038621,MX KING 150,HITAM,CASH,0,26850000,26850000,"BEKASI, KAB.",16,GD.SSM BEKASI
2026-06-05T00:00:00,26JD01038622,26JD01038622,MX KING 150,HITAM,CASH,0,26850000,26850000,"BEKASI, KAB.",16,GD.SSM BEKASI
2026-06-05T00:00:00,26JD01038623,26JD01038623,MX KING 150,HITAM,CASH,0,26850000,26850000,"BEKASI, KAB.",16,GD.SSM BEKASI
2026-06-05T00:00:00,26JD01038624,26JD01038624,MX KING 150,HITAM,CASH,0,26850000,26850000,"BEKASI, KAB.",16,GD.SSM BEKASI
2026-06-05T00:00:00,26JD01038625,26JD01038625,MX KING 150,HITAM,CASH,0,26850000,26850000,"BEKASI, KAB.",16,GD.SSM BEKASI
2026-06-05T00:00:00,26JD01038701,26JD01038701,MX KING 150,HITAM,CASH,0,26850000,26850000,"BEKASI, KAB.",10,GD.SSM BEKASI
2026-06-05T00:00:00,26JD01038702,26JD01038702,MX KING 150,HITAM,CASH,0,26850000,26850000,"BEKASI, KAB.",10,GD.SSM BEKASI
2026-06-05T00:00:00,26JD01038703,26JD01038703,MX KING 70TH LIVERY,PUTIH MERAH,CASH,0,26850000,26850000,"BEKASI, KAB.",44,GD.SSM BEKASI
2026-06-06T00:00:00,26FJK0102003,26SO01200201,ALL NEW AEROX 155,HITAM,ADIRA DMGT,30,650000,29080000,"JAKARTA BARAT, Kota.",19,GD.SSM BEKASI
2026-06-06T00:00:00,26FJK0102004,26SO01200301,FAZZIO HYBRID LUX,HIJAU,CASH,0,24750000,25200000,"BEKASI, KOTA.",0,GD.SSM BEKASI
2026-06-06T00:00:00,26FJK0102005,26SO01200401,G ULTIMA HYBRID SMART,HITAM,ADR KTPG,35,1000000,22685000,"JAKARTA BARAT, Kota.",9,GD.SSM BEKASI
2026-06-06T00:00:00,26FJK0102006,26SO01200501,FAZZIO HYBRID NEO,HIJAU MUDA,BAF BHL,20,1000000,24500000,"BEKASI, KOTA.",9,GD.SSM BEKASI
2026-06-06T00:00:00,26FJK0102007,26SO01200601,FAZZIO HYBRID NEO,UNGU,CASH,0,23800000,24500000,"BEKASI, KOTA.",28,GD.SSM BEKASI
2026-06-06T00:00:00,26FJK0102008,26SO01201001,GRAND FILANO HYBRID NEO,UNGU MUDA,BAF BHL,32,100000,28515000,"JAKARTA TIMUR, KOTA.",3,GD.SSM BEKASI
2026-06-06T00:00:00,26FJK0102009,26SO01200701,NMAX NEO S,BIRU,ADIRA DMGT,30,400000,35255000,JAKARTA,11,GD.SSM BEKASI
2026-06-06T00:00:00,26FJK0102010,26SO01200801,FAZZIO HYBRID NEO,UNGU MUDA,ADR KTPG,17,8700000,24255000,"JAKARTA UTARA, KOTA.",2,GD.SSM BEKASI
2026-06-06T00:00:00,26FJK0102011,26SO01200901,NMAX NEO S,BIRU,BAF CIKUPA,30,5400000,35365000,"TANGERANG, KAB.",11,GD.SSM BEKASI
2026-06-06T00:00:00,26FJK0102012,26SO01201101,AEROX ALPHA CYBERCITY ABS,UNGU,CASH,0,34040000,34490000,"JAKARTA UTARA, KOTA.",18,SSM MOTOR
2026-06-06T00:00:00,26FJK0102013,26SO01187601,NMAX NEO,BIRU,BAF CKR,23,3400000,34340000,KAB BEKASI,1,GD.SSM BEKASI
2026-06-06T00:00:00,26FJK0102014,26SO01201201,ALL NEW AEROX 155,HITAM,ADIRA KLPG,30,500000,29080000,"JAKARTA PUSAT, KOTA.",19,GD.SSM BEKASI
2026-06-06T00:00:00,26FJK0102015,26SO01201401,FAZZIO STARRY NIGHT,PERAK MUDA,BAF BHL,20,800000,25250000,"JAKARTA TIMUR, KOTA.",53,GD.SSM BEKASI
2026-06-06T00:00:00,26FJK0102016,26SO01201501,AEROX ALPHA,HITAM,CASH,0,30070000,30520000,"BEKASI, KAB.",1,SSM MOTOR
2026-06-06T00:00:00,26FJK0102017,26SO01201601,NMAX NEO S,HITAM,BAF BHL,30,1200000,35255000,"JAKARTA SELATAN, KOTA.",8,GD.SSM BEKASI
2026-06-06T00:00:00,26JD01038801,26JD01038801,ALL NEW AEROX 155,HITAM,CASH,0,22469130,22469130,"JAKARTA TIMUR, KOTA.",19,GD.SSM BEKASI
2026-06-07T00:00:00,26FJK0102018,26SO01201801,AEROX ALPHA,BIRU,ADIRA BKS,30,1000000,30520000,"BEKASI, KOTA.",2,SSM MOTOR
2026-06-07T00:00:00,26FJK0102019,26SO01202001,NMAX NEO S,HITAM,ADR KTPG,17,2100000,35255000,"JAKARTA UTARA, KOTA.",9,GD.SSM BEKASI
2026-06-07T00:00:00,26FJK0102020,26SO01201701,FAZZIO HYBRID NEO,UNGU MUDA,BAF DPK,20,1000000,24255000,BEKASI,3,GD.SSM BEKASI
2026-06-07T00:00:00,26FJK0102021,26SO01201901,FAZZIO HYBRID,ABU PINK,ADIRA KLPG,32,0,22670000,JAKARTA,20,GD.SSM BEKASI
2026-06-07T00:00:00,26FJK0102022,26SO01202101,ALL NEW XSR 155,HITAM,CASH,0,40020000,40020000,BEKASI,50,GD.SSM BEKASI
2026-06-07T00:00:00,26JD01038901,26JD01038901,XMAX TECH MAX,ABU-ABU,CASH,0,70000000,70000000,"JAKARTA UTARA, KOTA.",10,GD.SSM BEKASI
2026-06-07T00:00:00,26JD01039001,26JD01039001,GEAR 125,HIJAU,CASH,0,16700000,16700000,"JAKARTA SELATAN, KOTA.",15,GD.SSM BEKASI
2026-06-07T00:00:00,26JD01039002,26JD01039002,GEAR 125,HIJAU,CASH,0,16700000,16700000,"JAKARTA SELATAN, KOTA.",13,SSM MOTOR
2026-06-07T00:00:00,26JD01039003,26JD01039003,GEAR 125,BIRU,CASH,0,16700000,16700000,"JAKARTA SELATAN, KOTA.",3,GD.SSM BEKASI
2026-06-07T00:00:00,26JD01039004,26JD01039004,GEAR 125,BIRU,CASH,0,16700000,16700000,"JAKARTA SELATAN, KOTA.",10,GD.SSM BEKASI
2026-06-07T00:00:00,26JD01039101,26JD01039101,GEAR 125,HIJAU PERAK,CASH,0,16700000,16700000,"JAKARTA SELATAN, KOTA.",13,GD.SSM BEKASI
2026-06-07T00:00:00,26JD01039102,26JD01039102,GEAR 125,HIJAU PERAK,CASH,0,16700000,16700000,"JAKARTA SELATAN, KOTA.",4,GD.SSM BEKASI
2026-06-07T00:00:00,26JD01039103,26JD01039103,GEAR 125,HIJAU PERAK,CASH,0,16700000,16700000,"JAKARTA SELATAN, KOTA.",4,GD.SSM BEKASI
2026-06-07T00:00:00,26JD01039104,26JD01039104,GEAR 125,HIJAU PERAK,CASH,0,16700000,16700000,"JAKARTA SELATAN, KOTA.",4,GD.SSM BEKASI
2026-06-07T00:00:00,26JD01039105,26JD01039105,GEAR 125,HIJAU PERAK,CASH,0,16700000,16700000,"JAKARTA SELATAN, KOTA.",4,GD.SSM BEKASI
2026-06-07T00:00:00,26JD01039201,26JD01039201,GEAR 125,HITAM,CASH,0,16700000,16700000,"JAKARTA SELATAN, KOTA.",2,SSM MOTOR
2026-06-07T00:00:00,26JD01039202,26JD01039202,GEAR 125,HITAM,CASH,0,16700000,16700000,"JAKARTA SELATAN, KOTA.",3,GD.SSM BEKASI
2026-06-07T00:00:00,26JD01039203,26JD01039203,GEAR 125,HITAM,CASH,0,16700000,16700000,"JAKARTA SELATAN, KOTA.",8,GD.SSM BEKASI
2026-06-07T00:00:00,26JD01039204,26JD01039204,GEAR 125,HITAM,CASH,0,16700000,16700000,"JAKARTA SELATAN, KOTA.",13,SSM MOTOR
2026-06-07T00:00:00,26JD01039205,26JD01039205,GEAR 125,HITAM,CASH,0,16700000,16700000,"JAKARTA SELATAN, KOTA.",13,GD.SSM BEKASI
2026-06-07T00:00:00,26JD01039301,26JD01039301,GEAR 125,MERAH,CASH,0,16700000,16700000,"JAKARTA SELATAN, KOTA.",13,GD.SSM BEKASI
2026-06-07T00:00:00,26JD01039302,26JD01039302,GEAR 125,MERAH,CASH,0,16700000,16700000,"JAKARTA SELATAN, KOTA.",4,GD.SSM BEKASI
2026-06-07T00:00:00,26JD01039303,26JD01039303,GEAR 125,MERAH,CASH,0,16700000,16700000,"JAKARTA SELATAN, KOTA.",4,GD.SSM BEKASI
2026-06-07T00:00:00,26JD01039401,26JD01039401,GEAR 125,HITAM,CASH,0,16700000,16700000,"JAKARTA SELATAN, KOTA.",22,GD.SSM BEKASI
2026-06-07T00:00:00,26JD01039402,26JD01039402,GEAR 125,HITAM,CASH,0,16700000,16700000,"JAKARTA SELATAN, KOTA.",22,SSM MOTOR
2026-06-07T00:00:00,26JD01039403,26JD01039403,GEAR 125,HITAM,CASH,0,16700000,16700000,"JAKARTA SELATAN, KOTA.",13,GD.SSM BEKASI
2026-06-08T00:00:00,26FJK0102023,26SO01202201,FAZZIO HYBRID NEO,PUTIH,CASH,0,24050000,24500000,BEKASI,28,GD.SSM BEKASI
2026-06-08T00:00:00,26FJK0102024,26SO01202301,NMAX NEO S,BIRU,ADIRA BKS,35,1800000,35340000,BEKASI,20,GD.SSM BEKASI
2026-06-08T00:00:00,26FJK0102025,26SO01202401,G ULTIMA HYBRID SOLID,ABU-ABU,CASH,0,20670000,20870000,"BEKASI, KOTA.",33,GD.SSM BEKASI
2026-06-08T00:00:00,26FJK0102026,26SO01202501,AEROX ALPHA,MERAH,BAF DPK,29,800000,30520000,"BEKASI, KOTA.",33,GD.SSM BEKASI
2026-06-08T00:00:00,26FJK0102027,26SO01202601,G ULTIMA HYBRID,HITAM,BAF BHL,32,300000,20140000,JAKARTA,20,GD.SSM BEKASI
2026-06-08T00:00:00,26FJK0102028,26SO01202701,FAZZIO HYBRID,ABU PINK,ADIRA BKS,23,500000,22945000,"BEKASI, KOTA.",21,GD.SSM BEKASI
2026-06-08T00:00:00,26FJK0102029,26SO01202801,AEROX ALPHA CYBERCITY,BIRU,ADIRA BKS,17,2400000,31070000,"BEKASI, KOTA.",28,SSM MOTOR
2026-06-08T00:00:00,26FJK0102030,26SO01202901,FAZZIO HYBRID NEO,HIJAU MUDA,ADIRA BKS,32,0,24500000,"BEKASI, KOTA.",11,GD.SSM BEKASI
2026-06-08T00:00:00,26FJK0102031,26SO01203001,AEROX ALPHA CYBERCITY ABS,UNGU,BAF TGR,21,2000000,34490000,JAKARTA BARAT,16,GD.SSM BEKASI
2026-06-08T00:00:00,26FJK0102032,26SO01203101,LEXI LX 155 CONNECTED,HIJAU,BAF BHL,35,600000,28020000,"DEPOK, KOTA.",10,GD.SSM BEKASI
2026-06-08T00:00:00,26FJK0102033,26SO01203201,AEROX ALPHA,MERAH,BAF BHL,35,1000000,30520000,"BEKASI, KOTA.",33,GD.SSM BEKASI
2026-06-08T00:00:00,26FJK0102034,26SO01203301,NMAX NEO S,HITAM,BAF DPK,30,5400000,35340000,DEPOK,27,SSM MOTOR
2026-06-08T00:00:00,26FJK0102035,26SO01203501,LEXI LX 155 CONNECTED,HITAM,BAF CMPK,30,1650000,27550000,JAKARTA,0,GD.SSM BEKASI
2026-06-08T00:00:00,26FJK0102036,26SO01203601,NMAX NEO S,HITAM,ADIRA TBN,35,900000,35340000,KOTA BEKASI,11,GD.SSM BEKASI
2026-06-08T00:00:00,26FJK0102037,26SO01203401,AEROX ALPHA,HITAM,ADIRA BKS,23,1900000,30520000,BEKASI,2,GD.SSM BEKASI
2026-06-08T00:00:00,26FJK0102038,26SO01203701,AEROX ALPHA -TURBO-,PERAK,BAF JAKARTA  2,29,1700000,39750000,"JAKARTA SELATAN, KOTA.",9,GD.SSM BEKASI
2026-06-08T00:00:00,26FJK0102039,26SO01203801,ALL NEW AEROX 155,HITAM,BAF CKR,30,800000,29130000,"BEKASI, KAB.",21,GD.SSM BEKASI
2026-06-08T00:00:00,26FJK0102040,26SO01203901,FAZZIO HYBRID,KUNING,BAF BHL,32,600000,23045000,TANGERANG SELATAN,35,GD.SSM BEKASI
2026-06-08T00:00:00,26FJK0102041,26SO01204101,LEXI LX 155 S CONNECTED,PERAK,BAF BHL,35,700000,29900000,BEKASI,33,GD.SSM BEKASI
2026-06-08T00:00:00,26FJK0102042,26SO01204201,NMAX NEO S,BIRU,BAF JAKARTA  2,35,300000,35340000,BEKASI,24,GD.SSM BEKASI
2026-06-08T00:00:00,26FJK0102043,26SO01204401,FAZZIO HYBRID NEO,UNGU MUDA,BAF CMPK,32,500000,24255000,"JAKARTA TIMUR, KOTA.",4,GD.SSM BEKASI
2026-06-08T00:00:00,26FJK0102044,26SO01204501,GRAND FILANO HYBRID NEO,UNGU MUDA,BAF CKR,30,350000,28560000,"BEKASI, KAB.",5,GD.SSM BEKASI
2026-06-08T00:00:00,26FJK0102045,26SO01204601,NMAX NEO S,PUTIH,ADIRA TBN,35,900000,35340000,BEKASI,18,SSM MOTOR
2026-06-08T00:00:00,26FJK0102046,26SO01204701,FAZZIO HYBRID NEO,HIJAU MUDA,BAF JAKARTA  2,20,500000,24500000,"BEKASI, KOTA.",4,GD.SSM BEKASI
2026-06-08T00:00:00,26FJK0102047,26SO01204801,FAZZIO HYBRID,KUNING,BAF TGR,20,600000,23045000,"TANGERANG, KOTA.",20,GD.SSM BEKASI
2026-06-08T00:00:00,26FJK0102048,26SO01204901,ALL NEW XSR 155,COKLAT,CASH,0,38815000,39765000,"JAKARTA PUSAT, KOTA.",226,SSM MOTOR
2026-06-08T00:00:00,26FJK0102049,26SO01205001,AEROX ALPHA CYBERCITY,BIRU,BAF CMPK,21,1700000,31070000,BEKASI,31,GD.SSM BEKASI
2026-06-08T00:00:00,26JD01039501,26JD01039501,ALL NEW XSR 155,HITAM,CASH,0,32262018,32262018,"JAKARTA BARAT, Kota.",51,GD.SSM BEKASI
2026-06-08T00:00:00,26JD01039502,26JD01039502,FAZZIO HYBRID,KUNING,CASH,0,17347110,17347110,"JAKARTA BARAT, Kota.",35,GD.SSM BEKASI
2026-06-08T00:00:00,26JD01039503,26JD01039503,NMAX NEO S,BIRU,CASH,0,28238896,28238896,"JAKARTA BARAT, Kota.",13,GD.SSM BEKASI
2026-06-08T00:00:00,26JD01039601,26JD01039601,MIO M3 CW,PUTIH,CASH,0,16000000,16000000,"JAKARTA TIMUR, KOTA.",19,GD.SSM BEKASI
2026-06-08T00:00:00,26JD01039602,26JD01039602,MIO M3 CW,PUTIH,CASH,0,16000000,16000000,"JAKARTA TIMUR, KOTA.",19,GD.SSM BEKASI
2026-06-08T00:00:00,26JD01039603,26JD01039603,MIO M3 CW,HITAM,CASH,0,16000000,16000000,"JAKARTA TIMUR, KOTA.",19,GD.SSM BEKASI
2026-06-08T00:00:00,26JD01039604,26JD01039604,MIO M3 CW,HITAM,CASH,0,16000000,16000000,"JAKARTA TIMUR, KOTA.",19,GD.SSM BEKASI
2026-06-08T00:00:00,26JD01039605,26JD01039605,MIO M3 CW,HITAM,CASH,0,16000000,16000000,"JAKARTA TIMUR, KOTA.",19,GD.SSM BEKASI
2026-06-08T00:00:00,26JD01039606,26JD01039606,MIO M3 CW,HITAM,CASH,0,16000000,16000000,"JAKARTA TIMUR, KOTA.",19,GD.SSM BEKASI
2026-06-08T00:00:00,26JD01039607,26JD01039607,MIO M3 CW,HITAM,CASH,0,16000000,16000000,"JAKARTA TIMUR, KOTA.",19,GD.SSM BEKASI
2026-06-09T00:00:00,26FJK0102050,26SO01205101,NMAX NEO S,HITAM,ADIRA TBN,35,300000,35340000,KAB BEKASI,11,GD.SSM BEKASI
2026-06-09T00:00:00,26FJK0102051,26SO01205501,NMAX -TURBO- TECH MAX,ABU-ABU,CASH,0,46215000,46715000,"BEKASI, KOTA.",19,GD.SSM BEKASI
2026-06-09T00:00:00,26FJK0102052,26SO01205301,G ULTIMA HYBRID SMART,BIRU,CASH,0,22585000,22985000,"BEKASI, KOTA.",19,GD.SSM BEKASI
2026-06-09T00:00:00,26FJK0102053,26SO01205401,G ULTIMA HYBRID,HITAM,CASH,0,20200000,20450000,"BEKASI, KAB.",29,SSM MOTOR
2026-06-09T00:00:00,26FJK0102054,26SO01205601,FAZZIO STARRY NIGHT,PERAK MUDA,BAF CKR,32,0,25505000,BEKASI,71,GD.SSM BEKASI
2026-06-09T00:00:00,26FJK0102055,26SO01204301,LEXI LX 155 CONNECTED,HITAM,BAF CKR,35,500000,28020000,"BEKASI, KOTA.",0,GD.SSM BEKASI
2026-06-09T00:00:00,26FJK0102056,26SO01205201,GRAND FILANO HYBRID NEO,ABU-ABU,BAF CKR,32,0,28560000,KOTA BEKASI,35,GD.SSM BEKASI
2026-06-09T00:00:00,26FJK0102057,26SO01205701,GRAND FILANO HYBRID NEO,ABU-ABU,BAF JAKARTA  2,32,600000,28560000,"BEKASI, KOTA.",35,GD.SSM BEKASI
2026-06-09T00:00:00,26FJK0102058,26SO01205901,NMAX NEO S,HITAM,ADR KTPG,30,900000,35255000,"JAKARTA UTARA, KOTA.",11,GD.SSM BEKASI
2026-06-09T00:00:00,26FJK0102060,26SO01205801,NMAX NEO S,HITAM,BAF BHL,35,650000,35340000,BEKASI,11,GD.SSM BEKASI
2026-06-09T00:00:00,26FJK0102061,26SO01206001,FAZZIO HYBRID,HITAM MERAH,BAF BHL,30,0,22670000,JAKARTA,43,GD.SSM BEKASI
2026-06-09T00:00:00,26FJK0102063,26SO01206301,NMAX -TURBO- TECH MAX,PERAK,BAF CKR,35,1300000,44715000,BEKASI,59,GD.SSM BEKASI
2026-06-09T00:00:00,26FJK0102064,26SO01206601,MIO M3 CW,HITAM,CASH,0,18960000,18960000,"BEKASI, KOTA.",4,GD.SSM BEKASI
2026-06-09T00:00:00,26JD01039701,26JD01039701,MX KING 150 CYBERCITY,BIRU,CASH,0,26850000,26850000,"BEKASI, KAB.",3,GD.SSM BEKASI
2026-06-09T00:00:00,26JD01039702,26JD01039702,MX KING 150,PERAK,CASH,0,26850000,26850000,"BEKASI, KAB.",5,GD.SSM BEKASI
2026-06-09T00:00:00,26JD01039801,26JD01039801,XMAX C,HITAM,CASH,0,56833986,56833986,INDONESIA,35,GD.SSM BEKASI
2026-06-09T00:00:00,26JD01039901,26JD01039901,AEROX ALPHA,HITAM,CASH,0,23968466,23968466,"JAKARTA BARAT, Kota.",3,GD.SSM BEKASI
2026-06-09T00:00:00,26JD01040019,26JD01040019,MIO M3 CW,PUTIH,CASH,0,16000000,16000000,"JAKARTA TIMUR, KOTA.",20,GD.SSM BEKASI
2026-06-09T00:00:00,26JD01040020,26JD01040020,MIO M3 CW,PUTIH,CASH,0,16000000,16000000,"JAKARTA TIMUR, KOTA.",20,GD.SSM BEKASI
2026-06-09T00:00:00,26JD01040021,26JD01040021,MIO M3 CW,PUTIH,CASH,0,16000000,16000000,"JAKARTA TIMUR, KOTA.",20,GD.SSM BEKASI
2026-06-09T00:00:00,26JD01040022,26JD01040022,MIO M3 CW,PUTIH,CASH,0,16000000,16000000,"JAKARTA TIMUR, KOTA.",20,GD.SSM BEKASI
2026-06-09T00:00:00,26JD01040023,26JD01040023,MIO M3 CW,PUTIH,CASH,0,16000000,16000000,"JAKARTA TIMUR, KOTA.",20,GD.SSM BEKASI
2026-06-09T00:00:00,26JD01040024,26JD01040024,MIO M3 CW,PUTIH,CASH,0,16000000,16000000,"JAKARTA TIMUR, KOTA.",20,GD.SSM BEKASI
2026-06-09T00:00:00,26JD01040025,26JD01040025,MIO M3 CW,PUTIH,CASH,0,16000000,16000000,"JAKARTA TIMUR, KOTA.",20,GD.SSM BEKASI
2026-06-10T00:00:00,26FJK0102065,26SO01206401,GRAND FILANO HYBRID NEO,HIJAU,BAF JAKARTA  2,30,100000,28560000,BEKASI,23,GD.SSM BEKASI
2026-06-10T00:00:00,26FJK0102066,26SO01206701,NMAX NEO S,HITAM,CASH,0,34805000,35255000,JAKARTA,4,GD.SSM BEKASI
2026-06-10T00:00:00,26FJK0102067,26SO01207101,FAZZIO HYBRID,ABU PINK,ADR PCRN,32,0,22670000,"JAKARTA BARAT, Kota.",23,GD.SSM BEKASI
2026-06-10T00:00:00,26FJK0102068,26SO01207201,G ULTIMA HYBRID,HITAM,BAF DPK,35,800000,20140000,JAKARTA TIMUR,30,GD.SSM BEKASI
2026-06-10T00:00:00,26FJK0102069,26SO01207401,G ULTIMA HYBRID,HITAM,BAF TGR,35,800000,20450000,TANGERANG SELATAN,30,GD.SSM BEKASI
2026-06-10T00:00:00,26FJK0102070,26SO01207301,FAZZIO HYBRID,ABU PINK,BAF JAKARTA  2,32,500000,22945000,"BEKASI, KOTA.",23,GD.SSM BEKASI
2026-06-10T00:00:00,26FJK0102071,26SO01207001,GRAND FILANO HYBRID LUX,PERAK MUDA,ADIRA TBN,23,1250000,29310000,BEKASI,13,SSM MOTOR
2026-06-10T00:00:00,26FJK0102072,26SO01206901,GRAND FILANO HYBRID NEO,UNGU MUDA,BAF JAKARTA  2,32,600000,28515000,BEKASI,5,SSM MOTOR
2026-06-10T00:00:00,26FJK0102073,26SO01197601,XMAX SPC LIVERY,HITAM,ADIRA BGR,17,13700000,70815000,KAB BOGOR,2,GD.SSM BEKASI
2026-06-10T00:00:00,26FJK0102074,26SO01207501,NMAX NEO S,PUTIH,BAF JAKARTA  2,30,900000,35255000,"JAKARTA BARAT, Kota.",29,SSM MOTOR
2026-06-10T00:00:00,26FJK0102075,26SO01207601,FREEGO 125 C,PERAK,BAF CKR,33,550000,25315000,"BEKASI, KAB.",29,GD.SSM BEKASI
2026-06-10T00:00:00,26FJK0102076,26SO01207701,GRAND FILANO HYBRID LUX,HITAM,BAF CMPK,30,450000,29310000,BEKASI,25,GD.SSM BEKASI
2026-06-10T00:00:00,26FJK0102077,26SO01207801,AEROX ALPHA,HITAM,ADIRA DMGT,35,400000,30400000,"JAKARTA BARAT, Kota.",1,GD.SSM BEKASI
2026-06-10T00:00:00,26FJK0102078,26SO01207901,NMAX NEO,HITAM,BAF JAKARTA  2,30,600000,34265000,JAKARTA TIMUR,13,GD.SSM BEKASI
2026-06-10T00:00:00,26FJK0102079,26SO01206801,GRAND FILANO HYBRID NEO,UNGU MUDA,BAF CMPK,32,600000,28560000,BEKASI,105,GD.SSM BEKASI
2026-06-10T00:00:00,26FJK0102081,26SO01208201,NMAX NEO S,MERAH,BAF JAKARTA  2,35,900000,35340000,BEKASI,4,GD.SSM BEKASI
2026-06-10T00:00:00,26FJK0102082,26SO01208301,NMAX NEO S,HITAM,BAF CMPK,17,4950000,35340000,"BEKASI, KOTA.",4,GD.SSM BEKASI
2026-06-10T00:00:00,26FJK0102083,26SO01208601,AEROX ALPHA CYBERCITY ABS,UNGU,BAF BGR,29,1600000,34490000,JAKARTA,18,GD.SSM BEKASI
2026-06-10T00:00:00,26FJK0102084,26SO01208701,GRAND FILANO HYBRID NEO,ABU-ABU,BAF CKR,17,2200000,28560000,KAB BEKASI,36,GD.SSM BEKASI
2026-06-10T00:00:00,26FJK0102085,26SO01208801,FAZZIO HYBRID,HITAM,BAF BHL,32,500000,22670000,JAKARTA,142,GD.SSM BEKASI
2026-06-10T00:00:00,26FJK0102086,26SO01209101,FAZZIO HYBRID,BIRU PUTIH,BAF DPK,30,500000,22670000,"JAKARTA TIMUR, KOTA.",47,GD.SSM BEKASI
2026-06-10T00:00:00,26FJK0102087,26SO01208501,FAZZIO HYBRID,ABU PINK,BAF JAKARTA  2,17,5600000,22945000,"BEKASI, KOTA.",23,GD.SSM BEKASI
2026-06-10T00:00:00,26FJK0102088,26SO01209001,GRAND FILANO HYBRID LUX,HITAM,BAF BHL,30,0,28995000,JAKARTA,16,GD.SSM BEKASI
2026-06-10T00:00:00,26FJK0102089,26SO01209201,G ULTIMA HYBRID,HITAM,BAF JAKARTA  2,23,1300000,20140000,"JAKARTA TIMUR, KOTA.",29,SSM MOTOR
2026-06-10T00:00:00,26FJK0102091,26SO01209401,GRAND FILANO HYBRID NEO,UNGU MUDA,BAF DPK,17,1400000,28560000,DEPOK,37,SSM MOTOR
2026-06-10T00:00:00,26FJK0102092,26SO01209301,NMAX NEO S,HITAM,BAF DPK,30,400000,35255000,JAKARTA,25,SSM MOTOR
2026-06-10T00:00:00,26FJK0102093,26SO01209501,MIO M3 CW,MERAH,CASH,0,14765000,14765000,"BEKASI, KOTA.",1,SSM MOTOR
2026-06-10T00:00:00,26FJK0102094,26SO01209502,MIO M3 CW,PERAK HIJAU,CASH,0,14765000,14765000,"BEKASI, KOTA.",4,GD.SSM BEKASI
2026-06-10T00:00:00,26FJK0102095,26SO01209601,AEROX ALPHA CYBERCITY ABS,UNGU,CASH,0,34160000,34610000,"BEKASI, KAB.",18,GD.SSM BEKASI
2026-06-10T00:00:00,26JD01040101,26JD01040101,AEROX ALPHA,HITAM,CASH,0,25700000,25700000,"JAKARTA SELATAN, KOTA.",1,SSM MOTOR
2026-06-10T00:00:00,26JD01040102,26JD01040102,AEROX ALPHA,HITAM,CASH,0,25700000,25700000,"JAKARTA SELATAN, KOTA.",1,GD.SSM BEKASI
2026-06-10T00:00:00,26JD01040103,26JD01040103,AEROX ALPHA,HITAM,CASH,0,25700000,25700000,"JAKARTA SELATAN, KOTA.",1,GD.SSM BEKASI
2026-06-10T00:00:00,26JD01040104,26JD01040104,AEROX ALPHA,HITAM,CASH,0,25700000,25700000,"JAKARTA SELATAN, KOTA.",1,GD.SSM BEKASI
2026-06-10T00:00:00,26JD01040105,26JD01040105,AEROX ALPHA,HITAM,CASH,0,25700000,25700000,"JAKARTA SELATAN, KOTA.",1,GD.SSM BEKASI
2026-06-10T00:00:00,26JD01040106,26JD01040106,AEROX ALPHA,HITAM,CASH,0,25700000,25700000,"JAKARTA SELATAN, KOTA.",1,GD.SSM BEKASI
2026-06-10T00:00:00,26JD01040107,26JD01040107,AEROX ALPHA,HITAM,CASH,0,25700000,25700000,"JAKARTA SELATAN, KOTA.",1,GD.SSM BEKASI
2026-06-10T00:00:00,26JD01040108,26JD01040108,AEROX ALPHA,HITAM,CASH,0,25700000,25700000,"JAKARTA SELATAN, KOTA.",1,GD.SSM BEKASI
2026-06-10T00:00:00,26JD01040109,26JD01040109,AEROX ALPHA,HITAM,CASH,0,25700000,25700000,"JAKARTA SELATAN, KOTA.",1,GD.SSM BEKASI
2026-06-10T00:00:00,26JD01040110,26JD01040110,AEROX ALPHA,HITAM,CASH,0,25700000,25700000,"JAKARTA SELATAN, KOTA.",1,GD.SSM BEKASI
2026-06-10T00:00:00,26JD01040111,26JD01040111,AEROX ALPHA,HITAM,CASH,0,25700000,25700000,"JAKARTA SELATAN, KOTA.",1,SSM MOTOR
2026-06-10T00:00:00,26JD01040112,26JD01040112,AEROX ALPHA,HITAM,CASH,0,25700000,25700000,"JAKARTA SELATAN, KOTA.",1,GD.SSM BEKASI
2026-06-10T00:00:00,26JD01040113,26JD01040113,GEAR 125,HITAM,CASH,0,16700000,16700000,"JAKARTA SELATAN, KOTA.",2,SSM MOTOR
2026-06-10T00:00:00,26JD01040114,26JD01040114,GEAR 125,HITAM,CASH,0,16700000,16700000,"JAKARTA SELATAN, KOTA.",1,GD.SSM BEKASI
2026-06-10T00:00:00,26JD01040115,26JD01040115,GEAR 125,HITAM,CASH,0,16700000,16700000,"JAKARTA SELATAN, KOTA.",1,GD.SSM BEKASI
2026-06-10T00:00:00,26JD01040116,26JD01040116,GEAR 125,HITAM,CASH,0,16700000,16700000,"JAKARTA SELATAN, KOTA.",1,GD.SSM BEKASI
2026-06-10T00:00:00,26JD01040117,26JD01040117,GEAR 125,BIRU,CASH,0,16700000,16700000,"JAKARTA SELATAN, KOTA.",2,GD.SSM BEKASI
2026-06-10T00:00:00,26JD01040118,26JD01040118,GEAR 125,HITAM,CASH,0,16700000,16700000,"JAKARTA SELATAN, KOTA.",2,GD.SSM BEKASI
2026-06-10T00:00:00,26JD01040119,26JD01040119,GEAR 125,HITAM,CASH,0,16700000,16700000,"JAKARTA SELATAN, KOTA.",2,GD.SSM BEKASI
2026-06-10T00:00:00,26JD01040120,26JD01040120,GEAR 125,MERAH,CASH,0,16700000,16700000,"JAKARTA SELATAN, KOTA.",1,GD.SSM BEKASI
2026-06-10T00:00:00,26JD01040121,26JD01040121,GEAR 125,MERAH,CASH,0,16700000,16700000,"JAKARTA SELATAN, KOTA.",1,GD.SSM BEKASI
2026-06-10T00:00:00,26JD01040122,26JD01040122,GEAR 125,HIJAU,CASH,0,16700000,16700000,"JAKARTA SELATAN, KOTA.",4,SSM MOTOR
2026-06-11T00:00:00,26FJK0102097,26SO01209801,GRAND FILANO HYBRID LUX,PERAK MUDA,BAF JAKARTA  2,30,2900000,29310000,"BEKASI, KOTA.",2,GD.SSM BEKASI
2026-06-11T00:00:00,26FJK0102098,26SO01209901,AEROX ALPHA,HITAM,BAF JAKARTA  2,30,400000,30400000,"JAKARTA TIMUR, KOTA.",2,GD.SSM BEKASI
2026-06-11T00:00:00,26FJK0102099,26SO01210101,FAZZIO HYBRID NEO,PUTIH,ADIRA BKS,33,9900000,24500000,"BEKASI, KOTA.",29,GD.SSM BEKASI
2026-06-11T00:00:00,26FJK0102100,26SO01210001,FAZZIO HYBRID NEO,UNGU MUDA,BAF CMPK,32,0,24500000,BEKASI,2,GD.SSM BEKASI
2026-06-11T00:00:00,26FJK0102101,26SO01210401,GRAND FILANO HYBRID NEO,UNGU MUDA,ADIRA BKS,20,900000,28560000,"BEKASI, KOTA.",126,GD.SSM BEKASI
2026-06-11T00:00:00,26FJK0102102,26SO01210301,GRAND FILANO HYBRID LUX,HITAM,BAF JAKARTA  2,30,0,28995000,JAKARTA TIMUR,17,GD.SSM BEKASI
2026-06-11T00:00:00,26FJK0102103,26SO01208101,NMAX NEO,BIRU,BAF BHL,26,2700000,34265000,"JAKARTA SELATAN, KOTA.",6,GD.SSM BEKASI
2026-06-11T00:00:00,26FJK0102104,26SO01208901,NMAX NEO S,PUTIH,BAF BHL,32,300000,35255000,JAKARTA,6,GD.SSM BEKASI
2026-06-11T00:00:00,26FJK0102105,26SO01209701,NMAX NEO,HITAM,BAF CMPK,17,1900000,34340000,JAKARTA,12,GD.SSM BEKASI
2026-06-11T00:00:00,26FJK0102106,26SO01210201,NMAX NEO,HITAM,BAF BGR,30,300000,34365000,TANGERANG,13,GD.SSM BEKASI
2026-06-11T00:00:00,26FJK0102107,26SO01210501,FAZZIO HYBRID NEO,PUTIH,BAF CMPK,30,250000,24255000,JAKARTA,29,GD.SSM BEKASI
2026-06-11T00:00:00,26FJK0102108,26SO01210601,FAZZIO HYBRID LUX,ABU-ABU TUA,BAF CKR,26,2300000,25200000,"BEKASI, KAB.",12,GD.SSM BEKASI
2026-06-11T00:00:00,26FJK0102109,26SO01210701,G ULTIMA HYBRID,HITAM,BAF JAKARTA  2,35,300000,20140000,"JAKARTA TIMUR, KOTA.",2,GD.SSM BEKASI
2026-06-11T00:00:00,26FJK0102110,26SO01210801,NMAX NEO S,PUTIH,BAF BHL,33,2000000,35255000,"JAKARTA TIMUR, KOTA.",6,GD.SSM BEKASI
2026-06-11T00:00:00,26FJK0102111,26SO01210901,NMAX NEO S,HITAM,BAF BHL,30,2000000,35255000,"JAKARTA SELATAN, KOTA.",6,GD.SSM BEKASI
2026-06-11T00:00:00,26FJK0102112,26SO01211301,NMAX NEO S,HITAM,BAF BHL,21,1500000,35255000,"JAKARTA SELATAN, KOTA.",6,GD.SSM BEKASI
2026-06-11T00:00:00,26FJK0102113,26SO01211001,GRAND FILANO HYBRID NEO,ABU-ABU,CASH,0,28000000,28560000,"BEKASI, KAB.",55,GD.SSM BEKASI
2026-06-11T00:00:00,26FJK0102114,26SO01211101,GRAND FILANO HYBRID LUX,PERAK MUDA,BAF BHL,30,0,28995000,JAKARTA,2,GD.SSM BEKASI
2026-06-11T00:00:00,26FJK0102115,26SO01211201,G ULTIMA HYBRID SMART,BIRU,BAF JAKARTA  2,35,300000,22685000,JAKARTA,21,GD.SSM BEKASI
2026-06-11T00:00:00,26FJK0102116,26SO01211501,MIO M3 CW,HITAM,CASH,0,18960000,18960000,"BEKASI, KOTA.",5,GD.SSM BEKASI
2026-06-11T00:00:00,26FJK0102117,26SO01211502,MIO M3 CW,PERAK HIJAU,CASH,0,18960000,18960000,"BEKASI, KOTA.",5,SSM MOTOR
2026-06-11T00:00:00,26FJK0102118,26SO01211503,MIO M3 CW,HITAM,CASH,0,18960000,18960000,"BEKASI, KOTA.",5,GD.SSM BEKASI
2026-06-11T00:00:00,26FJK0102119,26SO01211504,MIO M3 CW,PERAK HIJAU,CASH,0,18960000,18960000,"BEKASI, KOTA.",5,GD.SSM BEKASI
2026-06-11T00:00:00,26FJK0102120,26SO01211505,MIO M3 CW,HITAM,CASH,0,18960000,18960000,"BEKASI, KOTA.",6,GD.SSM BEKASI
2026-06-11T00:00:00,26FJK0102121,26SO01211601,GRAND FILANO HYBRID NEO,UNGU MUDA,CASH,0,27965000,28515000,"JAKARTA TIMUR, KOTA.",1,GD.SSM BEKASI
2026-06-11T00:00:00,26JD01040201,26JD01040201,NMAX -TURBO-,ABU-ABU,CASH,0,31740655,31740655,"JAKARTA BARAT, Kota.",7,GD.SSM BEKASI
2026-06-11T00:00:00,26JD01040202,26JD01040202,NMAX -TURBO-,ABU-ABU,CASH,0,31740655,31740655,"JAKARTA BARAT, Kota.",1,GD.SSM BEKASI
2026-06-11T00:00:00,26JD01040203,26JD01040203,NMAX -TURBO-,ABU-ABU,CASH,0,31740655,31740655,"JAKARTA BARAT, Kota.",1,GD.SSM BEKASI
2026-06-12T00:00:00,26FJK0102122,26SO01211801,FAZZIO HYBRID NEO,PUTIH,BAF CKR,30,250000,24675000,"TANGERANG, KOTA.",50,GD.SSM BEKASI
2026-06-12T00:00:00,26FJK0102123,26SO01211701,AEROX ALPHA,HITAM,BAF BHL,30,400000,30400000,JAKARTA,6,GD.SSM BEKASI
2026-06-12T00:00:00,26FJK0102124,26SO01211901,XMAX C,BIRU,BAF BHL,23,6000000,69515000,BEKASI,15,GD.SSM BEKASI
2026-06-12T00:00:00,26FJK0102125,26SO01212001,NMAX NEO S,HITAM,ADIRA DMGT,23,12000000,35255000,"JAKARTA BARAT, Kota.",7,GD.SSM BEKASI
2026-06-12T00:00:00,26FJK0102126,26SO01212101,NMAX NEO S,HITAM,OTO KDY,35,2100000,35255000,"JAKARTA BARAT, Kota.",59,GD.SSM BEKASI
2026-06-12T00:00:00,26FJK0102127,26SO01212201,FAZZIO HYBRID LUX,ABU-ABU TUA,BAF TGR,32,600000,25400000,TANGERANG SELATAN,13,GD.SSM BEKASI
2026-06-12T00:00:00,26FJK0102128,26SO01212401,GRAND FILANO HYBRID NEO,HIJAU,BAF BHL,30,100000,28515000,JAKARTA,6,GD.SSM BEKASI
2026-06-12T00:00:00,26FJK0102129,26SO01212301,FAZZIO HYBRID,ABU PINK,BAF JAKARTA  2,32,0,22945000,BEKASI,149,GD.SSM BEKASI
2026-06-12T00:00:00,26FJK0102130,26SO01212501,NMAX NEO S,HITAM,ADIRA BKS,17,3000000,35340000,BEKASI,13,SSM MOTOR
2026-06-12T00:00:00,26FJK0102131,26SO01212601,NMAX -TURBO- TECH MAX,ABU-ABU,BAF BHL,35,1800000,44715000,"BEKASI, KOTA.",45,GD.SSM BEKASI
2026-06-12T00:00:00,26FJK0102132,26SO01212801,NMAX NEO S,BIRU,ADIRA  ALAM SUTRA TANGERANG,30,900000,35365000,BEKASI,17,GD.SSM BEKASI
2026-06-12T00:00:00,26JD01040301,26JD01040301,AEROX ALPHA,HITAM,CASH,0,25700000,25700000,"JAKARTA SELATAN, KOTA.",3,GD.SSM BEKASI
2026-06-12T00:00:00,26JD01040302,26JD01040302,AEROX ALPHA,HITAM,CASH,0,25700000,25700000,"JAKARTA SELATAN, KOTA.",3,GD.SSM BEKASI
2026-06-12T00:00:00,26JD01040303,26JD01040303,AEROX ALPHA,HITAM,CASH,0,25700000,25700000,"JAKARTA SELATAN, KOTA.",3,GD.SSM BEKASI
2026-06-12T00:00:00,26JD01040304,26JD01040304,AEROX ALPHA,HITAM,CASH,0,25700000,25700000,"JAKARTA SELATAN, KOTA.",3,GD.SSM BEKASI
2026-06-12T00:00:00,26JD01040305,26JD01040305,AEROX ALPHA,HITAM,CASH,0,25700000,25700000,"JAKARTA SELATAN, KOTA.",6,GD.SSM BEKASI
2026-06-12T00:00:00,26JD01040306,26JD01040306,AEROX ALPHA,HITAM,CASH,0,25700000,25700000,"JAKARTA SELATAN, KOTA.",6,GD.SSM BEKASI
2026-06-12T00:00:00,26JD01040307,26JD01040307,AEROX ALPHA,HITAM,CASH,0,25700000,25700000,"JAKARTA SELATAN, KOTA.",6,GD.SSM BEKASI
2026-06-12T00:00:00,26JD01040308,26JD01040308,AEROX ALPHA,HITAM,CASH,0,25700000,25700000,"JAKARTA SELATAN, KOTA.",3,SSM MOTOR
2026-06-12T00:00:00,26JD01040309,26JD01040309,AEROX ALPHA,HITAM,CASH,0,25700000,25700000,"JAKARTA SELATAN, KOTA.",3,GD.SSM BEKASI
2026-06-12T00:00:00,26JD01040310,26JD01040310,AEROX ALPHA,HITAM,CASH,0,25700000,25700000,"JAKARTA SELATAN, KOTA.",4,SSM MOTOR
2026-06-13T00:00:00,26FJK0102133,26SO01213001,FREEGO 125,HITAM,ADIRA TBN,23,1100000,23355000,BEKASI,29,GD.SSM BEKASI
2026-06-13T00:00:00,26FJK0102134,26SO01213401,FAZZIO HYBRID NEO,HIJAU MUDA,BAF CKR,30,1900000,24500000,"BEKASI, KOTA.",16,GD.SSM BEKASI
2026-06-13T00:00:00,26FJK0102135,26SO01213101,GRAND FILANO HYBRID NEO,HIJAU,ADIRA CKRG,32,700000,28560000,KAB BEKASI,7,GD.SSM BEKASI
2026-06-13T00:00:00,26FJK0102136,26SO01213901,ALL NEW XSR 155,HITAM,CASH,0,40020000,40020000,"BEKASI, KOTA.",53,GD.SSM BEKASI
2026-06-13T00:00:00,26FJK0102137,26SO01212701,FAZZIO HYBRID,ABU PINK,BAF DPK,30,0,22670000,JAKARTA SELATAN,150,GD.SSM BEKASI
2026-06-13T00:00:00,26FJK0102138,26SO01213801,FAZZIO HYBRID NEO,HIJAU MUDA,ADIRA TBN,32,3050000,24500000,BEKASI,4,GD.SSM BEKASI
2026-06-13T00:00:00,26FJK0102139,26SO01214001,NMAX NEO S,BIRU,CASH,0,34655000,35255000,"JAKARTA UTARA, KOTA.",15,SSM MOTOR
2026-06-13T00:00:00,26FJK0102140,26SO01213301,NMAX NEO S,HITAM,MUF KLPG,21,2100000,35340000,BEKASI,5,SSM MOTOR
2026-06-13T00:00:00,26FJK0102141,26SO01213701,NMAX NEO S,HITAM,BAF DPK,30,650000,35255000,JAKARTA,8,GD.SSM BEKASI
2026-06-13T00:00:00,26FJK0102142,26SO01214101,NMAX NEO,HITAM,BAF BHL,35,800000,34340000,"BEKASI, KOTA.",15,GD.SSM BEKASI
2026-06-13T00:00:00,26FJK0102143,26SO01214201,GRAND FILANO HYBRID LUX,PERAK MUDA,BAF JAKARTA  2,30,450000,29310000,BEKASI,4,GD.SSM BEKASI
2026-06-13T00:00:00,26FJK0102144,26SO01213201,GRAND FILANO HYBRID NEO,ABU-ABU,BAF CMPK,30,600000,28560000,BEKASI,60,SSM MOTOR
2026-06-13T00:00:00,26FJK0102145,26SO01213601,XMAX TECH MAX,ABU-ABU,ADIRA CIPUTAT,11,21500000,76910000,JAKARTA TIMUR,16,GD.SSM BEKASI
2026-06-13T00:00:00,26FJK0102146,26SO01214601,NMAX NEO S,HITAM,BAF JAKARTA  2,35,900000,35340000,"BEKASI, KOTA.",91,SSM MOTOR
2026-06-13T00:00:00,26FJK0102147,26SO01214701,NMAX NEO S,PUTIH,BAF BHL,30,900000,35255000,"JAKARTA UTARA, KOTA.",5,SSM MOTOR
2026-06-13T00:00:00,26FJK0102148,26SO01215001,GRAND FILANO HYBRID NEO,PUTIH,ADIRA DMGT,35,100000,28515000,"JAKARTA BARAT, Kota.",96,GD.SSM BEKASI
2026-06-13T00:00:00,26FJK0102149,26SO01215101,NMAX NEO S,HITAM,ADIRA CLDK,33,400000,35365000,TANGERANG,8,GD.SSM BEKASI
2026-06-13T00:00:00,26FJK0102150,26SO01214901,FAZZIO HYBRID,ABU PINK,BAF BHL,30,500000,22670000,JAKARTA SELATAN,144,GD.SSM BEKASI
2026-06-13T00:00:00,26FJK0102151,26SO01215201,FAZZIO HYBRID NEO,UNGU MUDA,BAF BHL,26,1250000,24255000,JAKARTA TIMUR,4,GD.SSM BEKASI
2026-06-13T00:00:00,26FJK0102152,26SO01214401,XMAX TECH MAX,ABU-ABU,CASH,0,76310000,76910000,"JAKARTA UTARA, KOTA.",16,GD.SSM BEKASI
2026-06-13T00:00:00,26JD01040401,26JD01040401,XMAX C,HITAM,CASH,0,60000000,60000000,"TANGERANG, KAB.",47,GD.SSM BEKASI
2026-06-13T00:00:00,26JD01040402,26JD01040402,XMAX C,HITAM,CASH,0,60000000,60000000,"TANGERANG, KAB.",46,GD.SSM BEKASI
2026-06-13T00:00:00,26JD01040403,26JD01040403,XMAX C,HITAM,CASH,0,60000000,60000000,"TANGERANG, KAB.",46,GD.SSM BEKASI
2026-06-13T00:00:00,26JD01040404,26JD01040404,XMAX C,HITAM,CASH,0,60000000,60000000,"TANGERANG, KAB.",46,GD.SSM BEKASI
2026-06-13T00:00:00,26JD01040501,26JD01040501,XMAX C,HITAM,CASH,0,60000000,60000000,"TANGERANG, KAB.",39,SSM MOTOR
2026-06-13T00:00:00,26JD01040502,26JD01040502,XMAX C,PERAK,CASH,0,60000000,60000000,"TANGERANG, KAB.",47,GD.SSM BEKASI
2026-06-13T00:00:00,26JD01040503,26JD01040503,XMAX C,HITAM,CASH,0,60000000,60000000,"TANGERANG, KAB.",1,GD.SSM BEKASI
2026-06-13T00:00:00,26JD01040504,26JD01040504,XMAX C,PERAK,CASH,0,60000000,60000000,"TANGERANG, KAB.",47,GD.SSM BEKASI
2026-06-13T00:00:00,26JD01040601,26JD01040601,XMAX C,PERAK,CASH,0,60000000,60000000,"TANGERANG, KAB.",39,GD.SSM BEKASI
2026-06-13T00:00:00,26JD01040602,26JD01040602,XMAX C,ABU-ABU,CASH,0,60000000,60000000,"TANGERANG, KAB.",44,GD.SSM BEKASI
2026-06-13T00:00:00,26JD01040701,26JD01040701,NMAX NEO SPC LIVERY,HITAM,CASH,0,27644868,27644868,"JAKARTA BARAT, Kota.",19,GD.SSM BEKASI
2026-06-13T00:00:00,26JD01040801,26JD01040801,MX KING 150,HITAM,CASH,0,22743074,22743074,"JAKARTA BARAT, Kota.",4,GD.SSM BEKASI
2026-06-14T00:00:00,26FJK0102153,26SO01215401,FAZZIO HYBRID,ABU PINK,BAF CKR,32,1700000,22945000,"BEKASI, KAB.",67,SSM MOTOR
2026-06-14T00:00:00,26FJK0102154,26SO01215501,GRAND FILANO HYBRID NEO,PUTIH,CASH,0,27915000,28515000,"JAKARTA BARAT, Kota.",97,GD.SSM BEKASI
2026-06-14T00:00:00,26FJK0102155,26SO01215301,FAZZIO HYBRID LUX,ABU-ABU TUA,BAF CKR,30,700000,24945000,"JAKARTA UTARA, KOTA.",15,GD.SSM BEKASI
2026-06-14T00:00:00,26FJK0102156,26SO01215601,GRAND FILANO HYBRID NEO,ABU-ABU,CASH,0,27960000,28560000,"BEKASI, KAB.",58,GD.SSM BEKASI
2026-06-14T00:00:00,26FJK0102157,26SO01215701,GRAND FILANO HYBRID LUX,HITAM,CASH,0,28395000,28995000,JAKARTA SELATAN,20,GD.SSM BEKASI
2026-06-15T00:00:00,26FJK0102158,26SO01215801,GRAND FILANO HYBRID LUX,HITAM,BAF CKR,30,700000,29310000,BEKASI,30,GD.SSM BEKASI
2026-06-15T00:00:00,26FJK0102159,26SO01215901,GRAND FILANO HYBRID NEO,PUTIH,CASH,0,27915000,28515000,"JAKARTA TIMUR, KOTA.",59,GD.SSM BEKASI
2026-06-15T00:00:00,26FJK0102160,26SO01212901,GRAND FILANO HYBRID NEO,UNGU MUDA,CASH,0,28060000,28560000,BEKASI,3,GD.SSM BEKASI
2026-06-15T00:00:00,26FJK0102161,26SO01214301,GRAND FILANO HYBRID NEO,UNGU MUDA,BAF BHL,32,0,28515000,JAKARTA TIMUR,3,GD.SSM BEKASI
2026-06-15T00:00:00,26FJK0102162,26SO01216001,FAZZIO HYBRID NEO,HIJAU MUDA,ADR KTPG,32,500000,24255000,"JAKARTA SELATAN, KOTA.",6,GD.SSM BEKASI
2026-06-15T00:00:00,26FJK0102163,26SO01216101,AEROX ALPHA,MERAH,ADIRA HI,23,3500000,30650000,"BOGOR, KAB.",6,GD.SSM BEKASI
2026-06-15T00:00:00,26FJK0102164,26SO01216301,ALL NEW XSR 155,COKLAT,BAF BHL,17,2100000,40020000,"DEPOK, KOTA.",236,GD.SSM BEKASI
2026-06-15T00:00:00,26FJK0102165,26SO01216401,G ULTIMA HYBRID SOLID,COKLAT,CASH,0,20620000,20870000,BEKASI,56,GD.SSM BEKASI
2026-06-15T00:00:00,26FJK0102166,26SO01216201,FAZZIO HYBRID NEO,UNGU MUDA,BAF BHL,30,500000,24255000,"JAKARTA BARAT, Kota.",6,GD.SSM BEKASI
2026-06-15T00:00:00,26FJK0102167,26SO01213501,AEROX ALPHA,HITAM,ADIRA TBN,35,1000000,30520000,"BEKASI, KAB.",3,GD.SSM BEKASI
2026-06-15T00:00:00,26FJK0102168,26SO01216601,FAZZIO HYBRID,ABU PINK,BAF DPK,30,0,23045000,TANGGERANG SELATAN,161,SSM MOTOR
2026-06-15T00:00:00,26FJK0102169,26SO01216701,G ULTIMA HYBRID,HITAM,BAF CKR,23,1600000,20450000,KABUPATEN BEKASI,6,GD.SSM BEKASI
2026-06-15T00:00:00,26FJK0102170,26SO01217001,AEROX ALPHA,MERAH,ADIRA DMGT,23,1100000,30400000,JAKARTA,4,GD.SSM BEKASI
2026-06-15T00:00:00,26FJK0102171,26SO01216501,LEXI LX 155 S CONNECTED,COKLAT,BAF DPK,23,1400000,29900000,DEPOK,25,GD.SSM BEKASI
2026-06-15T00:00:00,26FJK0102172,26SO01216801,NMAX NEO,HITAM,BAF TGR,30,700000,34365000,TANGERANG SELATAN,17,GD.SSM BEKASI
2026-06-15T00:00:00,26FJK0102173,26SO01217701,FAZZIO HYBRID,KUNING,CASH,0,22545000,22945000,"BEKASI, KOTA.",6,SSM MOTOR
2026-06-15T00:00:00,26FJK0102174,26SO01217101,NMAX NEO S,HITAM,BAF CKR,30,6200000,35255000,"JAKARTA TIMUR, KOTA.",3,GD.SSM BEKASI
2026-06-15T00:00:00,26FJK0102175,26SO01217201,NMAX NEO S,HITAM,BAF BHL,33,300000,35255000,"JAKARTA SELATAN, KOTA.",3,GD.SSM BEKASI
2026-06-15T00:00:00,26FJK0102176,26SO01217301,FAZZIO HYBRID NEO,PUTIH,BAF BHL,32,500000,24255000,JAKARTA,40,GD.SSM BEKASI
2026-06-15T00:00:00,26FJK0102177,26SO01217501,G ULTIMA HYBRID,HITAM,BAF CKR,35,0,20450000,BEKASI,6,GD.SSM BEKASI
2026-06-15T00:00:00,26FJK0102178,26SO01217601,GRAND FILANO HYBRID NEO,HIJAU,BAF BHL,11,1900000,28515000,JAKARTA,28,GD.SSM BEKASI
2026-06-15T00:00:00,26FJK0102179,26SO01217401,LEXI LX 155 S CONNECTED,COKLAT,BAF JAKARTA  2,35,0,29900000,BEKASI,25,GD.SSM BEKASI
2026-06-15T00:00:00,26FJK0102180,26SO01217801,FAZZIO HYBRID NEO,UNGU MUDA,BAF BHL,30,500000,24500000,DEPOK,6,GD.SSM BEKASI
2026-06-15T00:00:00,26FJK0102181,26SO01216901,AEROX ALPHA,BIRU,BAF BHL,30,1000000,30400000,"JAKARTA SELATAN, KOTA.",6,SSM MOTOR
2026-06-15T00:00:00,26FJK0102182,26SO01217901,G ULTIMA HYBRID,PUTIH,BAF JAKARTA  2,35,300000,20140000,"JAKARTA PUSAT, KOTA.",26,GD.SSM BEKASI
2026-06-15T00:00:00,26FJK0102183,26SO01218001,G ULTIMA HYBRID SMART,BIRU,BAF DPK,35,1000000,22985000,"BEKASI, KOTA.",25,GD.SSM BEKASI
2026-06-15T00:00:00,26JD01040901,26JD01040901,GRAND FILANO HYBRID NEO,PUTIH,CASH,0,22668514,22668514,"JAKARTA BARAT, Kota.",59,GD.SSM BEKASI
2026-06-15T00:00:00,26JD01040902,26JD01040902,AEROX ALPHA CYBERCITY ABS,PUTIH,CASH,0,27635506,27635506,"JAKARTA BARAT, Kota.",41,SSM MOTOR
2026-06-15T00:00:00,26JD01041001,26JD01041001,G ULTIMA HYBRID SOLID,COKLAT,CASH,0,17200000,17200000,"JAKARTA TIMUR, KOTA.",5,GD.SSM BEKASI
2026-06-15T00:00:00,26JD01041002,26JD01041002,G ULTIMA HYBRID SOLID,COKLAT,CASH,0,17200000,17200000,"JAKARTA TIMUR, KOTA.",3,GD.SSM BEKASI
2026-06-15T00:00:00,26JD01041003,26JD01041003,G ULTIMA HYBRID SOLID,COKLAT,CASH,0,17200000,17200000,"JAKARTA TIMUR, KOTA.",3,GD.SSM BEKASI
2026-06-15T00:00:00,26JD01041004,26JD01041004,G ULTIMA HYBRID SOLID,COKLAT,CASH,0,17200000,17200000,"JAKARTA TIMUR, KOTA.",3,SSM MOTOR
2026-06-17T00:00:00,26FJK0102184,26SO01214801,AEROX ALPHA,HITAM,BAF CIKUPA,30,900000,30550000,"TANGERANG, KAB.",2,GD.SSM BEKASI
2026-06-17T00:00:00,26FJK0102185,26SO01218101,G ULTIMA HYBRID SMART,HITAM,CASH,0,22585000,22985000,"BEKASI, KOTA.",20,GD.SSM BEKASI
2026-06-17T00:00:00,26FJK0102186,26SO01218501,NMAX NEO S,BIRU,CASH,0,34805000,35255000,"JAKARTA UTARA, KOTA.",33,GD.SSM BEKASI
2026-06-17T00:00:00,26FJK0102187,26SO01218401,G ULTIMA HYBRID SOLID,ABU-ABU,BAF CKR,35,200000,20870000,KAB BEKASI,56,GD.SSM BEKASI
2026-06-17T00:00:00,26FJK0102188,26SO01218201,XMAX C,HITAM,CASH,0,59875000,59875000,"TANGERANG, KAB.",2,GD.SSM BEKASI
2026-06-17T00:00:00,26FJK0102189,26SO01218301,AEROX ALPHA CYBERCITY ABS,PUTIH,ADIRA KLPG,30,4200000,34490000,JAKARTA,23,GD.SSM BEKASI
2026-06-17T00:00:00,26FJK0102190,26SO01218601,GRAND FILANO HYBRID LUX,HITAM,ADIRA BKS,11,9300000,29310000,"BEKASI, KAB.",2,GD.SSM BEKASI
2026-06-17T00:00:00,26FJK0102191,26SO01218701,GRAND FILANO HYBRID NEO,UNGU MUDA,BAF BHL,20,3500000,28515000,"JAKARTA TIMUR, KOTA.",14,GD.SSM BEKASI
2026-06-17T00:00:00,26FJK0102192,26SO01218801,AEROX ALPHA,BIRU,BAF JAKARTA  2,30,1000000,30520000,"BEKASI, KOTA.",2,GD.SSM BEKASI
2026-06-17T00:00:00,26FJK0102193,26SO01218901,G ULTIMA HYBRID S,ABU-ABU TUA,BAF BHL,35,2000000,21950000,KOTA BEKASI,121,GD.SSM BEKASI
2026-06-17T00:00:00,26FJK0102194,26SO01219001,NMAX NEO,HITAM,ADIRA BKS,35,300000,34340000,BEKASI,2,GD.SSM BEKASI
2026-06-17T00:00:00,26FJK0102195,26SO01219101,FAZZIO HYBRID,ABU PINK,BAF BHL,20,2200000,22670000,JAKARTA,163,SSM MOTOR
2026-06-17T00:00:00,26FJK0102196,26SO01219201,FAZZIO HYBRID,KUNING,BAF BHL,30,0,22670000,JAKARTA,44,GD.SSM BEKASI
2026-06-17T00:00:00,26FJK0102197,26SO01219301,NMAX NEO S,HITAM,BAF BHL,33,300000,35255000,JAKARTA,5,GD.SSM BEKASI
2026-06-17T00:00:00,26FJK0102198,26SO01219401,NMAX NEO S,BIRU,ADIRA DMGT,35,3000000,35255000,"JAKARTA BARAT, Kota.",29,GD.SSM BEKASI
2026-06-17T00:00:00,26FJK0102199,26SO01219501,G ULTIMA HYBRID SOLID,COKLAT,ADIRA HI,11,1500000,20870000,"BEKASI, KOTA.",72,GD.SSM BEKASI
2026-06-17T00:00:00,26FJK0102200,26SO01214501,XMAX TECH MAX,ABU-ABU,ADIRA DMGT,23,15600000,76910000,JAKARTA,2,SSM MOTOR
2026-06-17T00:00:00,26JD01041101,26JD01041101,NMAX NEO S SPC LIVERY,HITAM,CASH,0,28594756,28594756,"JAKARTA BARAT, Kota.",18,GD.SSM BEKASI
2026-06-17T00:00:00,26JD01041201,26JD01041201,FAZZIO HYBRID NEO,HIJAU MUDA,CASH,0,18824269,18824269,"JAKARTA BARAT, Kota.",13,GD.SSM BEKASI
2026-06-18T00:00:00,26FJK0102201,26SO01220102,MIO M3 CW,HITAM,CASH,0,15065000,14765000,"BEKASI, KOTA.",9,GD.SSM BEKASI
2026-06-18T00:00:00,26FJK0102202,26SO01220103,MIO M3 CW,PERAK HIJAU,CASH,0,15065000,14765000,"BEKASI, KOTA.",9,GD.SSM BEKASI
2026-06-18T00:00:00,26FJK0102203,26SO01220101,AEROX ALPHA,BIRU,CASH,0,25193000,25643000,"BEKASI, KOTA.",3,GD.SSM BEKASI
2026-06-18T00:00:00,26FJK0102204,26SO01219601,FAZZIO STARRY NIGHT,PERAK MUDA,ADIRA PDGD,32,600000,25505000,BEKASI,80,GD.SSM BEKASI
2026-06-18T00:00:00,26FJK0102205,26SO01219701,G ULTIMA HYBRID,HITAM,BAF BHL,32,1100000,20450000,BEKASI,3,GD.SSM BEKASI
2026-06-18T00:00:00,26FJK0102206,26SO01219901,FAZZIO HYBRID NEO,UNGU MUDA,BAF JAKARTA  2,17,1700000,24500000,"BEKASI, KOTA.",14,GD.SSM BEKASI
2026-06-18T00:00:00,26FJK0102208,26SO01219801,ALL NEW AEROX 155,HITAM,CASH,0,28500000,29130000,"BEKASI, KOTA.",31,GD.SSM BEKASI
2026-06-18T00:00:00,26FJK0102209,26SO01220001,G ULTIMA HYBRID SMART,HITAM,CASH,0,22085000,22685000,"JAKARTA UTARA, KOTA.",21,GD.SSM BEKASI
2026-06-18T00:00:00,26FJK0102210,26SO01220301,FAZZIO STARRY NIGHT,PERAK MUDA,CASH,0,24650000,25250000,"JAKARTA PUSAT, KOTA.",80,SSM MOTOR
2026-06-18T00:00:00,26FJK0102211,26SO01220401,NMAX NEO S SPC LIVERY,HITAM,CASH,0,35290000,35890000,"BOGOR, KOTA.",3,GD.SSM BEKASI
2026-06-18T00:00:00,26FJK0102212,26SO01220501,FAZZIO HYBRID NEO,PUTIH,CASH,0,24000000,24500000,BEKASI,38,GD.SSM BEKASI
2026-06-18T00:00:00,26FJK0102213,26SO01220601,G ULTIMA HYBRID,HITAM,BAF DPK,35,100000,20140000,JAKARTA TIMUR,3,GD.SSM BEKASI
2026-06-18T00:00:00,26FJK0102214,26SO01220801,GRAND FILANO HYBRID NEO,UNGU MUDA,BAF BHL,30,600000,28515000,"JAKARTA PUSAT, KOTA.",6,GD.SSM BEKASI
2026-06-18T00:00:00,26FJK0102215,26SO01220901,GRAND FILANO HYBRID NEO,PUTIH,BAF BHL,30,600000,28515000,"JAKARTA PUSAT, KOTA.",101,GD.SSM BEKASI
2026-06-18T00:00:00,26FJK0102216,26SO01221001,G ULTIMA HYBRID SOLID,COKLAT,BAF JAKARTA  2,35,100000,20560000,"JAKARTA TIMUR, KOTA.",71,SSM MOTOR
2026-06-18T00:00:00,26FJK0102217,26SO01221101,FAZZIO HYBRID NEO,UNGU MUDA,BAF BHL,30,0,24500000,BEKASI,9,GD.SSM BEKASI
2026-06-18T00:00:00,26FJK0102218,26SO01221201,NMAX -TURBO-,ABU-ABU,BAF BHL,35,1300000,39210000,BEKASI,14,GD.SSM BEKASI
2026-06-18T00:00:00,26FJK0102219,26SO01221301,G ULTIMA HYBRID,HITAM,BAF JAKARTA  2,35,100000,20450000,BEKASI,9,GD.SSM BEKASI
2026-06-19T00:00:00,26FJK0102220,26SO01220701,LEXI LX 155 CONNECTED,HITAM,ADIRA DMGT,35,600000,28220000,"TANGERANG, KOTA.",1,GD.SSM BEKASI
2026-06-19T00:00:00,26FJK0102221,26SO01221401,NMAX NEO S,BIRU,BAF BHL,26,1100000,35255000,JAKARTA,24,GD.SSM BEKASI
2026-06-19T00:00:00,26FJK0102222,26SO01221501,XMAX C,ABU-ABU,BAF CKR,17,6100000,70310000,"BEKASI, KAB.",25,SSM MOTOR
2026-06-19T00:00:00,26FJK0102223,26SO01221601,FAZZIO HYBRID NEO,HIJAU MUDA,MUF KLGDG,35,250000,24500000,BEKASI,22,GD.SSM BEKASI
2026-06-19T00:00:00,26FJK0102224,26SO01221701,FAZZIO HYBRID NEO,UNGU MUDA,CASH,0,24050000,24500000,BEKASI,1,GD.SSM BEKASI
2026-06-19T00:00:00,26FJK0102226,26SO01222001,FAZZIO HYBRID,ABU PINK,ADIRA DMGT,20,1100000,22670000,JAKARTA,1,GD.SSM BEKASI
2026-06-19T00:00:00,26FJK0102227,26SO01222101,NMAX NEO S,BIRU,BAF TGR,30,900000,35365000,TANGERANG,31,SSM MOTOR
2026-06-19T00:00:00,26FJK0102228,26SO01222202,NMAX -TURBO-,HITAM,CASH,0,36510000,39210000,BEKASI,681,GD.SSM BEKASI
2026-06-19T00:00:00,26FJK0102229,26SO01222301,GRAND FILANO HYBRID NEO,ABU-ABU,BAF BHL,32,600000,28515000,BEKASI,34,SSM MOTOR
2026-06-19T00:00:00,26FJK0102230,26SO01222501,GRAND FILANO HYBRID NEO,UNGU MUDA,BAF BHL,30,600000,28515000,JAKARTA,7,GD.SSM BEKASI
2026-06-19T00:00:00,26FJK0102231,26SO01222601,ALL NEW AEROX 155,HITAM,BAF CKR,33,750000,29130000,BEKASI,1,GD.SSM BEKASI
2026-06-19T00:00:00,26FJK0102232,26SO01222701,NMAX NEO S,HITAM,BAF BHL,30,900000,35255000,BEKASI,1,GD.SSM BEKASI
2026-06-19T00:00:00,26FJK0102233,26SO01222801,GRAND FILANO HYBRID LUX,HITAM,ADIRA HI,32,700000,29310000,"BEKASI, KAB.",4,GD.SSM BEKASI
2026-06-19T00:00:00,26FJK0102234,26SO01222901,NMAX NEO,HITAM,BAF BHL,30,300000,34265000,"JAKARTA BARAT, Kota.",4,GD.SSM BEKASI
2026-06-19T00:00:00,26FJK0102235,26SO01222401,G ULTIMA HYBRID SOLID,ABU-ABU,ADIRA KLPG,35,800000,20560000,JAKARTA,58,GD.SSM BEKASI
2026-06-19T00:00:00,26FJK0102236,26SO01223001,FAZZIO HYBRID NEO,UNGU MUDA,BAF BHL,32,200000,24255000,"JAKARTA BARAT, Kota.",1,GD.SSM BEKASI
2026-06-19T00:00:00,26FJK0102237,26SO01223101,XMAX C,HITAM,BAF JAKARTA  2,35,8000000,69515000,JAKARTA,7,GD.SSM BEKASI
2026-06-19T00:00:00,26FJK0102238,26SO01223301,NMAX NEO,PUTIH,ADIRA  ALAM SUTRA TANGERANG,26,2300000,34365000,"TANGERANG, KOTA.",4,SSM MOTOR
2026-06-19T00:00:00,26JD01041301,26JD01041301,G ULTIMA HYBRID SOLID,COKLAT,CASH,0,17200000,17200000,"JAKARTA TIMUR, KOTA.",1,GD.SSM BEKASI
2026-06-19T00:00:00,26JD01041302,26JD01041302,G ULTIMA HYBRID SOLID,COKLAT,CASH,0,17200000,17200000,"JAKARTA TIMUR, KOTA.",1,GD.SSM BEKASI
2026-06-19T00:00:00,26JD01041401,26JD01041401,MX KING 150 CYBERCITY,BIRU,CASH,0,22743074,22743074,"JAKARTA BARAT, Kota.",1,GD.SSM BEKASI
2026-06-20T00:00:00,26FJK0102239,26SO01223901,GRAND FILANO HYBRID NEO,HIJAU MUDA,BAF CKR,30,2000000,28560000,"BEKASI, KAB.",136,GD.SSM BEKASI
2026-06-20T00:00:00,26FJK0102240,26SO01223401,GRAND FILANO HYBRID NEO,UNGU MUDA,ADIRA DMGT,30,0,28515000,JAKARTA BARAT,8,GD.SSM BEKASI
2026-06-20T00:00:00,26FJK0102241,26SO01223501,G ULTIMA HYBRID,HITAM,BAF CMPK,32,1050000,20450000,BEKASI,11,GD.SSM BEKASI
2026-06-20T00:00:00,26FJK0102243,26SO01223701,NMAX NEO S,HITAM,ADIRA CLGS,30,4150000,35490000,"BOGOR, KAB.",2,GD.SSM BEKASI
2026-06-20T00:00:00,26FJK0102244,26SO01223801,G ULTIMA HYBRID SMART,HITAM,ADIRA BKS,33,500000,22985000,"BEKASI, KOTA.",23,GD.SSM BEKASI
2026-06-20T00:00:00,26FJK0102245,26SO01224001,NMAX NEO S,MERAH,CASH,0,34890000,35340000,BEKASI,12,GD.SSM BEKASI
2026-06-20T00:00:00,26FJK0102246,26SO01224101,AEROX ALPHA CYBERCITY,BIRU,ADIRA PDGD,30,850000,31070000,BEKASI,2,GD.SSM BEKASI
2026-06-20T00:00:00,26FJK0102247,26SO01224201,GRAND FILANO HYBRID NEO,UNGU MUDA,BAF JAKARTA  2,11,2400000,28560000,"BEKASI, KOTA.",8,GD.SSM BEKASI
2026-06-20T00:00:00,26FJK0102248,26SO01224301,NMAX NEO S,BIRU,BAF JAKARTA  2,35,400000,35340000,BEKASI,32,SSM MOTOR
2026-06-20T00:00:00,26FJK0102249,26SO01224401,NMAX NEO S,HITAM,BAF BHL,21,1100000,35255000,"JAKARTA PUSAT, KOTA.",2,GD.SSM BEKASI
2026-06-20T00:00:00,26FJK0102250,26SO01224501,FAZZIO HYBRID NEO,UNGU,BAF BHL,35,2900000,24255000,"JAKARTA TIMUR, KOTA.",32,GD.SSM BEKASI
2026-06-20T00:00:00,26FJK0102251,26SO01224601,GRAND FILANO HYBRID LUX,HITAM,ADR KTPG,23,900000,28995000,"JAKARTA UTARA, KOTA.",1,GD.SSM BEKASI
2026-06-20T00:00:00,26FJK0102252,26SO01224701,MIO M3 CW,PUTIH,BAF JAKARTA  2,35,1050000,18960000,BEKASI,5,GD.SSM BEKASI
2026-06-20T00:00:00,26FJK0102253,26SO01224801,NMAX NEO S,HITAM,BAF JAKARTA  2,30,300000,35340000,BEKASI,2,GD.SSM BEKASI
2026-06-20T00:00:00,26FJK0102254,26SO01224901,GRAND FILANO HYBRID NEO,UNGU MUDA,CASH,0,28065000,28515000,"JAKARTA SELATAN, KOTA.",10,GD.SSM BEKASI
2026-06-20T00:00:00,26JD01041501,26JD01041501,ALL NEW R15M C-ABS,PERAK,CASH,0,42000000,42000000,"JAKARTA TIMUR, KOTA.",5,GD.SSM BEKASI
2026-06-20T00:00:00,26JD01041502,26JD01041502,ALL NEW R15M C-ABS,PERAK,CASH,0,42000000,42000000,"JAKARTA TIMUR, KOTA.",5,GD.SSM BEKASI
2026-06-20T00:00:00,26JD01041503,26JD01041503,ALL NEW R15M C-ABS,PERAK,CASH,0,42000000,42000000,"JAKARTA TIMUR, KOTA.",5,GD.SSM BEKASI
2026-06-20T00:00:00,26JD01041601,26JD01041601,G ULTIMA HYBRID SOLID,ABU-ABU,CASH,0,17200000,17200000,"JAKARTA TIMUR, KOTA.",1,GD.SSM BEKASI
2026-06-20T00:00:00,26JD01041701,26JD01041701,G ULTIMA HYBRID SMART,HITAM,CASH,0,18087919,18087919,"JAKARTA BARAT, Kota.",23,GD.SSM BEKASI
2026-06-20T00:00:00,26JD01041702,26JD01041702,AEROX ALPHA CYBERCITY ABS,UNGU,CASH,0,27635506,27635506,"JAKARTA BARAT, Kota.",1,SSM MOTOR
2026-06-21T00:00:00,26FJK0102255,26SO01225001,G ULTIMA HYBRID SMART,HITAM,CASH,0,22435000,22685000,"JAKARTA UTARA, KOTA.",24,GD.SSM BEKASI
2026-06-21T00:00:00,26FJK0102256,26SO01225101,AEROX ALPHA,HITAM,ADR KTPG,20,1500000,30400000,JAKARTA UTARA,3,GD.SSM BEKASI
2026-06-21T00:00:00,26FJK0102257,26SO01225201,MIO M3 CW,HITAM,CASH,0,14765000,14765000,"BEKASI, KOTA.",3,SSM MOTOR
2026-06-21T00:00:00,26FJK0102258,26SO01225301,AEROX ALPHA,HITAM,CASH,0,30070000,30520000,BEKASI,3,GD.SSM BEKASI
2026-06-21T00:00:00,26FJK0102259,26SO01225501,FAZZIO HYBRID NEO,UNGU,CASH,0,23900000,24500000,BEKASI,43,GD.SSM BEKASI
2026-06-21T00:00:00,26FJK0102260,26SO01225401,FAZZIO HYBRID LUX,ABU-ABU TUA,CASH,0,24750000,25200000,BEKASI,23,GD.SSM BEKASI
2026-06-21T00:00:00,26FJK0102261,26SO01225701,FREEGO 125,HITAM,CASH,0,22855000,23355000,BEKASI,40,GD.SSM BEKASI
2026-06-22T00:00:00,26FJK0102262,26SO01225601,AEROX ALPHA,HITAM,CASH,0,30200000,30650000,BEKASI,2,GD.SSM BEKASI
2026-06-22T00:00:00,26FJK0102263,26SO01225901,NMAX -TURBO-,PERAK,CASH,0,38610000,39210000,BEKASI,130,GD.SSM BEKASI
2026-06-22T00:00:00,26FJK0102264,26SO01226001,NMAX NEO S,HITAM,CASH,0,34890000,35490000,"BOGOR, KAB.",10,GD.SSM BEKASI
2026-06-22T00:00:00,26FJK0102265,26SO01226101,ALL NEW AEROX 155,HITAM,BAF TGR,33,500000,29080000,TANGERANG,4,GD.SSM BEKASI
2026-06-22T00:00:00,26FJK0102266,26SO01226201,FAZZIO HYBRID NEO,UNGU,BAF BHL,20,2300000,24255000,"JAKARTA SELATAN, KOTA.",59,GD.SSM BEKASI
2026-06-22T00:00:00,26FJK0102267,26SO01226401,FAZZIO HYBRID NEO,UNGU,BAF DPK,20,1000000,24255000,JAKARTA,44,GD.SSM BEKASI
2026-06-22T00:00:00,26FJK0102268,26SO01226601,AEROX ALPHA CYBERCITY ABS,PUTIH,CASH,0,34010000,34610000,"BEKASI, KOTA.",28,GD.SSM BEKASI
2026-06-22T00:00:00,26FJK0102269,26SO01226701,FREEGO 125 C,PERAK,BAF BHL,33,200000,24650000,JAKARTA,132,GD.SSM BEKASI
2026-06-22T00:00:00,26FJK0102270,26SO01226801,FAZZIO HYBRID NEO,PUTIH,CASH,0,23655000,24255000,JAKARTA SELATAN,47,GD.SSM BEKASI
2026-06-22T00:00:00,26FJK0102271,26SO01226901,FAZZIO HYBRID,ABU PINK,BAF TGR,32,600000,23045000,TANGERANG SELATAN,4,GD.SSM BEKASI
2026-06-22T00:00:00,26FJK0102272,26SO01227001,NMAX NEO S,BIRU,ADIRA KLPG,30,400000,35255000,JAKARTA,3,GD.SSM BEKASI
2026-06-22T00:00:00,26FJK0102273,26SO01221901,AEROX ALPHA CYBERCITY ABS,BIRU,MUF KBN JRK,29,3800000,34490000,JAKARTA,0,GD.SSM BEKASI
2026-06-22T00:00:00,26JD01041801,26JD01041801,XMAX SPC LIVERY,HITAM,CASH,0,56733986,56733986,"JAKARTA BARAT, Kota.",7,GD.SSM BEKASI
2026-06-22T00:00:00,26JD01041901,26JD01041901,GRAND FILANO HYBRID NEO,HIJAU,CASH,0,22668514,22668514,"JAKARTA BARAT, Kota.",3,GD.SSM BEKASI
2026-06-23T00:00:00,26FJK0102274,26SO01227101,G ULTIMA HYBRID SOLID,ABU-ABU,ADIRA KLPG,35,1300000,20560000,JAKARTA,1,GD.SSM BEKASI
2026-06-23T00:00:00,26FJK0102275,26SO01227501,NMAX NEO S,HITAM,ADIRA DMGT,35,1300000,35255000,JAKARTA,5,GD.SSM BEKASI
2026-06-23T00:00:00,26FJK0102276,26SO01227401,LEXI LX 155 S CONNECTED,PERAK,ADIRA DMGT,29,2500000,29350000,"JAKARTA BARAT, Kota.",1,GD.SSM BEKASI
2026-06-23T00:00:00,26FJK0102277,26SO01227601,NMAX -TURBO- TECH MAX,PERAK,CASH,0,46465000,46915000,"TANGERANG SELATAN, KOTA.",56,GD.SSM BEKASI
2026-06-23T00:00:00,26FJK0102278,26SO01227901,NMAX NEO S,BIRU,BAF BHL,30,400000,35255000,JAKARTA,4,GD.SSM BEKASI
2026-06-23T00:00:00,26FJK0102279,26SO01227801,G ULTIMA HYBRID,HITAM,CASH,0,19540000,20140000,"JAKARTA UTARA, KOTA.",33,GD.SSM BEKASI
2026-06-23T00:00:00,26FJK0102280,26SO01227701,FAZZIO STARRY NIGHT,PERAK MUDA,CASH,0,25005000,25505000,"BEKASI, KAB.",85,GD.SSM BEKASI
2026-06-23T00:00:00,26FJK0102281,26SO01228201,FAZZIO HYBRID NEO,UNGU MUDA,ADIRA DMGT,20,500000,24255000,JAKARTA,5,GD.SSM BEKASI
2026-06-23T00:00:00,26FJK0102282,26SO01226501,G ULTIMA HYBRID SMART,BIRU,CASH,0,22085000,22685000,"JAKARTA UTARA, KOTA.",1,GD.SSM BEKASI
2026-06-23T00:00:00,26FJK0102283,26SO01228001,FAZZIO HYBRID,HITAM,BAF JAKARTA  2,32,0,22670000,JAKARTA,169,SSM MOTOR
2026-06-23T00:00:00,26FJK0102284,26SO01228301,GRAND FILANO HYBRID NEO,UNGU MUDA,ADIRA BKS,20,1400000,28560000,"BEKASI, KAB.",3,GD.SSM BEKASI
2026-06-23T00:00:00,26FJK0102285,26SO01228401,ALL NEW AEROX 155,HITAM,BAF BHL,30,500000,29130000,BEKASI,5,GD.SSM BEKASI
2026-06-23T00:00:00,26FJK0102286,26SO01228501,FAZZIO HYBRID LUX,ABU-ABU TUA,ADIRA DMGT,11,5300000,24945000,JAKARTA,4,SSM MOTOR
2026-06-23T00:00:00,26FJK0102287,26SO01228101,GRAND FILANO HYBRID NEO,ABU-ABU,BAF JAKARTA  2,30,0,28515000,JAKARTA TIMUR,36,SSM MOTOR
2026-06-23T00:00:00,26FJK0102288,26SO01228701,XMAX C,ABU-ABU,BAF JAKARTA  2,17,9700000,70310000,BEKASI,54,GD.SSM BEKASI
2026-06-23T00:00:00,26FJK0102289,26SO01228601,NMAX NEO S,HITAM,BAF BHL,30,300000,35255000,JAKARTA,11,GD.SSM BEKASI
2026-06-23T00:00:00,26FJK0102290,26SO01228801,ALL NEW AEROX 155,HITAM,CASH,0,28725000,29325000,BOGOR,5,GD.SSM BEKASI
2026-06-23T00:00:00,26FJK0102291,26SO01228901,G ULTIMA HYBRID,HITAM,BAF JAKARTA  2,35,100000,20450000,BEKASI,8,GD.SSM BEKASI
2026-06-23T00:00:00,26JD01042001,26JD01042001,XMAX C,HITAM,CASH,0,60000000,60000000,"JAKARTA BARAT, Kota.",8,GD.SSM BEKASI
2026-06-23T00:00:00,26JD01042002,26JD01042002,XMAX C,HITAM,CASH,0,60000000,60000000,"JAKARTA BARAT, Kota.",8,GD.SSM BEKASI
2026-06-23T00:00:00,26JD01042101,26JD01042101,XMAX C,HITAM,CASH,0,60000000,60000000,"JAKARTA BARAT, Kota.",8,GD.SSM BEKASI
2026-06-23T00:00:00,26JD01042102,26JD01042102,XMAX C,HITAM,CASH,0,60000000,60000000,"JAKARTA BARAT, Kota.",14,GD.SSM BEKASI
2026-06-23T00:00:00,26JD01042103,26JD01042103,XMAX C,BIRU,CASH,0,60000000,60000000,"JAKARTA BARAT, Kota.",26,GD.SSM BEKASI
2026-06-24T00:00:00,26FJK0102292,26SO01229101,G ULTIMA HYBRID SMART,HITAM,BAF JAKARTA  2,35,1000000,22985000,"BEKASI, KAB.",27,GD.SSM BEKASI
2026-06-24T00:00:00,26FJK0102293,26SO01229001,GRAND FILANO HYBRID NEO,HIJAU,BAF JAKARTA  2,29,1300000,28560000,"BEKASI, KOTA.",5,SSM MOTOR
2026-06-24T00:00:00,26FJK0102294,26SO01229301,XMAX C,BIRU,CASH,0,69515000,69515000,JAKARTA,1,GD.SSM BEKASI
2026-06-24T00:00:00,26FJK0102295,26SO01229401,FAZZIO HYBRID NEO,UNGU MUDA,BAF BHL,30,500000,24500000,"BEKASI, KOTA.",6,GD.SSM BEKASI
2026-06-24T00:00:00,26FJK0102296,26SO01229601,ALL NEW AEROX 155,HITAM,BAF CMPK,30,1200000,29080000,JAKARTA,19,GD.SSM BEKASI
2026-06-24T00:00:00,26FJK0102297,26SO01229701,GRAND FILANO HYBRID NEO,HIJAU,BAF JAKARTA  2,32,600000,28560000,"BEKASI, KOTA.",1,GD.SSM BEKASI
2026-06-24T00:00:00,26FJK0102298,26SO01229801,G ULTIMA HYBRID,HITAM,CASH,0,16700000,16700000,"JAKARTA UTARA, KOTA.",1,GD.SSM BEKASI
2026-06-24T00:00:00,26FJK0102299,26SO01229901,NMAX NEO S,BIRU,ADIRA DMGT,30,400000,35255000,"JAKARTA BARAT, Kota.",2,GD.SSM BEKASI
2026-06-24T00:00:00,26FJK0102300,26SO01230001,GRAND FILANO HYBRID NEO,ABU-ABU,ADIRA TBN,32,0,28560000,BEKASI,118,GD.SSM BEKASI
2026-06-24T00:00:00,26FJK0102301,26SO01230101,ALL NEW AEROX 155,HITAM,BAF BHL,26,6600000,29080000,JAKARTA,6,GD.SSM BEKASI
2026-06-24T00:00:00,26FJK0102302,26SO01230201,ALL NEW XSR 155,HITAM,CASH,0,39265000,39765000,JAKARTA TIMUR,5,GD.SSM BEKASI
2026-06-24T00:00:00,26FJK0102303,26SO01230301,GRAND FILANO HYBRID NEO,PUTIH,BAF BHL,20,3400000,28515000,"JAKARTA SELATAN, KOTA.",107,GD.SSM BEKASI
2026-06-24T00:00:00,26FJK0102304,26SO01230401,LEXI LX 155 CONNECTED,HIJAU,BAF BHL,30,600000,28220000,BEKASI,4,GD.SSM BEKASI
2026-06-24T00:00:00,26JD01042201,26JD01042201,ALL NEW XSR 155,HITAM,CASH,0,32462018,32462018,"BOGOR, KOTA.",5,GD.SSM BEKASI
2026-06-24T00:00:00,26JD01042202,26JD01042202,ALL NEW XSR 155,HITAM,CASH,0,32462018,32462018,"BOGOR, KOTA.",5,GD.SSM BEKASI
2026-06-24T00:00:00,26JD01042301,26JD01042301,NMAX NEO S,HITAM,CASH,0,28238896,28238896,"JAKARTA BARAT, Kota.",2,GD.SSM BEKASI
2026-06-24T00:00:00,26JD01042302,26JD01042302,NMAX -TURBO-,ABU-ABU,CASH,0,31740655,31740655,"JAKARTA BARAT, Kota.",4,GD.SSM BEKASI
2026-06-24T00:00:00,26JD01042401,26JD01042401,XMAX C,HITAM,CASH,0,60000000,60000000,"TANGERANG, KAB.",1,GD.SSM BEKASI
2026-06-24T00:00:00,26JD01042402,26JD01042402,XMAX C,BIRU,CASH,0,60000000,60000000,"TANGERANG, KAB.",27,GD.SSM BEKASI
2026-06-24T00:00:00,26JD01042403,26JD01042403,XMAX SPC LIVERY,HITAM,CASH,0,60000000,60000000,"TANGERANG, KAB.",9,GD.SSM BEKASI
2026-06-24T00:00:00,26JD01042501,26JD01042501,XMAX C,HITAM,CASH,0,60000000,60000000,"TANGERANG, KAB.",57,GD.SSM BEKASI
2026-06-24T00:00:00,26JD01042502,26JD01042502,XMAX C,HITAM,CASH,0,60000000,60000000,"TANGERANG, KAB.",1,GD.SSM BEKASI
2026-06-24T00:00:00,26JD01042601,26JD01042601,AEROX ALPHA,BIRU,CASH,0,25500000,25500000,"TANGERANG, KAB.",6,GD.SSM BEKASI
2026-06-24T00:00:00,26JD01042602,26JD01042602,AEROX ALPHA,BIRU,CASH,0,25500000,25500000,"TANGERANG, KAB.",9,GD.SSM BEKASI
2026-06-24T00:00:00,26JD01042603,26JD01042603,AEROX ALPHA,BIRU,CASH,0,25500000,25500000,"TANGERANG, KAB.",2,GD.SSM BEKASI
2026-06-24T00:00:00,26JD01042604,26JD01042604,AEROX ALPHA,BIRU,CASH,0,25500000,25500000,"TANGERANG, KAB.",6,GD.SSM BEKASI
2026-06-24T00:00:00,26JD01042701,26JD01042701,AEROX ALPHA,BIRU,CASH,0,25500000,25500000,"TANGERANG, KAB.",9,GD.SSM BEKASI
2026-06-24T00:00:00,26JD01042702,26JD01042702,AEROX ALPHA,BIRU,CASH,0,25500000,25500000,"TANGERANG, KAB.",9,GD.SSM BEKASI
2026-06-24T00:00:00,26JD01042703,26JD01042703,AEROX ALPHA,BIRU,CASH,0,25500000,25500000,"TANGERANG, KAB.",9,GD.SSM BEKASI
2026-06-24T00:00:00,26JD01042704,26JD01042704,AEROX ALPHA,BIRU,CASH,0,25500000,25500000,"TANGERANG, KAB.",2,GD.SSM BEKASI
2026-06-24T00:00:00,26JD01042801,26JD01042801,NMAX NEO S,BIRU,CASH,0,28238896,28238896,"JAKARTA BARAT, Kota.",1,GD.SSM BEKASI
2026-06-25T00:00:00,26FJK0102305,26SO01230501,FAZZIO HYBRID NEO,UNGU,ADIRA TBN,20,1000000,24500000,KAB BEKASI,56,GD.SSM BEKASI
2026-06-25T00:00:00,26FJK0102306,26SO01230801,G ULTIMA HYBRID,HITAM,BAF CKR,35,0,20140000,BEKASI,10,GD.SSM BEKASI
2026-06-25T00:00:00,26FJK0102307,26SO01230901,G ULTIMA HYBRID SOLID,ABU-ABU,BAF BHL,32,300000,20560000,JAKARTA,1,GD.SSM BEKASI
2026-06-25T00:00:00,26FJK0102308,26SO01231001,GRAND FILANO HYBRID NEO,ABU-ABU,BAF DPK,32,600000,28515000,"JAKARTA TIMUR, KOTA.",72,GD.SSM BEKASI
2026-06-25T00:00:00,26FJK0102309,26SO01230701,FAZZIO HYBRID NEO,HIJAU MUDA,ADIRA BKS,33,0,24500000,"BEKASI, KAB.",7,GD.SSM BEKASI
2026-06-25T00:00:00,26FJK0102310,26SO01231201,FREEGO 125 C,HITAM,ADIRA PS.BARU,35,1600000,25400000,TANGGERANG,7,GD.SSM BEKASI
2026-06-25T00:00:00,26FJK0102311,26SO01230601,GRAND FILANO HYBRID NEO,UNGU MUDA,PT OTO PD GEDE,32,1400000,28560000,"BEKASI, KOTA.",5,GD.SSM BEKASI
2026-06-25T00:00:00,26FJK0102312,26SO01231301,NMAX NEO S,HITAM,ADIRA  ALAM SUTRA,30,400000,35365000,"TANGERANG SELATAN, KOTA.",3,GD.SSM BEKASI
2026-06-25T00:00:00,26FJK0102313,26SO01231401,FAZZIO HYBRID,HITAM MERAH,BAF JAKARTA  2,32,250000,22945000,BEKASI,59,GD.SSM BEKASI
2026-06-25T00:00:00,26FJK0102314,26SO01231501,FAZZIO HYBRID,ABU PINK,ADIRA PDGD,32,250000,22670000,JAKARTA,2,GD.SSM BEKASI
2026-06-25T00:00:00,26FJK0102315,26SO01231601,FAZZIO HYBRID,HITAM MERAH,BAF BHL,30,1200000,22670000,JAKARTA,63,GD.SSM BEKASI
2026-06-25T00:00:00,26FJK0102316,26SO01231701,G ULTIMA HYBRID SMART,BIRU,BAF BHL,35,500000,22685000,JAKARTA,3,GD.SSM BEKASI
2026-06-25T00:00:00,26FJK0102317,26SO01231801,G ULTIMA HYBRID SOLID,ABU-ABU,BAF BHL,35,300000,20560000,JAKARTA SELATAN,1,GD.SSM BEKASI
2026-06-25T00:00:00,26FJK0102318,26SO01231901,AEROX ALPHA,HITAM,CASH,0,29900000,30400000,"JAKARTA PUSAT, KOTA.",5,GD.SSM BEKASI
2026-06-25T00:00:00,26FJK0102319,26SO01232001,G ULTIMA HYBRID,HITAM,BAF TGR,35,700000,20450000,KABUPATEN TANGERANG,10,GD.SSM BEKASI
2026-06-25T00:00:00,26FJK0102320,26SO01232101,GRAND FILANO HYBRID LUX,HITAM,BAF JAKARTA  2,33,700000,29310000,BEKASI,6,GD.SSM BEKASI
2026-06-25T00:00:00,26FJK0102321,26SO01232201,FAZZIO HYBRID,ABU PINK,BAF BHL,30,500000,22670000,JAKARTA,7,GD.SSM BEKASI
2026-06-25T00:00:00,26FJK0102322,26SO01232301,NMAX NEO S,HITAM,BAF BHL,35,300000,35340000,BEKASI,3,GD.SSM BEKASI
2026-06-25T00:00:00,26FJK0102323,26SO01232401,FAZZIO HYBRID NEO,UNGU,BAF CMPK,20,300000,24255000,JAKARTA,40,GD.SSM BEKASI
2026-06-25T00:00:00,26JD01042901,26JD01042901,G ULTIMA HYBRID SMART,HITAM,CASH,0,19500000,19500000,"TANGERANG, Kab.",28,GD.SSM BEKASI
2026-06-25T00:00:00,26JD01042902,26JD01042902,G ULTIMA HYBRID SMART,HITAM,CASH,0,19500000,19500000,"TANGERANG, Kab.",28,GD.SSM BEKASI
2026-06-25T00:00:00,26JD01042903,26JD01042903,G ULTIMA HYBRID SMART,HITAM,CASH,0,19500000,19500000,"TANGERANG, Kab.",28,GD.SSM BEKASI
2026-06-25T00:00:00,26JD01042904,26JD01042904,G ULTIMA HYBRID SMART,HITAM,CASH,0,19500000,19500000,"TANGERANG, Kab.",28,GD.SSM BEKASI
2026-06-25T00:00:00,26JD01043001,26JD01043001,G ULTIMA HYBRID SMART,HITAM,CASH,0,19500000,19500000,"TANGERANG, Kab.",28,GD.SSM BEKASI
2026-06-25T00:00:00,26JD01043002,26JD01043002,G ULTIMA HYBRID SMART,HITAM,CASH,0,19500000,19500000,"TANGERANG, Kab.",28,GD.SSM BEKASI
2026-06-25T00:00:00,26JD01043003,26JD01043003,G ULTIMA HYBRID SMART,HITAM,CASH,0,19500000,19500000,"TANGERANG, Kab.",28,GD.SSM BEKASI
2026-06-25T00:00:00,26JD01043004,26JD01043004,G ULTIMA HYBRID SMART,HITAM,CASH,0,19500000,19500000,"TANGERANG, Kab.",28,GD.SSM BEKASI
2026-06-25T00:00:00,26JD01043101,26JD01043101,G ULTIMA HYBRID SMART,HITAM,CASH,0,19500000,19500000,"TANGERANG, Kab.",28,GD.SSM BEKASI
2026-06-25T00:00:00,26JD01043201,26JD01043201,ALL NEW XSR 155,COKLAT,CASH,0,32262018,32262018,"JAKARTA BARAT, Kota.",252,GD.SSM BEKASI
2026-06-25T00:00:00,26JD01043301,26JD01043301,AEROX ALPHA,MERAH,CASH,0,23968466,23968466,"JAKARTA BARAT, Kota.",2,GD.SSM BEKASI
2026-06-25T00:00:00,26JD01043302,26JD01043302,FAZZIO HYBRID LUX,ABU-ABU TUA,CASH,0,19489291,19489291,"JAKARTA BARAT, Kota.",3,GD.SSM BEKASI
2026-06-26T00:00:00,26FJK0102324,26SO01231101,GRAND FILANO HYBRID NEO,PUTIH,BAF TGR,30,600000,28760000,KABUPATEN TANGERANG,65,GD.SSM BEKASI
2026-06-26T00:00:00,26FJK0102325,26SO01232501,G ULTIMA HYBRID SMART,BIRU,CASH,0,22085000,22685000,JAKARTA BARAT,4,GD.SSM BEKASI
2026-06-26T00:00:00,26FJK0102326,26SO01232601,FAZZIO HYBRID,ABU PINK,CASH,0,22445000,22945000,"BEKASI, KOTA.",3,GD.SSM BEKASI
2026-06-26T00:00:00,26FJK0102327,26SO01225801,XMAX TECH MAX,ABU-ABU,CASH,0,77690000,77090000,KAB BEKASI,1,GD.SSM BEKASI
2026-06-26T00:00:00,26FJK0102328,26SO01232701,NMAX NEO S,HITAM,BAF CKR,35,2700000,35340000,"BEKASI, KAB.",4,GD.SSM BEKASI
2026-06-26T00:00:00,26FJK0102329,26SO01232801,NMAX NEO S,HITAM,BAF JAKARTA  2,30,300000,35255000,"JAKARTA TIMUR, KOTA.",1,GD.SSM BEKASI
2026-06-26T00:00:00,26FJK0102330,26SO01226301,NMAX NEO S,BIRU,BAF BHL,26,1100000,35255000,JAKARTA,2,GD.SSM BEKASI
2026-06-26T00:00:00,26FJK0102331,26SO01232901,AEROX ALPHA,MERAH,BAF BHL,26,5300000,30400000,"JAKARTA TIMUR, KOTA.",4,GD.SSM BEKASI
2026-06-26T00:00:00,26FJK0102332,26SO01233001,FAZZIO HYBRID,HITAM MERAH,BAF BHL,20,1000000,22670000,JAKARTA,1,GD.SSM BEKASI
2026-06-26T00:00:00,26FJK0102333,26SO01233201,GRAND FILANO HYBRID LUX,HITAM,BAF DPK,20,2900000,28995000,JAKARTA,4,GD.SSM BEKASI
2026-06-26T00:00:00,26FJK0102334,26SO01233301,FAZZIO HYBRID LUX,ABU-ABU TUA,CASH,0,24345000,24945000,"JAKARTA UTARA, KOTA.",7,SSM MOTOR
2026-06-26T00:00:00,26FJK0102335,26SO01233401,NMAX NEO S,BIRU,BAF CKR,35,900000,35340000,BEKASI,2,GD.SSM BEKASI
2026-06-26T00:00:00,26FJK0102336,26SO01233101,GRAND FILANO HYBRID NEO,ABU-ABU,BAF DPK,32,100000,28515000,DEPOK,53,GD.SSM BEKASI
2026-06-26T00:00:00,26FJK0102337,26SO01233501,NMAX -TURBO-,PERAK,BAF BHL,20,4300000,39165000,"JAKARTA PUSAT, KOTA.",66,GD.SSM BEKASI
2026-06-26T00:00:00,26FJK0102338,26SO01233601,GRAND FILANO HYBRID NEO,ABU-ABU,BAF JAKARTA  2,30,600000,28515000,"JAKARTA TIMUR, KOTA.",77,SSM MOTOR
2026-06-26T00:00:00,26JD01043401,26JD01043401,NMAX NEO S SPC LIVERY,HITAM,CASH,0,28594756,28594756,"JAKARTA BARAT, Kota.",27,GD.SSM BEKASI
2026-06-26T00:00:00,26JD01043402,26JD01043402,XMAX C,HITAM,CASH,0,56733986,56733986,"JAKARTA BARAT, Kota.",2,GD.SSM BEKASI
2026-06-27T00:00:00,26FJK0102339,26SO01233701,NMAX NEO S,BIRU,CASH,0,34805000,35255000,"JAKARTA TIMUR, KOTA.",3,GD.SSM BEKASI
2026-06-27T00:00:00,26FJK0102340,26SO01233801,NMAX NEO S,PUTIH,BAF BHL,30,1800000,35255000,"JAKARTA BARAT, KOTA.",7,GD.SSM BEKASI
2026-06-27T00:00:00,26FJK0102341,26SO01233901,NMAX NEO S,PUTIH,BAF JAKARTA  2,30,550000,35255000,JAKARTA TIMUR,7,GD.SSM BEKASI
2026-06-27T00:00:00,26FJK0102342,26SO01234001,NMAX NEO S,PUTIH,ADIRA BKS,35,800000,35340000,"BEKASI, KAB.",7,GD.SSM BEKASI
2026-06-27T00:00:00,26FJK0102344,26SO01234101,FAZZIO HYBRID LUX,ABU-ABU TUA,BAF JAKARTA  2,32,700000,25200000,"BEKASI, KAB.",8,GD.SSM BEKASI
2026-06-27T00:00:00,26FJK0102345,26SO01234201,G ULTIMA HYBRID,HITAM,BAF CMPK,32,800000,20140000,"JAKARTA TIMUR, KOTA.",12,GD.SSM BEKASI
2026-06-27T00:00:00,26FJK0102346,26SO01234301,ALL NEW AEROX 155,HITAM,ADIRA CLDK,30,500000,29180000,TANGERANG,9,GD.SSM BEKASI
2026-06-27T00:00:00,26FJK0102347,26SO01234401,GRAND FILANO HYBRID NEO,UNGU MUDA,ADIRA TBN,30,1200000,28560000,BEKASI,7,GD.SSM BEKASI
2026-06-27T00:00:00,26FJK0102348,26SO01234501,FAZZIO HYBRID,ABU PINK,BAF CMPK,30,500000,22945000,BEKASI,4,GD.SSM BEKASI
2026-06-27T00:00:00,26FJK0102349,26SO01234601,NMAX NEO,HITAM,CASH,0,34365000,34365000,TANGERANG,4,GD.SSM BEKASI
2026-06-27T00:00:00,26FJK0102350,26SO01234801,LEXI LX 155 CONNECTED,HITAM,BAF BHL,30,1900000,27550000,JAKARTA BARAT,9,GD.SSM BEKASI
2026-06-27T00:00:00,26FJK0102352,26SO01234701,G ULTIMA HYBRID SOLID,COKLAT,CASH,0,20500000,20870000,"BEKASI, KOTA.",2,GD.SSM BEKASI
2026-06-27T00:00:00,26FJK0102353,26SO01234901,FREEGO 125 C,HITAM,BAF CKR,33,800000,25315000,"BEKASI, KAB.",9,GD.SSM BEKASI
2026-06-27T00:00:00,26FJK0102354,26SO01235001,FAZZIO HYBRID NEO,UNGU,BAF JAKARTA  2,30,500000,24255000,"JAKARTA BARAT, KOTA.",39,GD.SSM BEKASI
2026-06-27T00:00:00,26FJK0102355,26SO01235201,FAZZIO HYBRID LUX,ABU-ABU TUA,CASH,0,24750000,25200000,"BEKASI, KAB.",8,SSM MOTOR
2026-06-27T00:00:00,26FJK0102356,26SO01235301,NMAX NEO S,BIRU,BAF CKR,33,5500000,35340000,KABUPATEN BEKASI,1,GD.SSM BEKASI
2026-06-27T00:00:00,26FJK0102357,26SO01235401,G ULTIMA HYBRID SOLID,COKLAT,BAF BHL,23,1400000,21020000,BEKASI,2,GD.SSM BEKASI
2026-06-27T00:00:00,26FJK0102358,26SO01235601,FAZZIO HYBRID,KUNING,CASH,0,22495000,22945000,BEKASI,51,GD.SSM BEKASI
2026-06-27T00:00:00,26FJK0102359,26SO01235101,GRAND FILANO HYBRID NEO,ABU-ABU,BAF BHL,32,0,28515000,JAKARTA,33,GD.SSM BEKASI
2026-06-27T00:00:00,26FJK0102360,26SO01235701,NMAX NEO S,PUTIH,BAF BHL,23,1600000,35340000,BEKASI,1,SSM MOTOR
2026-06-27T00:00:00,26FJK0102361,26SO01235501,NMAX -TURBO- TECH MAX,PERAK,ADIRA  ALAM SUTRA,17,3200000,46915000,"TANGERANG, KAB.",60,GD.SSM BEKASI
2026-06-27T00:00:00,26FJK0102362,26SO01235801,NMAX NEO S,BIRU,CASH,0,34740000,35340000,"BEKASI, KAB.",1,GD.SSM BEKASI
2026-06-27T00:00:00,26JD01043501,26JD01043501,FREEGO 125,MERAH,CASH,0,17598765,17598765,"JAKARTA BARAT, Kota.",47,GD.SSM BEKASI
2026-06-28T00:00:00,26FJK0102363,26SO01236401,NMAX NEO S,BIRU,CASH,0,34655000,35255000,"JAKARTA BARAT, KOTA.",2,SSM MOTOR
2026-06-28T00:00:00,26FJK0102364,26SO01236601,FAZZIO HYBRID NEO,PUTIH,CASH,0,23655000,24255000,JAKARTA UTARA,2,SSM MOTOR
2026-06-28T00:00:00,26FJK0102365,26SO01236101,GRAND FILANO HYBRID NEO,PUTIH,CASH,0,27915000,28515000,JAKARTA BARAT,47,GD.SSM BEKASI
2026-06-28T00:00:00,26FJK0102366,26SO01236301,NMAX NEO S,HITAM,BAF DPK,35,400000,35255000,DEPOK,2,SSM MOTOR
2026-06-28T00:00:00,26FJK0102367,26SO01236201,FREEGO 125 C,PERAK,CASH,0,24865000,25315000,"BEKASI, KAB.",47,SSM MOTOR
2026-06-28T00:00:00,26FJK0102368,26SO01236501,FREEGO 125 C,HITAM,BAF BHL,35,2500000,24650000,"JAKARTA SELATAN, KOTA.",6,GD.SSM BEKASI
2026-06-28T00:00:00,26FJK0102369,26SO01236001,GRAND FILANO HYBRID NEO,ABU-ABU,CASH,0,27915000,28515000,"JAKARTA SELATAN, KOTA.",122,GD.SSM BEKASI
2026-06-29T00:00:00,26FJK0102370,26SO01236801,WR 155 R,HITAM,ADIRA DEPOK,35,1700000,41175000,TANGERANG SELATAN,5,GD.SSM BEKASI
2026-06-29T00:00:00,26FJK0102371,26SO01236901,FAZZIO HYBRID NEO,UNGU MUDA,CASH,0,23900000,24500000,"BEKASI, KOTA.",11,GD.SSM BEKASI
2026-06-29T00:00:00,26FJK0102372,26SO01237001,GRAND FILANO HYBRID LUX,PERAK MUDA,BAF BHL,30,350000,28995000,JAKARTA BARAT,17,SSM MOTOR
2026-06-29T00:00:00,26FJK0102373,26SO01237101,AEROX ALPHA CYBERCITY,BIRU,BAF BHL,30,750000,30950000,"JAKARTA SELATAN, KOTA.",2,SSM MOTOR
2026-06-29T00:00:00,26FJK0102374,26SO01237201,FAZZIO HYBRID,KUNING,ADIRA KLPG,30,0,22670000,JAKARTA,26,SSM MOTOR
2026-06-29T00:00:00,26FJK0102375,26SO01237301,FAZZIO HYBRID NEO,BIRU,BAF BHL,32,0,24255000,JAKARTA,247,GD.SSM BEKASI
2026-06-29T00:00:00,26FJK0102376,26SO01237401,ALL NEW XSR 155,HITAM,BAF CKR,35,1400000,40020000,BEKASI,69,GD.SSM BEKASI
2026-06-29T00:00:00,26FJK0102377,26SO01237601,GRAND FILANO HYBRID LUX,HITAM,BAF CMPK,30,700000,29310000,BEKASI,19,GD.SSM BEKASI
2026-06-29T00:00:00,26FJK0102378,26SO01237501,NMAX NEO S,BIRU,ADIRA TBN,29,1100000,35340000,KAB BEKASI,5,GD.SSM BEKASI
2026-06-29T00:00:00,26FJK0102379,26SO01237701,NMAX NEO,HITAM,BAF CKR,35,300000,34340000,"BEKASI, KAB.",10,SSM MOTOR
2026-06-29T00:00:00,26FJK0102380,26SO01237801,FAZZIO HYBRID,BIRU PUTIH,BAF CMPK,32,0,22670000,JAKARTA,66,GD.SSM BEKASI
2026-06-29T00:00:00,26FJK0102381,26SO01237901,G ULTIMA HYBRID,HITAM,CASH,0,20000000,20450000,"BEKASI, KOTA.",2,SSM MOTOR
2026-06-29T00:00:00,26FJK0102382,26SO01238001,AEROX ALPHA,HITAM,BAF BHL,30,2300000,30520000,JAKARTA,4,GD.SSM BEKASI
2026-06-29T00:00:00,26FJK0102383,26SO01238101,AEROX ALPHA CYBERCITY,BIRU,BAF JAKARTA  2,11,2700000,31070000,"BEKASI, KOTA.",5,GD.SSM BEKASI
2026-06-29T00:00:00,26FJK0102384,26SO01238201,AEROX ALPHA,MERAH,BAF BHL,30,3300000,30650000,BEKASI,6,GD.SSM BEKASI
2026-06-29T00:00:00,26FJK0102385,26SO01236701,XMAX TECH MAX,ABU-ABU,CASH,0,67275000,67275000,"JAKARTA UTARA, KOTA.",3,SSM MOTOR
2026-06-29T00:00:00,26FJK0102386,26SO01238301,AEROX ALPHA-TURBO- 70TH LIVERY,PUTIH MERAH,BAF BHL,17,10600000,40150000,BEKASI,5,GD.SSM BEKASI
2026-06-29T00:00:00,26FJK0102387,26SO01238402,GRAND FILANO HYBRID LUX,HITAM,BAF JAKARTA  2,32,600000,29310000,"BEKASI, KOTA.",10,SSM MOTOR
2026-06-29T00:00:00,26FJK0102388,26SO01238501,AEROX ALPHA,BIRU,BAF BHL,30,1000000,30400000,JAKARTA,5,GD.SSM BEKASI
2026-06-29T00:00:00,26FJK0102389,26SO01235901,FAZZIO HYBRID LUX,HIJAU,CASH,0,24800000,25400000,"TANGERANG, KAB.",2,GD.SSM BEKASI
2026-06-29T00:00:00,26JD01043601,26JD01043601,ALL NEW XSR 155,HITAM,CASH,0,32462018,32462018,"BOGOR, Kota.",66,SSM MOTOR
2026-06-29T00:00:00,26JD01043701,26JD01043701,NMAX NEO S,HITAM,CASH,0,28238896,28238896,"JAKARTA BARAT, Kota.",7,GD.SSM BEKASI
2026-06-29T00:00:00,26JD01043702,26JD01043702,AEROX ALPHA CYBERCITY,BIRU,CASH,0,24485706,24485706,"JAKARTA BARAT, Kota.",11,SSM MOTOR
2026-06-29T00:00:00,26JD01043703,26JD01043703,NMAX NEO S,BIRU,CASH,0,28238896,28238896,"JAKARTA BARAT, Kota.",3,GD.SSM BEKASI
2026-06-29T00:00:00,26JD01043704,26JD01043704,GRAND FILANO HYBRID NEO,UNGU MUDA,CASH,0,22668514,22668514,"JAKARTA BARAT, Kota.",9,GD.SSM BEKASI
2026-06-30T00:00:00,26FJK0102390,26SO01238601,AEROX ALPHA CYBERCITY ABS,UNGU,CASH,0,33890000,34490000,"JAKARTA TIMUR, KOTA.",10,GD.SSM BEKASI
2026-06-30T00:00:00,26FJK0102391,26SO01238701,AEROX ALPHA,MERAH,ADIRA DMGT,30,2700000,30400000,"JAKARTA BARAT, Kota.",6,SSM MOTOR
2026-06-30T00:00:00,26FJK0102392,26SO01238801,GRAND FILANO HYBRID NEO,PUTIH,BAF BHL,30,2000000,28515000,"JAKARTA TIMUR, Kota.",125,GD.SSM BEKASI
2026-06-30T00:00:00,26FJK0102393,26SO01238901,NMAX -TURBO-,HITAM,CASH,0,28000000,33566000,"BEKASI, Kota.",692,GD.SSM BEKASI
2026-06-30T00:00:00,26FJK0102394,26SO01238902,NMAX -TURBO-,PERAK,CASH,0,28000000,33566000,"BEKASI, Kota.",698,GD.SSM BEKASI
2026-06-30T00:00:00,26FJK0102395,26SO01238903,NMAX -TURBO-,HITAM,CASH,0,28000000,33566000,"BEKASI, Kota.",692,GD.SSM BEKASI
2026-06-30T00:00:00,26FJK0102396,26SO01239001,GRAND FILANO HYBRID NEO,HIJAU,BAF JAKARTA  2,17,9700000,28560000,"BEKASI, KAB.",3,GD.SSM BEKASI
2026-06-30T00:00:00,26FJK0102397,26SO01239101,G ULTIMA HYBRID,PUTIH,BAF BHL,32,2800000,20140000,JAKARTA BARAT,4,SSM MOTOR
2026-06-30T00:00:00,26FJK0102398,26SO01239201,ALL NEW AEROX 155,HITAM,BAF BHL,35,200000,29080000,"JAKARTA BARAT, KOTA.",83,GD.SSM BEKASI
2026-06-30T00:00:00,26FJK0102399,26SO01239301,GRAND FILANO HYBRID NEO,UNGU MUDA,BAF BHL,32,600000,28515000,"JAKARTA PUSAT, KOTA.",20,SSM MOTOR
2026-06-30T00:00:00,26FJK0102400,26SO01239401,NMAX NEO S,BIRU,ADIRA PDGD,35,900000,35340000,BEKASI,32,SSM MOTOR
2026-06-30T00:00:00,26FJK0102401,26SO01239501,AEROX ALPHA,MERAH,ADR KTPG,21,800000,30400000,"JAKARTA BARAT, Kota.",11,GD.SSM BEKASI
2026-06-30T00:00:00,26FJK0102402,26SO01239701,GRAND FILANO HYBRID NEO,PUTIH,BAF BHL,32,600000,28515000,"JAKARTA TIMUR, KOTA.",144,GD.SSM BEKASI
2026-06-30T00:00:00,26FJK0102403,26SO01239801,FAZZIO HYBRID,HITAM MERAH,BAF BHL,35,250000,22945000,BEKASI,5,GD.SSM BEKASI
2026-06-30T00:00:00,26FJK0102404,26SO01239901,G ULTIMA HYBRID,HITAM,BAF BGR,35,2700000,20600000,"BOGOR, KOTA.",7,GD.SSM BEKASI
2026-06-30T00:00:00,26FJK0102406,26SO01240201,ALL NEW XSR 155,HITAM,BAF BHL,33,2100000,40020000,BEKASI,70,GD.SSM BEKASI
2026-06-30T00:00:00,26FJK0102407,26SO01240101,GRAND FILANO HYBRID NEO,PUTIH,BAF JAKARTA  2,29,1100000,28515000,"JAKARTA PUSAT, KOTA.",145,GD.SSM BEKASI
2026-06-30T00:00:00,26FJK0102408,26SO01240301,NMAX NEO,BIRU,BAF DPK,17,2400000,34265000,"JAKARTA TIMUR, KOTA.",3,GD.SSM BEKASI
2026-06-30T00:00:00,26FJK0102409,26SO01240001,NMAX -TURBO-,ABU-ABU,BAF TGR,20,2400000,39410000,"TANGERANG, KOTA.",1,GD.SSM BEKASI
2026-06-30T00:00:00,26JD01043801,26JD01043801,MX KING 150,HITAM,CASH,0,26800000,26800000,"TANGERANG, Kab.",21,GD.SSM BEKASI
2026-06-30T00:00:00,26JD01043802,26JD01043802,MX KING 150,PERAK,CASH,0,26800000,26800000,"TANGERANG, Kab.",11,GD.SSM BEKASI
2026-06-30T00:00:00,26JD01043803,26JD01043803,MX KING 150,HITAM,CASH,0,26800000,26800000,"TANGERANG, Kab.",11,GD.SSM BEKASI
2026-06-30T00:00:00,26JD01043804,26JD01043804,MX KING 150 CYBERCITY,BIRU,CASH,0,26800000,26800000,"TANGERANG, Kab.",10,GD.SSM BEKASI
2026-06-30T00:00:00,26JD01043901,26JD01043901,MX KING 150 CYBERCITY,BIRU,CASH,0,26800000,26800000,"TANGERANG, Kab.",6,GD.SSM BEKASI
2026-06-30T00:00:00,26JD01043902,26JD01043902,MX KING 150 CYBERCITY,BIRU,CASH,0,26800000,26800000,"TANGERANG, Kab.",6,GD.SSM BEKASI
2026-06-30T00:00:00,26JD01043903,26JD01043903,MX KING 150 CYBERCITY,BIRU,CASH,0,26800000,26800000,"TANGERANG, Kab.",6,GD.SSM BEKASI
2026-06-30T00:00:00,26JD01044001,26JD01044001,FAZZIO HYBRID NEO,UNGU MUDA,CASH,0,18824269,18824269,"JAKARTA BARAT, Kota.",10,GD.SSM BEKASI
2026-06-30T00:00:00,26JD01044002,26JD01044002,AEROX ALPHA CYBERCITY ABS,UNGU,CASH,0,27635506,27635506,"JAKARTA BARAT, Kota.",10,GD.SSM BEKASI
2026-06-30T00:00:00,26JD01044003,26JD01044003,FAZZIO HYBRID,HITAM MERAH,CASH,0,17347110,17347110,"JAKARTA BARAT, Kota.",3,SSM MOTOR
2026-06-30T00:00:00,26JD01044004,26JD01044004,FREEGO 125 C,HITAM,CASH,0,19289795,19289795,"JAKARTA BARAT, Kota.",22,GD.SSM BEKASI
2026-06-30T00:00:00,26JD01044101,26JD01044101,MX KING 150,PERAK,CASH,0,26850000,26850000,"BEKASI, Kab.",4,GD.SSM BEKASI
2026-06-30T00:00:00,26JD01044102,26JD01044102,MX KING 150,PERAK,CASH,0,26850000,26850000,"BEKASI, Kab.",4,GD.SSM BEKASI
2026-06-30T00:00:00,26JD01044103,26JD01044103,MX KING 150,PERAK,CASH,0,26850000,26850000,"BEKASI, Kab.",4,GD.SSM BEKASI
2026-06-30T00:00:00,26JD01044104,26JD01044104,MX KING 150,PERAK,CASH,0,26850000,26850000,"BEKASI, Kab.",4,GD.SSM BEKASI
2026-06-30T00:00:00,26JD01044105,26JD01044105,MX KING 150,PERAK,CASH,0,26850000,26850000,"BEKASI, Kab.",4,GD.SSM BEKASI
2026-06-30T00:00:00,26JD01044106,26JD01044106,MX KING 150,PERAK,CASH,0,26850000,26850000,"BEKASI, Kab.",4,GD.SSM BEKASI
2026-06-30T00:00:00,26JD01044107,26JD01044107,MX KING 150,PERAK,CASH,0,26850000,26850000,"BEKASI, Kab.",4,GD.SSM BEKASI
2026-06-30T00:00:00,26JD01044108,26JD01044108,MX KING 150,PERAK,CASH,0,26850000,26850000,"BEKASI, Kab.",4,GD.SSM BEKASI
2026-06-30T00:00:00,26JD01044109,26JD01044109,MX KING 150,PERAK,CASH,0,26850000,26850000,"BEKASI, Kab.",4,GD.SSM BEKASI
2026-06-30T00:00:00,26JD01044110,26JD01044110,MX KING 150,PERAK,CASH,0,26850000,26850000,"BEKASI, Kab.",4,GD.SSM BEKASI
2026-06-30T00:00:00,26JD01044111,26JD01044111,MX KING 150,PERAK,CASH,0,26850000,26850000,"BEKASI, Kab.",4,GD.SSM BEKASI
2026-06-30T00:00:00,26JD01044112,26JD01044112,MX KING 150,PERAK,CASH,0,26850000,26850000,"BEKASI, Kab.",4,GD.SSM BEKASI
2026-06-30T00:00:00,26JD01044113,26JD01044113,MX KING 150,PERAK,CASH,0,26850000,26850000,"BEKASI, Kab.",4,GD.SSM BEKASI
2026-06-30T00:00:00,26JD01044114,26JD01044114,MX KING 150,PERAK,CASH,0,26850000,26850000,"BEKASI, Kab.",4,GD.SSM BEKASI
2026-06-30T00:00:00,26JD01044115,26JD01044115,MX KING 150,PERAK,CASH,0,26850000,26850000,"BEKASI, Kab.",4,GD.SSM BEKASI
2026-06-30T00:00:00,26JD01044116,26JD01044116,MX KING 150,PERAK,CASH,0,26850000,26850000,"BEKASI, Kab.",4,GD.SSM BEKASI
2026-06-30T00:00:00,26JD01044117,26JD01044117,MX KING 150,PERAK,CASH,0,26850000,26850000,"BEKASI, Kab.",4,GD.SSM BEKASI
2026-06-30T00:00:00,26JD01044118,26JD01044118,MX KING 150,PERAK,CASH,0,26850000,26850000,"BEKASI, Kab.",4,GD.SSM BEKASI
2026-06-30T00:00:00,26JD01044119,26JD01044119,MX KING 150,PERAK,CASH,0,26850000,26850000,"BEKASI, Kab.",4,GD.SSM BEKASI
2026-06-30T00:00:00,26JD01044120,26JD01044120,MX KING 150,PERAK,CASH,0,26850000,26850000,"BEKASI, Kab.",4,GD.SSM BEKASI
2026-06-30T00:00:00,26JD01044121,26JD01044121,MX KING 150,PERAK,CASH,0,26850000,26850000,"BEKASI, Kab.",4,GD.SSM BEKASI
2026-06-30T00:00:00,26JD01044122,26JD01044122,MX KING 150,PERAK,CASH,0,26850000,26850000,"BEKASI, Kab.",4,GD.SSM BEKASI
2026-06-30T00:00:00,26JD01044123,26JD01044123,MX KING 150,PERAK,CASH,0,26850000,26850000,"BEKASI, Kab.",4,GD.SSM BEKASI
2026-06-30T00:00:00,26JD01044124,26JD01044124,MX KING 150,PERAK,CASH,0,26850000,26850000,"BEKASI, Kab.",4,GD.SSM BEKASI
2026-06-30T00:00:00,26JD01044125,26JD01044125,MX KING 150,PERAK,CASH,0,26850000,26850000,"BEKASI, Kab.",4,GD.SSM BEKASI
2026-06-30T00:00:00,26JD01044201,26JD01044201,MX KING 150,HITAM,CASH,0,26850000,26850000,"BEKASI, Kab.",4,GD.SSM BEKASI
2026-06-30T00:00:00,26JD01044202,26JD01044202,MX KING 150,HITAM,CASH,0,26850000,26850000,"BEKASI, Kab.",4,GD.SSM BEKASI
2026-06-30T00:00:00,26JD01044203,26JD01044203,MX KING 150,HITAM,CASH,0,26850000,26850000,"BEKASI, Kab.",4,GD.SSM BEKASI
2026-06-30T00:00:00,26JD01044204,26JD01044204,MX KING 150,HITAM,CASH,0,26850000,26850000,"BEKASI, Kab.",4,GD.SSM BEKASI
2026-06-30T00:00:00,26JD01044205,26JD01044205,MX KING 150,HITAM,CASH,0,26850000,26850000,"BEKASI, Kab.",4,GD.SSM BEKASI
2026-06-30T00:00:00,26JD01044206,26JD01044206,MX KING 150,HITAM,CASH,0,26850000,26850000,"BEKASI, Kab.",4,GD.SSM BEKASI
2026-06-30T00:00:00,26JD01044207,26JD01044207,MX KING 150,HITAM,CASH,0,26850000,26850000,"BEKASI, Kab.",4,GD.SSM BEKASI
2026-06-30T00:00:00,26JD01044208,26JD01044208,MX KING 150,HITAM,CASH,0,26850000,26850000,"BEKASI, Kab.",4,GD.SSM BEKASI
2026-06-30T00:00:00,26JD01044209,26JD01044209,MX KING 150,HITAM,CASH,0,26850000,26850000,"BEKASI, Kab.",4,GD.SSM BEKASI
2026-06-30T00:00:00,26JD01044210,26JD01044210,MX KING 150,HITAM,CASH,0,26850000,26850000,"BEKASI, Kab.",4,GD.SSM BEKASI
2026-06-30T00:00:00,26JD01044211,26JD01044211,MX KING 150,HITAM,CASH,0,26850000,26850000,"BEKASI, Kab.",4,GD.SSM BEKASI
2026-06-30T00:00:00,26JD01044212,26JD01044212,MX KING 150,HITAM,CASH,0,26850000,26850000,"BEKASI, Kab.",4,GD.SSM BEKASI
2026-06-30T00:00:00,26JD01044213,26JD01044213,MX KING 150,HITAM,CASH,0,26850000,26850000,"BEKASI, Kab.",4,GD.SSM BEKASI
2026-06-30T00:00:00,26JD01044214,26JD01044214,MX KING 150,HITAM,CASH,0,26850000,26850000,"BEKASI, Kab.",4,GD.SSM BEKASI
2026-06-30T00:00:00,26JD01044215,26JD01044215,MX KING 150,HITAM,CASH,0,26850000,26850000,"BEKASI, Kab.",4,GD.SSM BEKASI
2026-06-30T00:00:00,26JD01044216,26JD01044216,MX KING 150,HITAM,CASH,0,26850000,26850000,"BEKASI, Kab.",4,GD.SSM BEKASI
2026-06-30T00:00:00,26JD01044217,26JD01044217,MX KING 150,HITAM,CASH,0,26850000,26850000,"BEKASI, Kab.",4,GD.SSM BEKASI
2026-06-30T00:00:00,26JD01044218,26JD01044218,MX KING 150,HITAM,CASH,0,26850000,26850000,"BEKASI, Kab.",4,GD.SSM BEKASI
2026-06-30T00:00:00,26JD01044219,26JD01044219,MX KING 150,HITAM,CASH,0,26850000,26850000,"BEKASI, Kab.",4,GD.SSM BEKASI
2026-06-30T00:00:00,26JD01044220,26JD01044220,MX KING 150,HITAM,CASH,0,26850000,26850000,"BEKASI, Kab.",4,GD.SSM BEKASI
2026-06-30T00:00:00,26JD01044221,26JD01044221,MX KING 150,HITAM,CASH,0,26850000,26850000,"BEKASI, Kab.",4,GD.SSM BEKASI
2026-06-30T00:00:00,26JD01044222,26JD01044222,MX KING 150,HITAM,CASH,0,26850000,26850000,"BEKASI, Kab.",4,GD.SSM BEKASI
2026-06-30T00:00:00,26JD01044223,26JD01044223,MX KING 150,HITAM,CASH,0,26850000,26850000,"BEKASI, Kab.",4,GD.SSM BEKASI
2026-06-30T00:00:00,26JD01044224,26JD01044224,MX KING 150,HITAM,CASH,0,26850000,26850000,"BEKASI, Kab.",4,GD.SSM BEKASI
2026-06-30T00:00:00,26JD01044225,26JD01044225,MX KING 150,HITAM,CASH,0,26850000,26850000,"BEKASI, Kab.",4,GD.SSM BEKASI
2026-06-30T00:00:00,26JD01044301,26JD01044301,MIO M3 CW,HITAM,CASH,0,15400000,15400000,"BEKASI, Kab.",4,GD.SSM BEKASI
2026-06-30T00:00:00,26JD01044302,26JD01044302,MIO M3 CW,HITAM,CASH,0,15400000,15400000,"BEKASI, Kab.",4,GD.SSM BEKASI
2026-06-30T00:00:00,26JD01044303,26JD01044303,MIO M3 CW,HITAM,CASH,0,15400000,15400000,"BEKASI, Kab.",4,GD.SSM BEKASI
2026-06-30T00:00:00,26JD01044304,26JD01044304,MIO M3 CW,HITAM,CASH,0,15400000,15400000,"BEKASI, Kab.",4,GD.SSM BEKASI
2026-06-30T00:00:00,26JD01044305,26JD01044305,MIO M3 CW,HITAM,CASH,0,15400000,15400000,"BEKASI, Kab.",4,GD.SSM BEKASI
2026-06-30T00:00:00,26JD01044306,26JD01044306,MIO M3 CW,HITAM,CASH,0,15400000,15400000,"BEKASI, Kab.",4,GD.SSM BEKASI
2026-06-30T00:00:00,26JD01044307,26JD01044307,MIO M3 CW,HITAM,CASH,0,15400000,15400000,"BEKASI, Kab.",4,GD.SSM BEKASI
2026-06-30T00:00:00,26JD01044308,26JD01044308,MIO M3 CW,HITAM,CASH,0,15400000,15400000,"BEKASI, Kab.",4,GD.SSM BEKASI
2026-06-30T00:00:00,26JD01044309,26JD01044309,MIO M3 CW,HITAM,CASH,0,15400000,15400000,"BEKASI, Kab.",4,GD.SSM BEKASI
2026-06-30T00:00:00,26JD01044310,26JD01044310,MIO M3 CW,HITAM,CASH,0,15400000,15400000,"BEKASI, Kab.",4,GD.SSM BEKASI
2026-06-30T00:00:00,26JD01044311,26JD01044311,MIO M3 CW,HITAM,CASH,0,15400000,15400000,"BEKASI, Kab.",4,GD.SSM BEKASI
2026-06-30T00:00:00,26JD01044312,26JD01044312,MIO M3 CW,HITAM,CASH,0,15400000,15400000,"BEKASI, Kab.",4,GD.SSM BEKASI
2026-06-30T00:00:00,26JD01044313,26JD01044313,MIO M3 CW,HITAM,CASH,0,15400000,15400000,"BEKASI, Kab.",4,GD.SSM BEKASI
2026-06-30T00:00:00,26JD01044314,26JD01044314,MIO M3 CW,HITAM,CASH,0,15400000,15400000,"BEKASI, Kab.",4,GD.SSM BEKASI
2026-06-30T00:00:00,26JD01044315,26JD01044315,MIO M3 CW,HITAM,CASH,0,15400000,15400000,"BEKASI, Kab.",4,GD.SSM BEKASI
2026-06-30T00:00:00,26JD01044316,26JD01044316,MIO M3 CW,HITAM,CASH,0,15400000,15400000,"BEKASI, Kab.",4,GD.SSM BEKASI
2026-06-30T00:00:00,26JD01044317,26JD01044317,MIO M3 CW,HITAM,CASH,0,15400000,15400000,"BEKASI, Kab.",4,GD.SSM BEKASI
2026-06-30T00:00:00,26JD01044318,26JD01044318,MIO M3 CW,HITAM,CASH,0,15400000,15400000,"BEKASI, Kab.",4,GD.SSM BEKASI
2026-06-30T00:00:00,26JD01044319,26JD01044319,MIO M3 CW,HITAM,CASH,0,15400000,15400000,"BEKASI, Kab.",4,GD.SSM BEKASI
2026-06-30T00:00:00,26JD01044320,26JD01044320,MIO M3 CW,HITAM,CASH,0,15400000,15400000,"BEKASI, Kab.",4,GD.SSM BEKASI
2026-06-30T00:00:00,26JD01044321,26JD01044321,MIO M3 CW,HITAM,CASH,0,15400000,15400000,"BEKASI, Kab.",4,GD.SSM BEKASI
2026-06-30T00:00:00,26JD01044322,26JD01044322,MIO M3 CW,HITAM,CASH,0,15400000,15400000,"BEKASI, Kab.",4,GD.SSM BEKASI
2026-06-30T00:00:00,26JD01044323,26JD01044323,MIO M3 CW,HITAM,CASH,0,15400000,15400000,"BEKASI, Kab.",4,GD.SSM BEKASI
2026-06-30T00:00:00,26JD01044324,26JD01044324,MIO M3 CW,HITAM,CASH,0,15400000,15400000,"BEKASI, Kab.",4,GD.SSM BEKASI
2026-06-30T00:00:00,26JD01044325,26JD01044325,MIO M3 CW,HITAM,CASH,0,15400000,15400000,"BEKASI, Kab.",4,GD.SSM BEKASI
2026-06-30T00:00:00,26JD01044401,26JD01044401,MIO M3 CW,HITAM,CASH,0,14500000,14500000,"BEKASI, Kab.",4,GD.SSM BEKASI
2026-06-30T00:00:00,26JD01044402,26JD01044402,MIO M3 CW,HITAM,CASH,0,14500000,14500000,"BEKASI, Kab.",4,GD.SSM BEKASI
2026-06-30T00:00:00,26JD01044403,26JD01044403,MIO M3 CW,HITAM,CASH,0,14500000,14500000,"BEKASI, Kab.",4,GD.SSM BEKASI
2026-06-30T00:00:00,26JD01044404,26JD01044404,MIO M3 CW,HITAM,CASH,0,14500000,14500000,"BEKASI, Kab.",4,GD.SSM BEKASI
2026-06-30T00:00:00,26JD01044405,26JD01044405,MIO M3 CW,HITAM,CASH,0,14500000,14500000,"BEKASI, Kab.",4,GD.SSM BEKASI
2026-06-30T00:00:00,26JD01044406,26JD01044406,MIO M3 CW,HITAM,CASH,0,14500000,14500000,"BEKASI, Kab.",4,GD.SSM BEKASI
2026-06-30T00:00:00,26JD01044407,26JD01044407,MIO M3 CW,HITAM,CASH,0,14500000,14500000,"BEKASI, Kab.",4,GD.SSM BEKASI
2026-06-30T00:00:00,26JD01044408,26JD01044408,MIO M3 CW,HITAM,CASH,0,14500000,14500000,"BEKASI, Kab.",4,GD.SSM BEKASI
2026-06-30T00:00:00,26JD01044409,26JD01044409,MIO M3 CW,HITAM,CASH,0,14500000,14500000,"BEKASI, Kab.",4,GD.SSM BEKASI
2026-06-30T00:00:00,26JD01044410,26JD01044410,MIO M3 CW,HITAM,CASH,0,14500000,14500000,"BEKASI, Kab.",4,GD.SSM BEKASI
2026-06-30T00:00:00,26JD01044411,26JD01044411,MIO M3 CW,HITAM,CASH,0,14500000,14500000,"BEKASI, Kab.",4,GD.SSM BEKASI
2026-06-30T00:00:00,26JD01044412,26JD01044412,MIO M3 CW,HITAM,CASH,0,14500000,14500000,"BEKASI, Kab.",4,GD.SSM BEKASI
2026-06-30T00:00:00,26JD01044413,26JD01044413,MIO M3 CW,HITAM,CASH,0,14500000,14500000,"BEKASI, Kab.",4,GD.SSM BEKASI
2026-06-30T00:00:00,26JD01044414,26JD01044414,MIO M3 CW,HITAM,CASH,0,14500000,14500000,"BEKASI, Kab.",4,GD.SSM BEKASI
2026-06-30T00:00:00,26JD01044415,26JD01044415,MIO M3 CW,HITAM,CASH,0,14500000,14500000,"BEKASI, Kab.",4,GD.SSM BEKASI
2026-06-30T00:00:00,26JD01044416,26JD01044416,MIO M3 CW,HITAM,CASH,0,14500000,14500000,"BEKASI, Kab.",4,GD.SSM BEKASI
2026-06-30T00:00:00,26JD01044417,26JD01044417,MIO M3 CW,HITAM,CASH,0,14500000,14500000,"BEKASI, Kab.",4,GD.SSM BEKASI
2026-06-30T00:00:00,26JD01044418,26JD01044418,MIO M3 CW,HITAM,CASH,0,14500000,14500000,"BEKASI, Kab.",4,GD.SSM BEKASI
2026-06-30T00:00:00,26JD01044419,26JD01044419,MIO M3 CW,HITAM,CASH,0,14500000,14500000,"BEKASI, Kab.",4,GD.SSM BEKASI
2026-06-30T00:00:00,26JD01044420,26JD01044420,MIO M3 CW,HITAM,CASH,0,14500000,14500000,"BEKASI, Kab.",4,GD.SSM BEKASI
2026-06-30T00:00:00,26JD01044421,26JD01044421,MIO M3 CW,HITAM,CASH,0,14500000,14500000,"BEKASI, Kab.",4,GD.SSM BEKASI
2026-06-30T00:00:00,26JD01044422,26JD01044422,MIO M3 CW,HITAM,CASH,0,14500000,14500000,"BEKASI, Kab.",4,GD.SSM BEKASI
2026-06-30T00:00:00,26JD01044423,26JD01044423,MIO M3 CW,HITAM,CASH,0,14500000,14500000,"BEKASI, Kab.",4,GD.SSM BEKASI
2026-06-30T00:00:00,26JD01044424,26JD01044424,MIO M3 CW,HITAM,CASH,0,14500000,14500000,"BEKASI, Kab.",4,GD.SSM BEKASI
2026-06-30T00:00:00,26JD01044425,26JD01044425,MIO M3 CW,HITAM,CASH,0,14500000,14500000,"BEKASI, Kab.",4,GD.SSM BEKASI
2026-06-30T00:00:00,26JD01044501,26JD01044501,MIO M3 CW,HITAM,CASH,0,15400000,15400000,"BEKASI, Kab.",4,GD.SSM BEKASI
2026-06-30T00:00:00,26JD01044502,26JD01044502,MIO M3 CW,HITAM,CASH,0,15400000,15400000,"BEKASI, Kab.",4,GD.SSM BEKASI
2026-06-30T00:00:00,26JD01044503,26JD01044503,MIO M3 CW,HITAM,CASH,0,15400000,15400000,"BEKASI, Kab.",4,GD.SSM BEKASI
2026-06-30T00:00:00,26JD01044504,26JD01044504,MIO M3 CW,HITAM,CASH,0,15400000,15400000,"BEKASI, Kab.",4,GD.SSM BEKASI
2026-06-30T00:00:00,26JD01044505,26JD01044505,MIO M3 CW,HITAM,CASH,0,15400000,15400000,"BEKASI, Kab.",4,GD.SSM BEKASI
2026-06-30T00:00:00,26JD01044506,26JD01044506,MIO M3 CW,HITAM,CASH,0,15400000,15400000,"BEKASI, Kab.",4,GD.SSM BEKASI
2026-06-30T00:00:00,26JD01044507,26JD01044507,MIO M3 CW,HITAM,CASH,0,15400000,15400000,"BEKASI, Kab.",4,GD.SSM BEKASI
2026-06-30T00:00:00,26JD01044508,26JD01044508,MIO M3 CW,HITAM,CASH,0,15400000,15400000,"BEKASI, Kab.",4,GD.SSM BEKASI
2026-06-30T00:00:00,26JD01044509,26JD01044509,MIO M3 CW,HITAM,CASH,0,15400000,15400000,"BEKASI, Kab.",4,GD.SSM BEKASI
2026-06-30T00:00:00,26JD01044510,26JD01044510,MIO M3 CW,HITAM,CASH,0,15400000,15400000,"BEKASI, Kab.",4,GD.SSM BEKASI
2026-06-30T00:00:00,26JD01044511,26JD01044511,MIO M3 CW,HITAM,CASH,0,15400000,15400000,"BEKASI, Kab.",4,GD.SSM BEKASI
2026-06-30T00:00:00,26JD01044512,26JD01044512,MIO M3 CW,HITAM,CASH,0,15400000,15400000,"BEKASI, Kab.",4,GD.SSM BEKASI
2026-06-30T00:00:00,26JD01044513,26JD01044513,MIO M3 CW,HITAM,CASH,0,15400000,15400000,"BEKASI, Kab.",4,GD.SSM BEKASI
2026-06-30T00:00:00,26JD01044514,26JD01044514,MIO M3 CW,HITAM,CASH,0,15400000,15400000,"BEKASI, Kab.",4,GD.SSM BEKASI
2026-06-30T00:00:00,26JD01044515,26JD01044515,MIO M3 CW,HITAM,CASH,0,15400000,15400000,"BEKASI, Kab.",4,GD.SSM BEKASI
2026-06-30T00:00:00,26JD01044516,26JD01044516,MIO M3 CW,HITAM,CASH,0,15400000,15400000,"BEKASI, Kab.",4,GD.SSM BEKASI
2026-06-30T00:00:00,26JD01044517,26JD01044517,MIO M3 CW,HITAM,CASH,0,15400000,15400000,"BEKASI, Kab.",4,GD.SSM BEKASI
2026-06-30T00:00:00,26JD01044518,26JD01044518,MIO M3 CW,HITAM,CASH,0,15400000,15400000,"BEKASI, Kab.",4,GD.SSM BEKASI
2026-06-30T00:00:00,26JD01044519,26JD01044519,MIO M3 CW,HITAM,CASH,0,15400000,15400000,"BEKASI, Kab.",4,GD.SSM BEKASI
2026-06-30T00:00:00,26JD01044520,26JD01044520,MIO M3 CW,HITAM,CASH,0,15400000,15400000,"BEKASI, Kab.",4,GD.SSM BEKASI
2026-06-30T00:00:00,26JD01044521,26JD01044521,MIO M3 CW,HITAM,CASH,0,15400000,15400000,"BEKASI, Kab.",4,GD.SSM BEKASI
2026-06-30T00:00:00,26JD01044522,26JD01044522,MIO M3 CW,HITAM,CASH,0,15400000,15400000,"BEKASI, Kab.",4,GD.SSM BEKASI
2026-06-30T00:00:00,26JD01044523,26JD01044523,MIO M3 CW,HITAM,CASH,0,15400000,15400000,"BEKASI, Kab.",4,GD.SSM BEKASI
2026-06-30T00:00:00,26JD01044524,26JD01044524,MIO M3 CW,HITAM,CASH,0,15400000,15400000,"BEKASI, Kab.",4,GD.SSM BEKASI
2026-06-30T00:00:00,26JD01044601,26JD01044601,MIO M3 CW,HITAM,CASH,0,15400000,15400000,"BEKASI, Kab.",41,GD.SSM BEKASI
2026-06-30T00:00:00,26JD01044602,26JD01044602,MIO M3 CW,HITAM,CASH,0,15400000,15400000,"BEKASI, Kab.",41,GD.SSM BEKASI
2026-06-30T00:00:00,26JD01044603,26JD01044603,MIO M3 CW,HITAM,CASH,0,15400000,15400000,"BEKASI, Kab.",41,GD.SSM BEKASI
2026-06-30T00:00:00,26JD01044604,26JD01044604,MIO M3 CW,PUTIH,CASH,0,15400000,15400000,"BEKASI, Kab.",41,GD.SSM BEKASI
2026-06-30T00:00:00,26JD01044605,26JD01044605,MIO M3 CW,PUTIH,CASH,0,15400000,15400000,"BEKASI, Kab.",41,GD.SSM BEKASI
2026-06-30T00:00:00,26JD01044606,26JD01044606,MIO M3 CW,PUTIH,CASH,0,15400000,15400000,"BEKASI, Kab.",41,GD.SSM BEKASI
2026-06-30T00:00:00,26JD01044607,26JD01044607,MIO M3 CW,PUTIH,CASH,0,15400000,15400000,"BEKASI, Kab.",41,GD.SSM BEKASI
2026-06-30T00:00:00,26JD01044608,26JD01044608,MIO M3 CW,PUTIH,CASH,0,15400000,15400000,"BEKASI, Kab.",41,GD.SSM BEKASI
2026-06-30T00:00:00,26JD01044609,26JD01044609,MIO M3 CW,PUTIH,CASH,0,15400000,15400000,"BEKASI, Kab.",41,GD.SSM BEKASI
2026-06-30T00:00:00,26JD01044610,26JD01044610,MIO M3 CW,PUTIH,CASH,0,15400000,15400000,"BEKASI, Kab.",41,GD.SSM BEKASI
2026-06-30T00:00:00,26JD01044611,26JD01044611,MIO M3 CW,PUTIH,CASH,0,15400000,15400000,"BEKASI, Kab.",41,GD.SSM BEKASI
2026-06-30T00:00:00,26JD01044701,26JD01044701,MIO M3 CW,PUTIH,CASH,0,15400000,15400000,"BEKASI, Kab.",6,GD.SSM BEKASI
2026-06-30T00:00:00,26JD01044702,26JD01044702,MIO M3 CW,PUTIH,CASH,0,15400000,15400000,"BEKASI, Kab.",12,GD.SSM BEKASI
2026-06-30T00:00:00,26JD01044703,26JD01044703,MIO M3 CW,PUTIH,CASH,0,15400000,15400000,"BEKASI, Kab.",12,GD.SSM BEKASI
2026-06-30T00:00:00,26JD01044704,26JD01044704,MIO M3 CW,PUTIH,CASH,0,15400000,15400000,"BEKASI, Kab.",12,GD.SSM BEKASI
2026-06-30T00:00:00,26JD01044705,26JD01044705,MIO M3 CW,PUTIH,CASH,0,15400000,15400000,"BEKASI, Kab.",6,GD.SSM BEKASI
2026-06-30T00:00:00,26JD01044801,26JD01044801,MIO M3 CW,PERAK HIJAU,CASH,0,15400000,15400000,"BEKASI, Kab.",12,GD.SSM BEKASI
2026-06-30T00:00:00,26JD01044802,26JD01044802,MIO M3 CW,PERAK HIJAU,CASH,0,15400000,15400000,"BEKASI, Kab.",6,GD.SSM BEKASI
2026-06-30T00:00:00,26JD01044803,26JD01044803,MIO M3 CW,PERAK HIJAU,CASH,0,15400000,15400000,"BEKASI, Kab.",12,GD.SSM BEKASI
2026-06-30T00:00:00,26JD01044804,26JD01044804,MIO M3 CW,PERAK HIJAU,CASH,0,15400000,15400000,"BEKASI, Kab.",12,GD.SSM BEKASI
2026-06-30T00:00:00,26JD01044901,26JD01044901,MIO M3 CW,PERAK HIJAU,CASH,0,15400000,15400000,"BEKASI, Kab.",12,GD.SSM BEKASI
2026-06-30T00:00:00,26JD01044902,26JD01044902,MIO M3 CW,PERAK HIJAU,CASH,0,15400000,15400000,"BEKASI, Kab.",12,GD.SSM BEKASI
2026-06-30T00:00:00,26JD01044903,26JD01044903,MIO M3 CW,PERAK HIJAU,CASH,0,15400000,15400000,"BEKASI, Kab.",8,GD.SSM BEKASI
2026-06-30T00:00:00,26JD01044904,26JD01044904,MIO M3 CW,PERAK HIJAU,CASH,0,15400000,15400000,"BEKASI, Kab.",8,GD.SSM BEKASI
2026-06-30T00:00:00,26JD01045001,26JD01045001,MIO M3 CW,PERAK HIJAU,CASH,0,15400000,15400000,"BEKASI, Kab.",8,GD.SSM BEKASI
2026-06-30T00:00:00,26JD01045002,26JD01045002,MIO M3 CW,PERAK HIJAU,CASH,0,15400000,15400000,"BEKASI, Kab.",8,GD.SSM BEKASI
2026-07-01T00:00:00,26FJK0102410,26SO01240401,NMAX NEO,BIRU,BAF CKR,35,800000,34340000,BEKASI,4,GD.SSM BEKASI
2026-07-01T00:00:00,26FJK0102411,26SO01240501,NMAX NEO S,HITAM,ADIRA DMGT,35,400000,35255000,"JAKARTA BARAT, KOTA.",5,SSM MOTOR
2026-07-01T00:00:00,26FJK0102412,26SO01240601,FAZZIO HYBRID LUX,ABU-ABU TUA,BAF BHL,11,3200000,24945000,"JAKARTA PUSAT, KOTA.",12,GD.SSM BEKASI
2026-07-01T00:00:00,26FJK0102413,26SO01240701,NMAX NEO S,PUTIH,BAF CKR,35,900000,35340000,"BEKASI, KAB.",5,GD.SSM BEKASI
2026-07-01T00:00:00,26FJK0102414,26SO01240801,GRAND FILANO HYBRID LUX,HITAM,BAF BHL,32,200000,29610000,"TANGERANG, KAB.",9,GD.SSM BEKASI
2026-07-01T00:00:00,26FJK0102415,26SO01240901,G ULTIMA HYBRID,PUTIH,BAF DPK,35,550000,20140000,"BEKASI, KOTA.",22,GD.SSM BEKASI
2026-07-01T00:00:00,26FJK0102416,26SO01241001,FREEGO 125,COKLAT,CASH,0,22855000,23355000,"BEKASI, KOTA.",5,GD.SSM BEKASI
2026-07-01T00:00:00,26FJK0102417,26SO01241101,MX KING 150 PRIMA PRAMAC,BIRU UNGU,CASH,0,24995000,24995000,"JAKARTA SELATAN, Kota.",16,GD.SSM BEKASI
2026-07-01T00:00:00,26FJK0102418,26SO01241201,FAZZIO HYBRID NEO,HIJAU MUDA,CASH,0,24250000,24650000,"BEKASI, KOTA.",8,GD.SSM BEKASI
2026-07-01T00:00:00,26FJK0102419,26SO01241301,NMAX NEO S,BIRU,BAF JAKARTA  2,33,300000,35340000,BEKASI,12,GD.SSM BEKASI
2026-07-01T00:00:00,26FJK0102420,26SO01241401,NMAX NEO S,HITAM,ADR KTPG,30,900000,35255000,"JAKARTA BARAT, KOTA.",6,GD.SSM BEKASI
2026-07-01T00:00:00,26FJK0102421,26SO01241501,FREEGO 125,HITAM,BAF TGR,33,250000,22865000,"JAKARTA SELATAN, Kota.",44,GD.SSM BEKASI
2026-07-01T00:00:00,26FJK0102422,26SO01241601,NMAX NEO S,BIRU,CASH,0,35140000,35640000,"BEKASI, KOTA.",5,GD.SSM BEKASI
2026-07-01T00:00:00,26FJK0102423,26SO01241701,GRAND FILANO HYBRID NEO,HIJAU,BAF CMPK,30,600000,28560000,"BEKASI, KOTA.",37,GD.SSM BEKASI
2026-07-02T00:00:00,26FJK0102424,26SO01241801,NMAX -TURBO-,ABU-ABU,BAF BHL,30,1300000,39165000,"JAKARTA TIMUR, KOTA.",3,GD.SSM BEKASI
2026-07-02T00:00:00,26FJK0102425,26SO01241901,FAZZIO HYBRID,ABU PINK,BAF JAKARTA  2,20,750000,22945000,BEKASI,6,SSM MOTOR
2026-07-02T00:00:00,26FJK0102426,26SO01242001,NMAX -TURBO-,ABU-ABU,CASH,0,38665000,39465000,"JAKARTA UTARA, KOTA.",3,GD.SSM BEKASI
2026-07-02T00:00:00,26FJK0102427,26SO01242101,AEROX ALPHA,HITAM,ADR KTPG,30,1000000,30400000,"JAKARTA TIMUR, KOTA.",3,GD.SSM BEKASI
2026-07-02T00:00:00,26FJK0102428,26SO01242201,MX KING 150 PRIMA PRAMAC,BIRU UNGU,ADR KTPG,35,2000000,29900000,"JAKARTA BARAT, KOTA.",8,GD.SSM BEKASI
2026-07-02T00:00:00,26FJK0102429,26SO01242301,NMAX NEO S,PUTIH,ADIRA BKS,35,3900000,35640000,"BEKASI, KOTA.",6,GD.SSM BEKASI
2026-07-02T00:00:00,26FJK0102430,26SO01242401,ALL NEW XSR 155,HITAM,ADIRA BKS,29,5100000,40520000,"BEKASI, KOTA.",13,GD.SSM BEKASI
2026-07-02T00:00:00,26FJK0102431,26SO01242501,NMAX NEO,HITAM,BAF CKR,35,800000,34340000,KAB TAMBUN,14,GD.SSM BEKASI
2026-07-02T00:00:00,26FJK0102432,26SO01242601,G ULTIMA HYBRID,HITAM,BAF CKR,35,800000,20450000,"BEKASI, KAB.",9,GD.SSM BEKASI
2026-07-02T00:00:00,26FJK0102433,26SO01242701,GRAND FILANO HYBRID NEO,HIJAU,BAF TGR,30,600000,28760000,"TANGERANG SELATAN, KOTA.",22,SSM MOTOR
2026-07-02T00:00:00,26FJK0102434,26SO01242802,FAZZIO HYBRID NEO,PUTIH,BAF BHL,32,500000,24255000,"JAKARTA PUSAT, KOTA.",7,GD.SSM BEKASI
2026-07-02T00:00:00,26FJK0102435,26SO01242901,GRAND FILANO HYBRID NEO,PUTIH,BAF BHL,30,600000,28515000,JAKARTA TIMUR,1,GD.SSM BEKASI
2026-07-02T00:00:00,26FJK0102436,26SO01243001,LEXI LX 155 CONNECTED,HITAM,ADIRA KLPG,30,0,27850000,JAJARTA TIMUR,14,GD.SSM BEKASI
2026-07-02T00:00:00,26FJK0102437,26SO01243002,LEXI LX 155 CONNECTED,HITAM,ADIRA KLPG,30,0,27850000,JAJARTA TIMUR,14,GD.SSM BEKASI
2026-07-02T00:00:00,26FJK0102438,26SO01243101,GRAND FILANO HYBRID NEO,UNGU MUDA,BAF BHL,32,0,28710000,BEKASI,1,GD.SSM BEKASI
2026-07-02T00:00:00,26FJK0102439,26SO01243201,G ULTIMA HYBRID SMART,HITAM,BAF BHL,35,200000,22785000,BEKASI,35,GD.SSM BEKASI
2026-07-02T00:00:00,26FJK0102440,26SO01243401,NMAX NEO S,HITAM,BAF CKR,35,900000,35340000,"BEKASI, KAB.",7,GD.SSM BEKASI
2026-07-02T00:00:00,26FJK0102441,26SO01243501,AEROX ALPHA,HITAM,BAF BHL,21,1000000,30820000,BEKASI,3,GD.SSM BEKASI
2026-07-02T00:00:00,26FJK0102442,26SO01243601,FAZZIO HYBRID LUX,ABU-ABU TUA,CASH,0,24950000,25350000,"BEKASI, KOTA.",1,SSM MOTOR
2026-07-02T00:00:00,26FJK0102443,26SO01243301,LEXI LX 155 CONNECTED,HITAM,BAF JAKARTA  2,35,0,28320000,BEKASI,17,GD.SSM BEKASI
2026-07-02T00:00:00,26JD01045101,26JD01045101,G ULTIMA HYBRID SMART,HITAM,CASH,0,19500000,19500000,"JAKARTA PUSAT, KOTA.",8,GD.SSM BEKASI
2026-07-02T00:00:00,26JD01045102,26JD01045102,G ULTIMA HYBRID SMART,BIRU,CASH,0,19500000,19500000,"JAKARTA PUSAT, KOTA.",10,GD.SSM BEKASI
2026-07-02T00:00:00,26JD01045103,26JD01045103,G ULTIMA HYBRID SMART,BIRU,CASH,0,19500000,19500000,"JAKARTA PUSAT, KOTA.",10,GD.SSM BEKASI
2026-07-02T00:00:00,26JD01045104,26JD01045104,G ULTIMA HYBRID SMART,HITAM,CASH,0,19500000,19500000,"JAKARTA PUSAT, KOTA.",8,GD.SSM BEKASI
2026-07-02T00:00:00,26JD01045105,26JD01045105,G ULTIMA HYBRID SMART,HITAM,CASH,0,19500000,19500000,"JAKARTA PUSAT, KOTA.",8,GD.SSM BEKASI
2026-07-02T00:00:00,26JD01045106,26JD01045106,G ULTIMA HYBRID SMART,HITAM,CASH,0,19500000,19500000,"JAKARTA PUSAT, KOTA.",8,GD.SSM BEKASI
2026-07-02T00:00:00,26JD01045107,26JD01045107,G ULTIMA HYBRID SMART,HITAM,CASH,0,19500000,19500000,"JAKARTA PUSAT, KOTA.",6,GD.SSM BEKASI
2026-07-02T00:00:00,26JD01045108,26JD01045108,G ULTIMA HYBRID SMART,HITAM,CASH,0,19500000,19500000,"JAKARTA PUSAT, KOTA.",6,GD.SSM BEKASI
2026-07-02T00:00:00,26JD01045109,26JD01045109,G ULTIMA HYBRID SMART,HITAM,CASH,0,19500000,19500000,"JAKARTA PUSAT, KOTA.",6,GD.SSM BEKASI
2026-07-02T00:00:00,26JD01045110,26JD01045110,G ULTIMA HYBRID SMART,HITAM,CASH,0,19500000,19500000,"JAKARTA PUSAT, KOTA.",8,GD.SSM BEKASI
2026-07-02T00:00:00,26JD01045111,26JD01045111,G ULTIMA HYBRID SMART,HITAM,CASH,0,19500000,19500000,"JAKARTA PUSAT, KOTA.",8,GD.SSM BEKASI
2026-07-02T00:00:00,26JD01045112,26JD01045112,G ULTIMA HYBRID SMART,HITAM,CASH,0,19500000,19500000,"JAKARTA PUSAT, KOTA.",13,GD.SSM BEKASI
2026-07-02T00:00:00,26JD01045113,26JD01045113,G ULTIMA HYBRID SMART,HITAM,CASH,0,19500000,19500000,"JAKARTA PUSAT, KOTA.",13,GD.SSM BEKASI
2026-07-02T00:00:00,26JD01045114,26JD01045114,G ULTIMA HYBRID SMART,HITAM,CASH,0,19500000,19500000,"JAKARTA PUSAT, KOTA.",13,GD.SSM BEKASI
2026-07-02T00:00:00,26JD01045115,26JD01045115,G ULTIMA HYBRID SMART,HITAM,CASH,0,19500000,19500000,"JAKARTA PUSAT, KOTA.",13,GD.SSM BEKASI
2026-07-02T00:00:00,26JD01045116,26JD01045116,G ULTIMA HYBRID SMART,HITAM,CASH,0,19500000,19500000,"JAKARTA PUSAT, KOTA.",13,GD.SSM BEKASI
2026-07-02T00:00:00,26JD01045117,26JD01045117,G ULTIMA HYBRID SMART,HITAM,CASH,0,19500000,19500000,"JAKARTA PUSAT, KOTA.",13,GD.SSM BEKASI
2026-07-02T00:00:00,26JD01045118,26JD01045118,G ULTIMA HYBRID SMART,HITAM,CASH,0,19500000,19500000,"JAKARTA PUSAT, KOTA.",13,GD.SSM BEKASI
2026-07-02T00:00:00,26JD01045119,26JD01045119,G ULTIMA HYBRID SMART,HITAM,CASH,0,19500000,19500000,"JAKARTA PUSAT, KOTA.",13,SSM MOTOR
2026-07-02T00:00:00,26JD01045120,26JD01045120,G ULTIMA HYBRID SMART,HITAM,CASH,0,19500000,19500000,"JAKARTA PUSAT, KOTA.",13,SSM MOTOR
2026-07-02T00:00:00,26JD01045201,26JD01045201,MIO M3 CW,HITAM,CASH,0,15600000,15600000,"JAKARTA PUSAT, KOTA.",2,GD.SSM BEKASI
2026-07-02T00:00:00,26JD01045202,26JD01045202,MIO M3 CW,HITAM,CASH,0,15600000,15600000,"JAKARTA PUSAT, KOTA.",8,SSM MOTOR
2026-07-02T00:00:00,26JD01045203,26JD01045203,MIO M3 CW,HITAM,CASH,0,15600000,15600000,"JAKARTA PUSAT, KOTA.",8,GD.SSM BEKASI
2026-07-02T00:00:00,26JD01045204,26JD01045204,MIO M3 CW,HITAM,CASH,0,15600000,15600000,"JAKARTA PUSAT, KOTA.",8,GD.SSM BEKASI
2026-07-02T00:00:00,26JD01045205,26JD01045205,MIO M3 CW,HITAM,CASH,0,15600000,15600000,"JAKARTA PUSAT, KOTA.",2,GD.SSM BEKASI
2026-07-02T00:00:00,26JD01045206,26JD01045206,MIO M3 CW,HITAM,CASH,0,15600000,15600000,"JAKARTA PUSAT, KOTA.",8,GD.SSM BEKASI
2026-07-02T00:00:00,26JD01045207,26JD01045207,MIO M3 CW,HITAM,CASH,0,15600000,15600000,"JAKARTA PUSAT, KOTA.",8,GD.SSM BEKASI
2026-07-02T00:00:00,26JD01045208,26JD01045208,MIO M3 CW,HITAM,CASH,0,15600000,15600000,"JAKARTA PUSAT, KOTA.",2,GD.SSM BEKASI
2026-07-02T00:00:00,26JD01045209,26JD01045209,MIO M3 CW,HITAM,CASH,0,15600000,15600000,"JAKARTA PUSAT, KOTA.",23,GD.SSM BEKASI
2026-07-02T00:00:00,26JD01045210,26JD01045210,MIO M3 CW,MERAH,CASH,0,15600000,15600000,"JAKARTA PUSAT, KOTA.",5,GD.SSM BEKASI
2026-07-02T00:00:00,26JD01045211,26JD01045211,MIO M3 CW,PERAK HIJAU,CASH,0,15600000,15600000,"JAKARTA PUSAT, KOTA.",5,GD.SSM BEKASI
2026-07-02T00:00:00,26JD01045212,26JD01045212,MIO M3 CW,PERAK HIJAU,CASH,0,15600000,15600000,"JAKARTA PUSAT, KOTA.",5,GD.SSM BEKASI
2026-07-02T00:00:00,26JD01045213,26JD01045213,MIO M3 CW,MERAH,CASH,0,15600000,15600000,"JAKARTA PUSAT, KOTA.",5,GD.SSM BEKASI
2026-07-02T00:00:00,26JD01045214,26JD01045214,MIO M3 CW,MERAH,CASH,0,15600000,15600000,"JAKARTA PUSAT, KOTA.",5,GD.SSM BEKASI
2026-07-02T00:00:00,26JD01045215,26JD01045215,MIO M3 CW,MERAH,CASH,0,15600000,15600000,"JAKARTA PUSAT, KOTA.",5,GD.SSM BEKASI
2026-07-02T00:00:00,26JD01045216,26JD01045216,MIO M3 CW,MERAH,CASH,0,15600000,15600000,"JAKARTA PUSAT, KOTA.",5,GD.SSM BEKASI
2026-07-02T00:00:00,26JD01045217,26JD01045217,MIO M3 CW,MERAH,CASH,0,15600000,15600000,"JAKARTA PUSAT, KOTA.",5,GD.SSM BEKASI
2026-07-02T00:00:00,26JD01045218,26JD01045218,MIO M3 CW,MERAH,CASH,0,15600000,15600000,"JAKARTA PUSAT, KOTA.",5,GD.SSM BEKASI
2026-07-02T00:00:00,26JD01045219,26JD01045219,MIO M3 CW,MERAH,CASH,0,15600000,15600000,"JAKARTA PUSAT, KOTA.",5,GD.SSM BEKASI
2026-07-02T00:00:00,26JD01045220,26JD01045220,MIO M3 CW,MERAH,CASH,0,15600000,15600000,"JAKARTA PUSAT, KOTA.",5,GD.SSM BEKASI
2026-07-02T00:00:00,26JD01045221,26JD01045221,MIO M3 CW,MERAH,CASH,0,15600000,15600000,"JAKARTA PUSAT, KOTA.",5,GD.SSM BEKASI
2026-07-02T00:00:00,26JD01045222,26JD01045222,MIO M3 CW,PERAK HIJAU,CASH,0,15600000,15600000,"JAKARTA PUSAT, KOTA.",5,GD.SSM BEKASI
2026-07-02T00:00:00,26JD01045223,26JD01045223,MIO M3 CW,HITAM,CASH,0,15600000,15600000,"JAKARTA PUSAT, KOTA.",2,GD.SSM BEKASI
2026-07-02T00:00:00,26JD01045224,26JD01045224,MIO M3 CW,HITAM,CASH,0,15600000,15600000,"JAKARTA PUSAT, KOTA.",2,GD.SSM BEKASI
2026-07-02T00:00:00,26JD01045225,26JD01045225,MIO M3 CW,HITAM,CASH,0,15600000,15600000,"JAKARTA PUSAT, KOTA.",2,GD.SSM BEKASI
2026-07-02T00:00:00,26JD01045301,26JD01045301,MIO M3 CW,HITAM,CASH,0,15600000,15600000,"JAKARTA PUSAT, KOTA.",2,GD.SSM BEKASI
2026-07-02T00:00:00,26JD01045302,26JD01045302,MIO M3 CW,HITAM,CASH,0,15600000,15600000,"JAKARTA PUSAT, KOTA.",2,GD.SSM BEKASI
2026-07-02T00:00:00,26JD01045303,26JD01045303,MIO M3 CW,HITAM,CASH,0,15600000,15600000,"JAKARTA PUSAT, KOTA.",2,GD.SSM BEKASI
2026-07-02T00:00:00,26JD01045304,26JD01045304,MIO M3 CW,HITAM,CASH,0,15600000,15600000,"JAKARTA PUSAT, KOTA.",2,GD.SSM BEKASI
2026-07-02T00:00:00,26JD01045305,26JD01045305,MIO M3 CW,HITAM,CASH,0,15600000,15600000,"JAKARTA PUSAT, KOTA.",2,GD.SSM BEKASI
2026-07-02T00:00:00,26JD01045306,26JD01045306,MIO M3 CW,HITAM,CASH,0,15600000,15600000,"JAKARTA PUSAT, KOTA.",2,GD.SSM BEKASI
2026-07-02T00:00:00,26JD01045307,26JD01045307,MIO M3 CW,HITAM,CASH,0,15600000,15600000,"JAKARTA PUSAT, KOTA.",2,GD.SSM BEKASI
2026-07-02T00:00:00,26JD01045308,26JD01045308,MIO M3 CW,HITAM,CASH,0,15600000,15600000,"JAKARTA PUSAT, KOTA.",2,GD.SSM BEKASI
2026-07-02T00:00:00,26JD01045309,26JD01045309,MIO M3 CW,HITAM,CASH,0,15600000,15600000,"JAKARTA PUSAT, KOTA.",2,GD.SSM BEKASI
2026-07-02T00:00:00,26JD01045310,26JD01045310,MIO M3 CW,HITAM,CASH,0,15600000,15600000,"JAKARTA PUSAT, KOTA.",2,GD.SSM BEKASI
2026-07-02T00:00:00,26JD01045311,26JD01045311,MIO M3 CW,PERAK HIJAU,CASH,0,15600000,15600000,"JAKARTA PUSAT, KOTA.",8,GD.SSM BEKASI
2026-07-02T00:00:00,26JD01045312,26JD01045312,MIO M3 CW,HITAM,CASH,0,15600000,15600000,"JAKARTA PUSAT, KOTA.",2,GD.SSM BEKASI
2026-07-02T00:00:00,26JD01045313,26JD01045313,MIO M3 CW,HITAM,CASH,0,15600000,15600000,"JAKARTA PUSAT, KOTA.",8,GD.SSM BEKASI
2026-07-02T00:00:00,26JD01045314,26JD01045314,MIO M3 CW,PERAK HIJAU,CASH,0,15600000,15600000,"JAKARTA PUSAT, KOTA.",8,GD.SSM BEKASI
2026-07-02T00:00:00,26JD01045315,26JD01045315,MIO M3 CW,MERAH,CASH,0,15600000,15600000,"JAKARTA PUSAT, KOTA.",5,SSM MOTOR
2026-07-02T00:00:00,26JD01045316,26JD01045316,MIO M3 CW,MERAH,CASH,0,15600000,15600000,"JAKARTA PUSAT, KOTA.",5,GD.SSM BEKASI
2026-07-02T00:00:00,26JD01045317,26JD01045317,MIO M3 CW,PUTIH,CASH,0,15600000,15600000,"JAKARTA PUSAT, KOTA.",8,GD.SSM BEKASI
2026-07-02T00:00:00,26JD01045318,26JD01045318,MIO M3 CW,PERAK HIJAU,CASH,0,15600000,15600000,"JAKARTA PUSAT, KOTA.",8,GD.SSM BEKASI
2026-07-02T00:00:00,26JD01045319,26JD01045319,MIO M3 CW,PERAK HIJAU,CASH,0,15600000,15600000,"JAKARTA PUSAT, KOTA.",8,GD.SSM BEKASI
2026-07-02T00:00:00,26JD01045320,26JD01045320,MIO M3 CW,PERAK HIJAU,CASH,0,15600000,15600000,"JAKARTA PUSAT, KOTA.",5,GD.SSM BEKASI
2026-07-02T00:00:00,26JD01045321,26JD01045321,MIO M3 CW,MERAH,CASH,0,15600000,15600000,"JAKARTA PUSAT, KOTA.",5,GD.SSM BEKASI
2026-07-02T00:00:00,26JD01045322,26JD01045322,MIO M3 CW,HITAM,CASH,0,15600000,15600000,"JAKARTA PUSAT, KOTA.",14,GD.SSM BEKASI
2026-07-02T00:00:00,26JD01045323,26JD01045323,MIO M3 CW,HITAM,CASH,0,15600000,15600000,"JAKARTA PUSAT, KOTA.",14,GD.SSM BEKASI
2026-07-02T00:00:00,26JD01045324,26JD01045324,MIO M3 CW,PERAK HIJAU,CASH,0,15600000,15600000,"JAKARTA PUSAT, KOTA.",8,GD.SSM BEKASI
2026-07-02T00:00:00,26JD01045325,26JD01045325,MIO M3 CW,HITAM,CASH,0,15600000,15600000,"JAKARTA PUSAT, KOTA.",14,GD.SSM BEKASI
2026-07-02T00:00:00,26JD01045401,26JD01045401,LEXI LX 155 S CONNECTED,PERAK,CASH,0,23555210,23555210,"JAKARTA BARAT, KOTA.",10,GD.SSM BEKASI
2026-07-02T00:00:00,26JD01045402,26JD01045402,GRAND FILANO HYBRID NEO,HIJAU,CASH,0,22810947,22810947,"JAKARTA BARAT, KOTA.",115,SSM MOTOR
2026-07-03T00:00:00,26FJK0102444,26SO01243701,NMAX NEO S,HITAM,BAF BHL,35,900000,35340000,"BEKASI, KOTA.",7,SSM MOTOR
2026-07-03T00:00:00,26FJK0102445,26SO01243801,FAZZIO STARRY NIGHT,PERAK MUDA,CASH,0,24450000,25250000,JAKARTA TIMUR,95,GD.SSM BEKASI
2026-07-03T00:00:00,26FJK0102446,26SO01243901,FAZZIO STARRY NIGHT,PERAK MUDA,CASH,0,24705000,25505000,KOTA DEPOK,95,GD.SSM BEKASI
2026-07-03T00:00:00,26FJK0102447,26SO01244001,AEROX ALPHA,HITAM,BAF DPK,21,1600000,30650000,"BOGOR, KAB.",3,GD.SSM BEKASI
2026-07-03T00:00:00,26FJK0102448,26SO01244201,AEROX ALPHA CYBERCITY ABS,PUTIH,BAF BHL,30,1050000,34640000,TANGERANG,9,GD.SSM BEKASI
2026-07-03T00:00:00,26FJK0102449,26SO01244301,G ULTIMA HYBRID SOLID,ABU-ABU,CASH,0,20060000,20660000,JAKARTA UTARA,9,GD.SSM BEKASI
2026-07-03T00:00:00,26FJK0102450,26SO01244401,FAZZIO HYBRID,ABU PINK,BAF JAKARTA  2,32,400000,22945000,BEKASI,2,GD.SSM BEKASI
2026-07-03T00:00:00,26FJK0102451,26SO01244801,GRAND FILANO HYBRID LUX,PERAK MUDA,CASH,0,28445000,29145000,"JAKARTA BARAT, KOTA.",65,GD.SSM BEKASI
2026-07-03T00:00:00,26FJK0102452,26SO01245001,FAZZIO HYBRID NEO,UNGU MUDA,BAF JAKARTA  2,20,1000000,24500000,"BEKASI, KOTA.",31,GD.SSM BEKASI
2026-07-03T00:00:00,26FJK0102453,26SO01244601,GRAND FILANO HYBRID NEO,ABU-ABU,CASH,0,27900000,28665000,"JAKARTA UTARA, KOTA.",80,GD.SSM BEKASI
2026-07-03T00:00:00,26FJK0102454,26SO01244701,NMAX NEO S,BIRU,BAF DPK,30,900000,35255000,"JAKARTA BARAT, KOTA.",2,GD.SSM BEKASI
2026-07-03T00:00:00,26FJK0102455,26SO01244901,FAZZIO STARRY NIGHT,PERAK MUDA,BAF CKR,32,100000,25505000,"BEKASI, KOTA.",95,SSM MOTOR
2026-07-03T00:00:00,26FJK0102456,26SO01245101,GRAND FILANO HYBRID NEO,ABU-ABU,BAF CKR,32,600000,28560000,"BEKASI, KOTA.",127,GD.SSM BEKASI
2026-07-03T00:00:00,26FJK0102457,26SO01245301,FREEGO 125,HITAM,BAF BHL,33,200000,23355000,BEKASI,2,SSM MOTOR
2026-07-03T00:00:00,26FJK0102458,26SO01245201,NMAX NEO S,HITAM,BAF JAKARTA  2,30,300000,35640000,BEKASI,2,GD.SSM BEKASI
2026-07-03T00:00:00,26FJK0102459,26SO01245501,NMAX -TURBO- TECH MAX,ABU-ABU,CASH,0,46600000,47015000,"BEKASI, KAB.",4,GD.SSM BEKASI
2026-07-03T00:00:00,26FJK0102460,26SO01245401,FAZZIO HYBRID LUX,ABU-ABU TUA,CASH,0,24950000,25350000,"BEKASI, KOTA.",48,SSM MOTOR
2026-07-03T00:00:00,26JD01045501,26JD01045501,NMAX -TURBO- TECH MAX,ABU-ABU,CASH,0,38200000,38200000,"JAKARTA BARAT, KOTA.",21,SSM MOTOR
2026-07-03T00:00:00,26JD01045502,26JD01045502,NMAX -TURBO- TECH MAX,ABU-ABU,CASH,0,38200000,38200000,"JAKARTA BARAT, KOTA.",21,SSM MOTOR
2026-07-03T00:00:00,26JD01045503,26JD01045503,NMAX -TURBO- TECH MAX,ABU-ABU,CASH,0,38200000,38200000,"JAKARTA BARAT, KOTA.",8,GD.SSM BEKASI
2026-07-03T00:00:00,26JD01045504,26JD01045504,NMAX -TURBO- TECH MAX,ABU-ABU,CASH,0,38200000,38200000,"JAKARTA BARAT, KOTA.",15,GD.SSM BEKASI
2026-07-03T00:00:00,26JD01045505,26JD01045505,NMAX -TURBO- TECH MAX,ABU-ABU,CASH,0,38200000,38200000,"JAKARTA BARAT, KOTA.",2,GD.SSM BEKASI
2026-07-04T00:00:00,26FJK0102461,26SO01245601,GRAND FILANO HYBRID NEO,ABU-ABU,BAF JAKARTA  2,26,1100000,28560000,"BEKASI, KOTA.",128,GD.SSM BEKASI
2026-07-04T00:00:00,26FJK0102462,26SO01245701,GRAND FILANO HYBRID NEO,UNGU MUDA,CASH,0,27965000,28665000,JAKARTA UTARA,14,GD.SSM BEKASI
2026-07-04T00:00:00,26FJK0102463,26SO01245801,G ULTIMA HYBRID,PUTIH,BAF DPK,35,100000,20240000,"JAKARTA TIMUR, KOTA.",74,GD.SSM BEKASI
2026-07-04T00:00:00,26FJK0102464,26SO01245901,AEROX ALPHA,BIRU,WOM,30,900000,30650000,"BOGOR, KAB.",10,GD.SSM BEKASI
2026-07-04T00:00:00,26FJK0102465,26SO01246001,NMAX NEO S,HITAM,ADIRA TBN,35,900000,35340000,BEKASI,2,GD.SSM BEKASI
2026-07-04T00:00:00,26FJK0102466,26SO01246101,AEROX ALPHA,HITAM,BAF JAKARTA  2,21,2400000,30520000,"BEKASI, KAB.",3,SSM MOTOR
2026-07-04T00:00:00,26FJK0102467,26SO01246201,FAZZIO HYBRID NEO,PUTIH,BAF JAKARTA  2,32,250000,24500000,BEKASI,60,GD.SSM BEKASI
2026-07-04T00:00:00,26FJK0102468,26SO01246401,FAZZIO HYBRID NEO,PUTIH,BAF CKR,32,500000,24500000,"BEKASI, KAB.",60,GD.SSM BEKASI
2026-07-04T00:00:00,26FJK0102469,26SO01246501,FAZZIO HYBRID,BIRU PUTIH,BAF BHL,35,500000,22670000,"JAKARTA SELATAN, Kota.",71,GD.SSM BEKASI
2026-07-04T00:00:00,26FJK0102470,26SO01246801,GRAND FILANO HYBRID NEO,UNGU MUDA,CASH,0,27965000,28665000,JAKARTA BARAT,7,GD.SSM BEKASI
2026-07-04T00:00:00,26FJK0102471,26SO01246901,FAZZIO HYBRID NEO,PUTIH,ADIRA DMGT,23,1100000,24405000,JAKARTA,129,GD.SSM BEKASI
2026-07-04T00:00:00,26FJK0102472,26SO01247201,FAZZIO HYBRID NEO,PUTIH,BAF CKR,30,400000,24500000,KOTA BEKASI,114,GD.SSM BEKASI
2026-07-04T00:00:00,26FJK0102474,26SO01247001,NMAX NEO S,HITAM,ADIRA TBN,30,500000,35640000,BEKASI,9,GD.SSM BEKASI
2026-07-04T00:00:00,26FJK0102475,26SO01247101,NMAX NEO S,MERAH,BAF CKR,30,900000,35340000,KAB BEKASI,9,GD.SSM BEKASI
2026-07-04T00:00:00,26FJK0102476,26SO01247301,NMAX NEO S,HITAM,BAF CKR,26,1600000,35340000,BEKASI,2,GD.SSM BEKASI
2026-07-04T00:00:00,26FJK0102477,26SO01247501,GRAND FILANO HYBRID NEO,ABU-ABU,BAF BHL,17,2900000,28710000,JAKARTA,87,GD.SSM BEKASI
2026-07-04T00:00:00,26FJK0102478,26SO01248001,FAZZIO HYBRID NEO,PUTIH,CASH,0,23955000,24405000,BEKASI,114,GD.SSM BEKASI
2026-07-04T00:00:00,26FJK0102479,26SO01247801,GRAND FILANO HYBRID LUX,HITAM,BAF BHL,30,700000,28995000,"JAKARTA TIMUR, KOTA.",15,GD.SSM BEKASI
2026-07-04T00:00:00,26FJK0102480,26SO01247401,FAZZIO HYBRID NEO,UNGU,BAF JAKARTA  2,32,500000,24500000,"BEKASI, KOTA.",46,GD.SSM BEKASI
2026-07-04T00:00:00,26FJK0102481,26SO01247701,AEROX ALPHA,HITAM,BAF CKR,35,1000000,30820000,"BEKASI, KAB.",3,GD.SSM BEKASI
2026-07-04T00:00:00,26FJK0102482,26SO01247901,FAZZIO HYBRID,ABU PINK,BAF CMPK,32,250000,22670000,JAKARTA,16,GD.SSM BEKASI
2026-07-04T00:00:00,26FJK0102483,26SO01247601,NMAX NEO S,HITAM,BAF BHL,35,900000,35340000,BEKASI,2,GD.SSM BEKASI
2026-07-04T00:00:00,26FJK0102484,26SO01248101,ALL NEW XSR 155,HITAM,ADIRA DMGT,23,2600000,40265000,"JAKARTA BARAT, KOTA.",71,GD.SSM BEKASI
2026-07-04T00:00:00,26FJK0102485,26SO01248201,NMAX -TURBO- TECH MAX,PERAK,BAF BHL,32,5800000,44965000,"JAKARTA BARAT, KOTA.",77,GD.SSM BEKASI
2026-07-04T00:00:00,26FJK0102486,26SO01246301,NMAX NEO S,BIRU,CASH,0,34755000,35555000,"JAKARTA BARAT, KOTA.",3,GD.SSM BEKASI
2026-07-04T00:00:00,26FJK0102487,26SO01248301,FAZZIO HYBRID NEO,HIJAU MUDA,BAF BHL,32,500000,24500000,BEKASI,10,GD.SSM BEKASI
2026-07-04T00:00:00,26FJK0102488,26SO01248401,G ULTIMA HYBRID S,ABU-ABU TUA,CASH,0,21700000,21950000,BEKASI,150,GD.SSM BEKASI
2026-07-04T00:00:00,26JD01045601,26JD01045601,XMAX SPC LIVERY,HITAM,CASH,0,57208986,57208986,"JAKARTA BARAT, KOTA.",4,GD.SSM BEKASI
2026-07-04T00:00:00,26JD01045602,26JD01045602,AEROX ALPHA CYBERCITY ABS,UNGU,CASH,0,27917586,27917586,"JAKARTA BARAT, KOTA.",4,GD.SSM BEKASI
2026-07-05T00:00:00,26FJK0102490,26SO01248601,AEROX ALPHA,HITAM,CASH,0,30250000,30700000,"JAKARTA UTARA, KOTA.",3,GD.SSM BEKASI
2026-07-05T00:00:00,26FJK0102491,26SO01248701,FAZZIO HYBRID NEO,HIJAU MUDA,CASH,0,23805000,24405000,"JAKARTA TIMUR, KOTA.",12,GD.SSM BEKASI
2026-07-05T00:00:00,26FJK0102492,26SO01248801,FAZZIO HYBRID NEO,PUTIH,BAF CMPK,20,250000,24405000,JAKARTA,115,GD.SSM BEKASI
2026-07-05T00:00:00,26JD01045701,26JD01045701,AEROX ALPHA,MERAH,CASH,0,26000000,26000000,"JAKARTA SELATAN, Kota.",3,GD.SSM BEKASI
2026-07-05T00:00:00,26JD01045702,26JD01045702,AEROX ALPHA,BIRU,CASH,0,26000000,26000000,"JAKARTA SELATAN, Kota.",3,GD.SSM BEKASI
2026-07-05T00:00:00,26JD01045703,26JD01045703,AEROX ALPHA,BIRU,CASH,0,26000000,26000000,"JAKARTA SELATAN, Kota.",3,GD.SSM BEKASI
2026-07-05T00:00:00,26JD01045704,26JD01045704,AEROX ALPHA,HITAM,CASH,0,26000000,26000000,"JAKARTA SELATAN, Kota.",3,GD.SSM BEKASI
2026-07-05T00:00:00,26JD01045705,26JD01045705,AEROX ALPHA,HITAM,CASH,0,26000000,26000000,"JAKARTA SELATAN, Kota.",5,GD.SSM BEKASI
2026-07-05T00:00:00,26JD01045706,26JD01045706,AEROX ALPHA,MERAH,CASH,0,26000000,26000000,"JAKARTA SELATAN, Kota.",4,GD.SSM BEKASI
2026-07-05T00:00:00,26JD01045707,26JD01045707,AEROX ALPHA,HITAM,CASH,0,26000000,26000000,"JAKARTA SELATAN, Kota.",4,GD.SSM BEKASI
2026-07-05T00:00:00,26JD01045708,26JD01045708,AEROX ALPHA,HITAM,CASH,0,26000000,26000000,"JAKARTA SELATAN, Kota.",6,GD.SSM BEKASI
2026-07-05T00:00:00,26JD01045709,26JD01045709,AEROX ALPHA,HITAM,CASH,0,26000000,26000000,"JAKARTA SELATAN, Kota.",4,GD.SSM BEKASI
2026-07-05T00:00:00,26JD01045710,26JD01045710,AEROX ALPHA,HITAM,CASH,0,26000000,26000000,"JAKARTA SELATAN, Kota.",4,GD.SSM BEKASI
2026-07-05T00:00:00,26JD01045711,26JD01045711,AEROX ALPHA,HITAM,CASH,0,26000000,26000000,"JAKARTA SELATAN, Kota.",6,GD.SSM BEKASI
2026-07-05T00:00:00,26JD01045712,26JD01045712,AEROX ALPHA,HITAM,CASH,0,26000000,26000000,"JAKARTA SELATAN, Kota.",6,GD.SSM BEKASI
2026-07-05T00:00:00,26JD01045713,26JD01045713,AEROX ALPHA,HITAM,CASH,0,26000000,26000000,"JAKARTA SELATAN, Kota.",6,GD.SSM BEKASI
2026-07-05T00:00:00,26JD01045714,26JD01045714,AEROX ALPHA,HITAM,CASH,0,26000000,26000000,"JAKARTA SELATAN, Kota.",6,GD.SSM BEKASI
2026-07-05T00:00:00,26JD01045715,26JD01045715,AEROX ALPHA,HITAM,CASH,0,26000000,26000000,"JAKARTA SELATAN, Kota.",6,GD.SSM BEKASI
2026-07-05T00:00:00,26JD01045716,26JD01045716,AEROX ALPHA,HITAM,CASH,0,26000000,26000000,"JAKARTA SELATAN, Kota.",6,GD.SSM BEKASI
2026-07-05T00:00:00,26JD01045717,26JD01045717,AEROX ALPHA,HITAM,CASH,0,26000000,26000000,"JAKARTA SELATAN, Kota.",6,GD.SSM BEKASI
2026-07-05T00:00:00,26JD01045718,26JD01045718,AEROX ALPHA,HITAM,CASH,0,26000000,26000000,"JAKARTA SELATAN, Kota.",6,GD.SSM BEKASI
2026-07-05T00:00:00,26JD01045719,26JD01045719,AEROX ALPHA,HITAM,CASH,0,26000000,26000000,"JAKARTA SELATAN, Kota.",6,GD.SSM BEKASI
2026-07-05T00:00:00,26JD01045720,26JD01045720,AEROX ALPHA,HITAM,CASH,0,26000000,26000000,"JAKARTA SELATAN, Kota.",3,GD.SSM BEKASI
2026-07-05T00:00:00,26JD01045801,26JD01045801,AEROX ALPHA,HITAM,CASH,0,26000000,26000000,"JAKARTA SELATAN, Kota.",6,GD.SSM BEKASI
2026-07-05T00:00:00,26JD01045802,26JD01045802,AEROX ALPHA,HITAM,CASH,0,26000000,26000000,"JAKARTA SELATAN, Kota.",6,GD.SSM BEKASI
2026-07-05T00:00:00,26JD01045803,26JD01045803,AEROX ALPHA,HITAM,CASH,0,26000000,26000000,"JAKARTA SELATAN, Kota.",6,GD.SSM BEKASI
2026-07-05T00:00:00,26JD01045804,26JD01045804,AEROX ALPHA,HITAM,CASH,0,26000000,26000000,"JAKARTA SELATAN, Kota.",6,GD.SSM BEKASI
2026-07-05T00:00:00,26JD01045805,26JD01045805,AEROX ALPHA,HITAM,CASH,0,26000000,26000000,"JAKARTA SELATAN, Kota.",6,GD.SSM BEKASI
2026-07-05T00:00:00,26JD01045806,26JD01045806,AEROX ALPHA,HITAM,CASH,0,26000000,26000000,"JAKARTA SELATAN, Kota.",6,GD.SSM BEKASI
2026-07-05T00:00:00,26JD01045807,26JD01045807,AEROX ALPHA,HITAM,CASH,0,26000000,26000000,"JAKARTA SELATAN, Kota.",6,GD.SSM BEKASI
2026-07-05T00:00:00,26JD01045808,26JD01045808,AEROX ALPHA,HITAM,CASH,0,26000000,26000000,"JAKARTA SELATAN, Kota.",6,GD.SSM BEKASI
2026-07-05T00:00:00,26JD01045809,26JD01045809,AEROX ALPHA,HITAM,CASH,0,26000000,26000000,"JAKARTA SELATAN, Kota.",4,GD.SSM BEKASI
2026-07-05T00:00:00,26JD01045810,26JD01045810,AEROX ALPHA,HITAM,CASH,0,26000000,26000000,"JAKARTA SELATAN, Kota.",6,GD.SSM BEKASI
2026-07-05T00:00:00,26JD01045811,26JD01045811,AEROX ALPHA,HITAM,CASH,0,26000000,26000000,"JAKARTA SELATAN, Kota.",6,GD.SSM BEKASI
2026-07-05T00:00:00,26JD01045812,26JD01045812,AEROX ALPHA,HITAM,CASH,0,26000000,26000000,"JAKARTA SELATAN, Kota.",6,GD.SSM BEKASI
2026-07-05T00:00:00,26JD01045813,26JD01045813,AEROX ALPHA,HITAM,CASH,0,26000000,26000000,"JAKARTA SELATAN, Kota.",6,GD.SSM BEKASI
2026-07-05T00:00:00,26JD01045814,26JD01045814,AEROX ALPHA,HITAM,CASH,0,26000000,26000000,"JAKARTA SELATAN, Kota.",6,GD.SSM BEKASI
2026-07-05T00:00:00,26JD01045815,26JD01045815,AEROX ALPHA,HITAM,CASH,0,26000000,26000000,"JAKARTA SELATAN, Kota.",13,GD.SSM BEKASI
2026-07-05T00:00:00,26JD01045816,26JD01045816,AEROX ALPHA,BIRU,CASH,0,26000000,26000000,"JAKARTA SELATAN, Kota.",11,GD.SSM BEKASI
2026-07-05T00:00:00,26JD01045817,26JD01045817,AEROX ALPHA,HITAM,CASH,0,26000000,26000000,"JAKARTA SELATAN, Kota.",3,GD.SSM BEKASI
2026-07-05T00:00:00,26JD01045818,26JD01045818,AEROX ALPHA,HITAM,CASH,0,26000000,26000000,"JAKARTA SELATAN, Kota.",3,GD.SSM BEKASI
2026-07-05T00:00:00,26JD01045819,26JD01045819,AEROX ALPHA,HITAM,CASH,0,26000000,26000000,"JAKARTA SELATAN, Kota.",6,GD.SSM BEKASI
2026-07-05T00:00:00,26JD01045820,26JD01045820,AEROX ALPHA,MERAH,CASH,0,26000000,26000000,"JAKARTA SELATAN, Kota.",3,GD.SSM BEKASI
2026-07-05T00:00:00,26JD01045901,26JD01045901,GEAR 125,HIJAU PERAK,CASH,0,16500000,16500000,"JAKARTA SELATAN, Kota.",4,GD.SSM BEKASI
2026-07-05T00:00:00,26JD01045902,26JD01045902,GEAR 125,HIJAU PERAK,CASH,0,16500000,16500000,"JAKARTA SELATAN, Kota.",13,GD.SSM BEKASI
2026-07-05T00:00:00,26JD01045903,26JD01045903,GEAR 125,MERAH,CASH,0,16500000,16500000,"JAKARTA SELATAN, Kota.",5,GD.SSM BEKASI
2026-07-05T00:00:00,26JD01045904,26JD01045904,GEAR 125,MERAH,CASH,0,16500000,16500000,"JAKARTA SELATAN, Kota.",5,GD.SSM BEKASI
2026-07-05T00:00:00,26JD01045905,26JD01045905,GEAR 125,HIJAU PERAK,CASH,0,16500000,16500000,"JAKARTA SELATAN, Kota.",4,GD.SSM BEKASI
2026-07-05T00:00:00,26JD01045906,26JD01045906,GEAR 125,HITAM,CASH,0,16500000,16500000,"JAKARTA SELATAN, Kota.",17,GD.SSM BEKASI
2026-07-05T00:00:00,26JD01045907,26JD01045907,GEAR 125,HIJAU PERAK,CASH,0,16500000,16500000,"JAKARTA SELATAN, Kota.",4,GD.SSM BEKASI
2026-07-05T00:00:00,26JD01045908,26JD01045908,GEAR 125,HIJAU PERAK,CASH,0,16500000,16500000,"JAKARTA SELATAN, Kota.",17,GD.SSM BEKASI
2026-07-05T00:00:00,26JD01045909,26JD01045909,GEAR 125,MERAH,CASH,0,16500000,16500000,"JAKARTA SELATAN, Kota.",5,GD.SSM BEKASI
2026-07-05T00:00:00,26JD01045910,26JD01045910,GEAR 125,MERAH,CASH,0,16500000,16500000,"JAKARTA SELATAN, Kota.",5,GD.SSM BEKASI
2026-07-05T00:00:00,26JD01045911,26JD01045911,GEAR 125,HIJAU PERAK,CASH,0,16500000,16500000,"JAKARTA SELATAN, Kota.",17,GD.SSM BEKASI
2026-07-05T00:00:00,26JD01045912,26JD01045912,GEAR 125,HIJAU PERAK,CASH,0,16500000,16500000,"JAKARTA SELATAN, Kota.",17,GD.SSM BEKASI
2026-07-05T00:00:00,26JD01045913,26JD01045913,GEAR 125,HIJAU PERAK,CASH,0,16500000,16500000,"JAKARTA SELATAN, Kota.",17,GD.SSM BEKASI
2026-07-05T00:00:00,26JD01045914,26JD01045914,GEAR 125,HIJAU PERAK,CASH,0,16500000,16500000,"JAKARTA SELATAN, Kota.",17,GD.SSM BEKASI
2026-07-05T00:00:00,26JD01045915,26JD01045915,GEAR 125,HIJAU PERAK,CASH,0,16500000,16500000,"JAKARTA SELATAN, Kota.",9,SSM MOTOR
2026-07-05T00:00:00,26JD01045916,26JD01045916,GEAR 125,HIJAU PERAK,CASH,0,16500000,16500000,"JAKARTA SELATAN, Kota.",13,GD.SSM BEKASI
2026-07-05T00:00:00,26JD01045917,26JD01045917,GEAR 125,BIRU,CASH,0,16500000,16500000,"JAKARTA SELATAN, Kota.",20,GD.SSM BEKASI
2026-07-05T00:00:00,26JD01045918,26JD01045918,GEAR 125,HIJAU PERAK,CASH,0,16500000,16500000,"JAKARTA SELATAN, Kota.",13,GD.SSM BEKASI
2026-07-05T00:00:00,26JD01045919,26JD01045919,GEAR 125,BIRU,CASH,0,16500000,16500000,"JAKARTA SELATAN, Kota.",8,GD.SSM BEKASI
2026-07-05T00:00:00,26JD01045920,26JD01045920,GEAR 125,HITAM,CASH,0,16500000,16500000,"JAKARTA SELATAN, Kota.",9,GD.SSM BEKASI
2026-07-05T00:00:00,26JD01046001,26JD01046001,GEAR 125,HITAM,CASH,0,16500000,16500000,"JAKARTA SELATAN, Kota.",8,GD.SSM BEKASI
2026-07-05T00:00:00,26JD01046002,26JD01046002,GEAR 125,HIJAU PERAK,CASH,0,16500000,16500000,"JAKARTA SELATAN, Kota.",9,GD.SSM BEKASI
2026-07-05T00:00:00,26JD01046003,26JD01046003,GEAR 125,HIJAU PERAK,CASH,0,16500000,16500000,"JAKARTA SELATAN, Kota.",13,GD.SSM BEKASI
2026-07-05T00:00:00,26JD01046004,26JD01046004,GEAR 125,HIJAU PERAK,CASH,0,16500000,16500000,"JAKARTA SELATAN, Kota.",13,GD.SSM BEKASI
2026-07-05T00:00:00,26JD01046005,26JD01046005,GEAR 125,HITAM,CASH,0,16500000,16500000,"JAKARTA SELATAN, Kota.",8,GD.SSM BEKASI
2026-07-05T00:00:00,26JD01046006,26JD01046006,GEAR 125,MERAH,CASH,0,16500000,16500000,"JAKARTA SELATAN, Kota.",16,GD.SSM BEKASI
2026-07-05T00:00:00,26JD01046007,26JD01046007,GEAR 125,MERAH,CASH,0,16500000,16500000,"JAKARTA SELATAN, Kota.",16,GD.SSM BEKASI
2026-07-05T00:00:00,26JD01046008,26JD01046008,GEAR 125,HITAM,CASH,0,16500000,16500000,"JAKARTA SELATAN, Kota.",8,GD.SSM BEKASI
2026-07-05T00:00:00,26JD01046009,26JD01046009,GEAR 125,BIRU,CASH,0,16500000,16500000,"JAKARTA SELATAN, Kota.",3,GD.SSM BEKASI
2026-07-05T00:00:00,26JD01046010,26JD01046010,GEAR 125,HITAM,CASH,0,16500000,16500000,"JAKARTA SELATAN, Kota.",3,SSM MOTOR
2026-07-05T00:00:00,26JD01046011,26JD01046011,GEAR 125,HITAM,CASH,0,16500000,16500000,"JAKARTA SELATAN, Kota.",3,GD.SSM BEKASI
2026-07-05T00:00:00,26JD01046012,26JD01046012,GEAR 125,HITAM,CASH,0,16500000,16500000,"JAKARTA SELATAN, Kota.",8,GD.SSM BEKASI
2026-07-05T00:00:00,26JD01046013,26JD01046013,GEAR 125,HITAM,CASH,0,16500000,16500000,"JAKARTA SELATAN, Kota.",25,GD.SSM BEKASI
2026-07-05T00:00:00,26JD01046014,26JD01046014,GEAR 125,HITAM,CASH,0,16500000,16500000,"JAKARTA SELATAN, Kota.",12,GD.SSM BEKASI
2026-07-05T00:00:00,26JD01046015,26JD01046015,GEAR 125,HITAM,CASH,0,16500000,16500000,"JAKARTA SELATAN, Kota.",8,GD.SSM BEKASI
2026-07-05T00:00:00,26JD01046016,26JD01046016,GEAR 125,HITAM,CASH,0,16500000,16500000,"JAKARTA SELATAN, Kota.",8,GD.SSM BEKASI
2026-07-05T00:00:00,26JD01046017,26JD01046017,GEAR 125,HITAM,CASH,0,16500000,16500000,"JAKARTA SELATAN, Kota.",8,GD.SSM BEKASI
2026-07-05T00:00:00,26JD01046018,26JD01046018,GEAR 125,HIJAU PERAK,CASH,0,16500000,16500000,"JAKARTA SELATAN, Kota.",13,GD.SSM BEKASI
2026-07-05T00:00:00,26JD01046019,26JD01046019,GEAR 125,HIJAU PERAK,CASH,0,16500000,16500000,"JAKARTA SELATAN, Kota.",13,GD.SSM BEKASI
2026-07-05T00:00:00,26JD01046020,26JD01046020,GEAR 125,HITAM,CASH,0,16500000,16500000,"JAKARTA SELATAN, Kota.",25,GD.SSM BEKASI
2026-07-05T00:00:00,26JD01046101,26JD01046101,GEAR 125,MERAH,CASH,0,16500000,16500000,"JAKARTA SELATAN, Kota.",16,GD.SSM BEKASI
2026-07-05T00:00:00,26JD01046102,26JD01046102,GEAR 125,HIJAU,CASH,0,16500000,16500000,"JAKARTA SELATAN, Kota.",12,GD.SSM BEKASI
2026-07-05T00:00:00,26JD01046103,26JD01046103,GEAR 125,HITAM,CASH,0,16500000,16500000,"JAKARTA SELATAN, Kota.",9,GD.SSM BEKASI
2026-07-05T00:00:00,26JD01046104,26JD01046104,GEAR 125,HITAM,CASH,0,16500000,16500000,"JAKARTA SELATAN, Kota.",9,GD.SSM BEKASI
2026-07-05T00:00:00,26JD01046105,26JD01046105,GEAR 125,HITAM,CASH,0,16500000,16500000,"JAKARTA SELATAN, Kota.",20,GD.SSM BEKASI
2026-07-05T00:00:00,26JD01046106,26JD01046106,GEAR 125,BIRU,CASH,0,16500000,16500000,"JAKARTA SELATAN, Kota.",20,GD.SSM BEKASI
2026-07-05T00:00:00,26JD01046107,26JD01046107,GEAR 125,BIRU,CASH,0,16500000,16500000,"JAKARTA SELATAN, Kota.",20,GD.SSM BEKASI
2026-07-05T00:00:00,26JD01046108,26JD01046108,GEAR 125,BIRU,CASH,0,16500000,16500000,"JAKARTA SELATAN, Kota.",20,GD.SSM BEKASI
2026-07-05T00:00:00,26JD01046109,26JD01046109,GEAR 125,HITAM,CASH,0,16500000,16500000,"JAKARTA SELATAN, Kota.",20,GD.SSM BEKASI
2026-07-05T00:00:00,26JD01046110,26JD01046110,GEAR 125,HITAM,CASH,0,16500000,16500000,"JAKARTA SELATAN, Kota.",20,GD.SSM BEKASI
2026-07-05T00:00:00,26JD01046111,26JD01046111,AEROX ALPHA,HITAM,CASH,0,26000000,26000000,"JAKARTA SELATAN, Kota.",13,GD.SSM BEKASI
2026-07-05T00:00:00,26JD01046112,26JD01046112,AEROX ALPHA,HITAM,CASH,0,26000000,26000000,"JAKARTA SELATAN, Kota.",13,GD.SSM BEKASI
2026-07-05T00:00:00,26JD01046113,26JD01046113,AEROX ALPHA,BIRU,CASH,0,26000000,26000000,"JAKARTA SELATAN, Kota.",13,GD.SSM BEKASI
2026-07-05T00:00:00,26JD01046114,26JD01046114,AEROX ALPHA,HITAM,CASH,0,26000000,26000000,"JAKARTA SELATAN, Kota.",3,GD.SSM BEKASI
2026-07-05T00:00:00,26JD01046115,26JD01046115,AEROX ALPHA,HITAM,CASH,0,26000000,26000000,"JAKARTA SELATAN, Kota.",13,GD.SSM BEKASI
2026-07-05T00:00:00,26JD01046116,26JD01046116,AEROX ALPHA,BIRU,CASH,0,26000000,26000000,"JAKARTA SELATAN, Kota.",15,GD.SSM BEKASI
2026-07-05T00:00:00,26JD01046117,26JD01046117,AEROX ALPHA,HITAM,CASH,0,26000000,26000000,"JAKARTA SELATAN, Kota.",13,GD.SSM BEKASI
2026-07-05T00:00:00,26JD01046118,26JD01046118,AEROX ALPHA,HITAM,CASH,0,26000000,26000000,"JAKARTA SELATAN, Kota.",6,GD.SSM BEKASI
2026-07-05T00:00:00,26JD01046119,26JD01046119,AEROX ALPHA,HITAM,CASH,0,26000000,26000000,"JAKARTA SELATAN, Kota.",5,SSM MOTOR
2026-07-05T00:00:00,26JD01046120,26JD01046120,AEROX ALPHA,HITAM,CASH,0,26000000,26000000,"JAKARTA SELATAN, Kota.",5,SSM MOTOR
2026-07-06T00:00:00,26FJK0102493,26SO01248901,NMAX NEO S,HITAM,CASH,0,35140000,35640000,"BEKASI, KOTA.",3,GD.SSM BEKASI
2026-07-06T00:00:00,26FJK0102494,26SO01249201,GRAND FILANO HYBRID LUX,HITAM,CASH,0,29310000,29145000,"JAKARTA TIMUR, KOTA.",9,SSM MOTOR
2026-07-06T00:00:00,26FJK0102495,26SO01249001,GRAND FILANO HYBRID LUX,HITAM,BAF JAKARTA  2,26,1200000,29460000,"BEKASI, KOTA.",151,GD.SSM BEKASI
2026-07-06T00:00:00,26FJK0102496,26SO01249401,FAZZIO HYBRID NEO,UNGU MUDA,BAF BHL,20,1550000,24405000,"JAKARTA TIMUR, KOTA.",16,GD.SSM BEKASI
2026-07-06T00:00:00,26FJK0102497,26SO01249501,AEROX ALPHA CYBERCITY ABS,PUTIH,BAF TGR,20,3700000,34790000,"JAKARTA TIMUR, KOTA.",42,GD.SSM BEKASI
2026-07-06T00:00:00,26FJK0102498,26SO01249701,G ULTIMA HYBRID,HITAM,BAF CMPK,35,800000,20240000,BEKASI,13,GD.SSM BEKASI
2026-07-06T00:00:00,26FJK0102499,26SO01249801,GRAND FILANO HYBRID LUX,HITAM,BAF BHL,30,350000,29145000,"JAKARTA PUSAT, KOTA.",5,SSM MOTOR
2026-07-06T00:00:00,26FJK0102500,26SO01249601,NMAX NEO,BIRU,ADIRA TBN,30,2600000,34640000,KAB BEKASI,5,GD.SSM BEKASI
2026-07-06T00:00:00,26FJK0102501,26SO01249901,FAZZIO HYBRID NEO,HIJAU MUDA,BAF BHL,17,2700000,24405000,"JAKARTA SELATAN, Kota.",72,GD.SSM BEKASI
2026-07-06T00:00:00,26FJK0102502,26SO01250001,GRAND FILANO HYBRID NEO,PUTIH,BAF CKR,30,100000,28710000,"BEKASI, KAB.",5,GD.SSM BEKASI
2026-07-06T00:00:00,26FJK0102503,26SO01250101,XMAX C,HITAM,CASH,0,70810000,70810000,"BEKASI, KOTA.",12,GD.SSM BEKASI
2026-07-06T00:00:00,26FJK0102504,26SO01250201,G ULTIMA HYBRID,PUTIH,BAF CMPK,35,300000,20240000,JAKARTA,14,GD.SSM BEKASI
2026-07-06T00:00:00,26FJK0102505,26SO01250301,GRAND FILANO HYBRID NEO,HIJAU,BAF CKR,30,100000,28710000,"BEKASI, KAB.",49,SSM MOTOR
2026-07-06T00:00:00,26FJK0102506,26SO01250401,G ULTIMA HYBRID SOLID,COKLAT,CASH,0,20240000,20660000,"JAKARTA PUSAT, KOTA.",9,GD.SSM BEKASI
2026-07-06T00:00:00,26FJK0102507,26SO01250601,GRAND FILANO HYBRID NEO,PUTIH,ADIRA BKS,32,2200000,28710000,"BEKASI, KOTA.",5,GD.SSM BEKASI
2026-07-06T00:00:00,26FJK0102508,26SO01250501,G ULTIMA HYBRID SOLID,COKLAT,ADIRA KLPG,29,850000,20970000,BEKASI,4,SSM MOTOR
2026-07-06T00:00:00,26FJK0102509,26SO01250901,G ULTIMA HYBRID,PUTIH,BAF BHL,33,100000,20550000,BEKASI,61,GD.SSM BEKASI
2026-07-06T00:00:00,26FJK0102510,26SO01250801,GRAND FILANO HYBRID NEO,ABU-ABU,BAF CKR,35,600000,28710000,KAB BEKASI,96,GD.SSM BEKASI
2026-07-06T00:00:00,26FJK0102511,26SO01251001,GRAND FILANO HYBRID NEO,PUTIH,BAF BHL,17,8200000,28665000,BEKASI,75,GD.SSM BEKASI
2026-07-06T00:00:00,26FJK0102512,26SO01251101,ALL NEW XSR 155,HITAM,BAF BHL,35,1300000,40265000,BEKASI,17,GD.SSM BEKASI
2026-07-06T00:00:00,26FJK0102513,26SO01251301,FREEGO 125,PUTIH,BAF JAKARTA  2,33,0,23355000,BEKASI,12,GD.SSM BEKASI
2026-07-06T00:00:00,26FJK0102514,26SO01251201,NMAX NEO S,HITAM,ADR CMGS,30,900000,35555000,"JAKARTA TIMUR, KOTA.",12,GD.SSM BEKASI
2026-07-06T00:00:00,26FJK0102515,26SO01251401,G ULTIMA HYBRID SOLID,COKLAT,BAF TGR,35,550000,20970000,"TANGERANG SELATAN, KOTA.",9,GD.SSM BEKASI
2026-07-06T00:00:00,26JD01046201,26JD01046201,G ULTIMA HYBRID SOLID,COKLAT,CASH,0,16211658,16211658,"JAKARTA BARAT, KOTA.",9,SSM MOTOR
2026-07-06T00:00:00,26JD01046301,26JD01046301,G ULTIMA HYBRID S,ABU-ABU TUA,CASH,0,17104707,17104707,"JAKARTA BARAT, KOTA.",123,GD.SSM BEKASI
2026-07-07T00:00:00,26FJK0102516,26SO01251501,AEROX ALPHA CYBERCITY ABS,PUTIH,ADR KTPG,29,2600000,34790000,"JAKARTA PUSAT, KOTA.",13,GD.SSM BEKASI
2026-07-07T00:00:00,26FJK0102517,26SO01251701,NMAX NEO S,PUTIH,CASH,0,35190000,35640000,"BEKASI, KOTA.",29,GD.SSM BEKASI
2026-07-07T00:00:00,26FJK0102518,26SO01251901,G ULTIMA HYBRID SMART,BIRU,CASH,0,22485000,23085000,DEPOK,4,SSM MOTOR
2026-07-07T00:00:00,26FJK0102519,26SO01252001,FAZZIO HYBRID,ABU PINK,BAF DPK,30,500000,22820000,"JAKARTA TIMUR, KOTA.",6,GD.SSM BEKASI
2026-07-07T00:00:00,26FJK0102520,26SO01252301,AEROX ALPHA,HITAM,BAF BHL,30,400000,30700000,JAKARTA,5,GD.SSM BEKASI
2026-07-07T00:00:00,26FJK0102521,26SO01251601,G ULTIMA HYBRID SMART,HITAM,CASH,0,22885000,23085000,"BEKASI, KOTA.",29,GD.SSM BEKASI
2026-07-07T00:00:00,26FJK0102523,26SO01252401,GRAND FILANO HYBRID NEO,HIJAU,BAF CMPK,30,100000,28665000,JAKARTA,50,GD.SSM BEKASI
2026-07-07T00:00:00,26FJK0102524,26SO01249101,FAZZIO HYBRID NEO,PUTIH,ADIRA KLPG,20,500000,24405000,JAKARTA,0,GD.SSM BEKASI
2026-07-07T00:00:00,26FJK0102525,26SO01252101,FAZZIO HYBRID NEO,HIJAU MUDA,BAF TGR,35,300000,24825000,"TANGERANG, KAB.",11,GD.SSM BEKASI
2026-07-07T00:00:00,26FJK0102526,26SO01252501,XMAX C,PERAK,CASH,0,70310000,70810000,KAB BEKASI,13,GD.SSM BEKASI
2026-07-07T00:00:00,26FJK0102527,26SO01252601,NMAX NEO S,HITAM,BAF CMPK,35,650000,35640000,BEKASI,15,GD.SSM BEKASI
2026-07-07T00:00:00,26FJK0102531,26SO01252901,NMAX NEO S,HITAM,BAF CKR,33,800000,35640000,"BEKASI, KAB.",12,GD.SSM BEKASI
2026-07-07T00:00:00,26FJK0102532,26SO01253201,FAZZIO HYBRID,HITAM MERAH,ADIRA  ALAM SUTRA TANGERANG,21,1100000,23195000,TANGERANG,75,GD.SSM BEKASI
2026-07-07T00:00:00,26FJK0102533,26SO01253301,NMAX NEO S,MERAH,BAF JAKARTA  2,35,400000,35640000,"BEKASI, KOTA.",12,GD.SSM BEKASI
2026-07-07T00:00:00,26FJK0102534,26SO01253601,G ULTIMA HYBRID,HITAM,BAF JAKARTA  2,35,300000,20240000,"JAKARTA UTARA, KOTA.",62,GD.SSM BEKASI
2026-07-07T00:00:00,26FJK0102535,26SO01253701,FAZZIO HYBRID NEO,UNGU,CASH,0,24200000,24650000,BEKASI,61,GD.SSM BEKASI
2026-07-07T00:00:00,26FJK0102536,26SO01253001,NMAX NEO S,BIRU,ADIRA BKS,35,650000,35640000,"BEKASI, KAB.",13,GD.SSM BEKASI
2026-07-07T00:00:00,26FJK0102537,26SO01253801,AEROX ALPHA -TURBO-,PERAK,BAF BHL,17,5800000,40380000,BEKASI,70,GD.SSM BEKASI
2026-07-07T00:00:00,26FJK0102538,26SO01254101,GRAND FILANO HYBRID NEO,UNGU MUDA,BAF JAKARTA  2,33,0,28710000,BEKASI,5,GD.SSM BEKASI
2026-07-07T00:00:00,26FJK0102539,26SO01254001,NMAX NEO S,BIRU,BAF BHL,30,400000,35555000,JAKARTA,11,GD.SSM BEKASI
2026-07-07T00:00:00,26FJK0102540,26SO01254301,MIO M3 CW,HITAM,CASH,0,19060000,18905000,"JAKARTA PUSAT, KOTA.",13,GD.SSM BEKASI
2026-07-07T00:00:00,26FJK0102541,26SO01254302,MIO M3 CW,HITAM,CASH,0,19060000,18905000,"JAKARTA PUSAT, KOTA.",19,GD.SSM BEKASI
2026-07-07T00:00:00,26FJK0102542,26SO01254303,MIO M3 CW,HITAM,CASH,0,19060000,18905000,"JAKARTA PUSAT, KOTA.",13,GD.SSM BEKASI
2026-07-07T00:00:00,26JD01046401,26JD01046401,NMAX NEO,HITAM,CASH,0,27573985,27573985,"JAKARTA BARAT, KOTA.",19,GD.SSM BEKASI
2026-07-07T00:00:00,26JD01046402,26JD01046402,G ULTIMA HYBRID SMART,HITAM,CASH,0,18182874,18182874,"JAKARTA BARAT, KOTA.",32,SSM MOTOR
2026-07-07T00:00:00,26JD01046403,26JD01046403,ALL NEW AEROX 155,HITAM,CASH,0,22753996,22753996,"JAKARTA BARAT, KOTA.",34,GD.SSM BEKASI
2026-07-07T00:00:00,26JD01046404,26JD01046404,FAZZIO HYBRID LUX,ABU-ABU TUA,CASH,0,19631835,19631835,"JAKARTA BARAT, KOTA.",32,GD.SSM BEKASI
2026-07-08T00:00:00,26FJK0102543,26SO01255101,MIO M3 CW,HITAM,CASH,0,19060000,18905000,"JAKARTA PUSAT, KOTA.",1,GD.SSM BEKASI
2026-07-08T00:00:00,26FJK0102544,26SO01255102,MIO M3 CW,HITAM,CASH,0,19060000,18905000,"JAKARTA PUSAT, KOTA.",1,GD.SSM BEKASI
2026-07-08T00:00:00,26FJK0102545,26SO01253901,G ULTIMA HYBRID SMART,BIRU,BAF BHL,29,1400000,23085000,BEKASI,1,GD.SSM BEKASI
2026-07-08T00:00:00,26FJK0102546,26SO01254401,GRAND FILANO HYBRID NEO,UNGU MUDA,BAF CKR,35,600000,28710000,"BEKASI, KAB.",5,GD.SSM BEKASI
2026-07-08T00:00:00,26FJK0102547,26SO01254501,NMAX NEO S,PUTIH,ADIRA CKRG,32,900000,35640000,KAB BEKASI,27,GD.SSM BEKASI
2026-07-08T00:00:00,26FJK0102548,26SO01254701,G ULTIMA HYBRID,HITAM,ADIRA BKS,11,4700000,20550000,"BEKASI, KAB.",7,SSM MOTOR
2026-07-08T00:00:00,26FJK0102549,26SO01254601,GRAND FILANO HYBRID NEO,PUTIH,BAF CKR,30,100000,28710000,"BEKASI, KAB.",57,GD.SSM BEKASI
2026-07-08T00:00:00,26FJK0102550,26SO01252801,FAZZIO HYBRID LUX,ABU-ABU TUA,BAF TGR,32,300000,25550000,TANGERANG,33,GD.SSM BEKASI
2026-07-08T00:00:00,26FJK0102551,26SO01255201,AEROX ALPHA,HITAM,OTO KDY,30,2400000,30700000,JAKARTA,6,GD.SSM BEKASI
2026-07-08T00:00:00,26FJK0102552,26SO01255401,AEROX ALPHA,HITAM,ADIRA KLPG,30,400000,30700000,JAKARTA,8,SSM MOTOR
2026-07-08T00:00:00,26FJK0102553,26SO01252202,FAZZIO HYBRID LUX,ABU-ABU TUA,BAF CIKUPA,30,0,25095000,"JAKARTA BARAT, KOTA.",20,GD.SSM BEKASI
2026-07-08T00:00:00,26FJK0102554,26SO01255301,GRAND FILANO HYBRID NEO,UNGU MUDA,BAF BHL,30,100000,28710000,JAKARTA,18,GD.SSM BEKASI
2026-07-08T00:00:00,26FJK0102555,26SO01255501,FAZZIO HYBRID NEO,BIRU,BAF JAKARTA  2,30,0,24650000,BEKASI,212,GD.SSM BEKASI
2026-07-08T00:00:00,26FJK0102556,26SO01254801,FAZZIO HYBRID,ABU PINK,ADR PCRN,30,0,22820000,"JAKARTA TIMUR, KOTA.",7,GD.SSM BEKASI
2026-07-08T00:00:00,26FJK0102557,26SO01254901,FAZZIO HYBRID,HITAM MERAH,BAF DPK,30,0,23095000,"DEPOK, KOTA.",72,GD.SSM BEKASI
2026-07-08T00:00:00,26FJK0102558,26SO01255701,NMAX NEO S,HITAM,CASH,0,34955000,35555000,"JAKARTA TIMUR, KOTA.",7,GD.SSM BEKASI
2026-07-08T00:00:00,26FJK0102559,26SO01255601,G ULTIMA HYBRID,HITAM,BAF CMPK,35,300000,20240000,JAKARTA,51,GD.SSM BEKASI
2026-07-08T00:00:00,26FJK0102560,26SO01255801,FAZZIO HYBRID NEO,HIJAU MUDA,BAF BHL,30,0,24405000,JAKARTA,20,GD.SSM BEKASI
2026-07-08T00:00:00,26FJK0102561,26SO01255901,FAZZIO HYBRID,BIRU PUTIH,BAF BHL,30,500000,22820000,"JAKARTA BARAT, KOTA.",75,GD.SSM BEKASI
2026-07-08T00:00:00,26FJK0102562,26SO01256001,FREEGO 125 C,HITAM,BAF BHL,33,100000,24650000,JAKARTA,6,GD.SSM BEKASI
2026-07-08T00:00:00,26FJK0102563,26SO01256101,NMAX NEO S,BIRU,BAF BHL,35,300000,35640000,BEKASI,12,GD.SSM BEKASI
2026-07-08T00:00:00,26FJK0102564,26SO01255001,FREEGO 125,HITAM,BAF JAKARTA  2,35,500000,22865000,JAKARTA SELATAN,30,GD.SSM BEKASI
2026-07-08T00:00:00,26FJK0102565,26SO01256201,GRAND FILANO HYBRID NEO,HIJAU,BAF CMPK,35,350000,28710000,BEKASI,28,GD.SSM BEKASI
2026-07-08T00:00:00,26FJK0102566,26SO01256301,G ULTIMA HYBRID SMART,HITAM,ADIRA HI,35,600000,23085000,"BEKASI, KOTA.",1,GD.SSM BEKASI
2026-07-08T00:00:00,26FJK0102567,26SO01256401,GRAND FILANO HYBRID LUX,PERAK MUDA,CASH,0,28960000,29460000,"BEKASI, KAB.",23,GD.SSM BEKASI
2026-07-08T00:00:00,26JD01046501,26JD01046501,G ULTIMA HYBRID SMART,BIRU,CASH,0,18182874,18182874,"JAKARTA BARAT, KOTA.",1,GD.SSM BEKASI
2026-07-08T00:00:00,26JD01046502,26JD01046502,XMAX C,HITAM,CASH,0,57208986,57208986,"JAKARTA BARAT, KOTA.",14,GD.SSM BEKASI
2026-07-08T00:00:00,26JD01046503,26JD01046503,NMAX NEO,HITAM,CASH,0,27573985,27573985,"JAKARTA BARAT, KOTA.",7,SSM MOTOR
2026-07-08T00:00:00,26JD01046601,26JD01046601,ALL NEW AEROX 155,HITAM,CASH,0,22753996,22753996,"JAKARTA BARAT, KOTA.",12,GD.SSM BEKASI
2026-07-08T00:00:00,26JD01046701,26JD01046701,MIO M3 CW,MERAH,CASH,0,15700000,15700000,"JAKARTA PUSAT, KOTA.",1,GD.SSM BEKASI
2026-07-08T00:00:00,26JD01046702,26JD01046702,MIO M3 CW,MERAH,CASH,0,15700000,15700000,"JAKARTA PUSAT, KOTA.",1,GD.SSM BEKASI
2026-07-08T00:00:00,26JD01046703,26JD01046703,MIO M3 CW,PERAK HIJAU,CASH,0,15700000,15700000,"JAKARTA PUSAT, KOTA.",1,GD.SSM BEKASI
2026-07-08T00:00:00,26JD01046704,26JD01046704,MIO M3 CW,PUTIH,CASH,0,15700000,15700000,"JAKARTA PUSAT, KOTA.",14,GD.SSM BEKASI
2026-07-08T00:00:00,26JD01046801,26JD01046801,MIO M3 CW,PERAK HIJAU,CASH,0,15700000,15700000,"JAKARTA PUSAT, KOTA.",14,GD.SSM BEKASI
2026-07-08T00:00:00,26JD01046802,26JD01046802,MIO M3 CW,PUTIH,CASH,0,15700000,15700000,"JAKARTA PUSAT, KOTA.",20,GD.SSM BEKASI
2026-07-08T00:00:00,26JD01046803,26JD01046803,MIO M3 CW,PUTIH,CASH,0,15700000,15700000,"JAKARTA PUSAT, KOTA.",14,GD.SSM BEKASI
2026-07-08T00:00:00,26JD01046804,26JD01046804,MIO M3 CW,HITAM,CASH,0,15700000,15700000,"JAKARTA PUSAT, KOTA.",16,GD.SSM BEKASI
2026-07-08T00:00:00,26JD01046901,26JD01046901,MIO M3 CW,HITAM,CASH,0,15700000,15700000,"JAKARTA PUSAT, KOTA.",16,GD.SSM BEKASI
2026-07-08T00:00:00,26JD01046902,26JD01046902,MIO M3 CW,PERAK HIJAU,CASH,0,15700000,15700000,"JAKARTA PUSAT, KOTA.",16,GD.SSM BEKASI
2026-07-08T00:00:00,26JD01046903,26JD01046903,MIO M3 CW,HITAM,CASH,0,15700000,15700000,"JAKARTA PUSAT, KOTA.",16,GD.SSM BEKASI
2026-07-08T00:00:00,26JD01047001,26JD01047001,MIO M3 CW,HITAM,CASH,0,15700000,15700000,"JAKARTA PUSAT, KOTA.",1,GD.SSM BEKASI
2026-07-08T00:00:00,26JD01047002,26JD01047002,MIO M3 CW,HITAM,CASH,0,15700000,15700000,"JAKARTA PUSAT, KOTA.",1,GD.SSM BEKASI
2026-07-08T00:00:00,26JD01047003,26JD01047003,MIO M3 CW,HITAM,CASH,0,15700000,15700000,"JAKARTA PUSAT, KOTA.",1,GD.SSM BEKASI
2026-07-08T00:00:00,26JD01047004,26JD01047004,MIO M3 CW,MERAH,CASH,0,15700000,15700000,"JAKARTA PUSAT, KOTA.",1,GD.SSM BEKASI
2026-07-08T00:00:00,26JD01047005,26JD01047005,MIO M3 CW,MERAH,CASH,0,15700000,15700000,"JAKARTA PUSAT, KOTA.",1,GD.SSM BEKASI
2026-07-08T00:00:00,26JD01047006,26JD01047006,MIO M3 CW,MERAH,CASH,0,15700000,15700000,"JAKARTA PUSAT, KOTA.",1,GD.SSM BEKASI
2026-07-08T00:00:00,26JD01047007,26JD01047007,MIO M3 CW,MERAH,CASH,0,15700000,15700000,"JAKARTA PUSAT, KOTA.",1,GD.SSM BEKASI
2026-07-08T00:00:00,26JD01047008,26JD01047008,MIO M3 CW,MERAH,CASH,0,15700000,15700000,"JAKARTA PUSAT, KOTA.",1,GD.SSM BEKASI
2026-07-08T00:00:00,26JD01047009,26JD01047009,MIO M3 CW,MERAH,CASH,0,15700000,15700000,"JAKARTA PUSAT, KOTA.",1,GD.SSM BEKASI
2026-07-08T00:00:00,26JD01047010,26JD01047010,MIO M3 CW,MERAH,CASH,0,15700000,15700000,"JAKARTA PUSAT, KOTA.",1,GD.SSM BEKASI
2026-07-08T00:00:00,26JD01047011,26JD01047011,MIO M3 CW,PERAK HIJAU,CASH,0,15700000,15700000,"JAKARTA PUSAT, KOTA.",1,GD.SSM BEKASI
2026-07-08T00:00:00,26JD01047012,26JD01047012,MIO M3 CW,PERAK HIJAU,CASH,0,15700000,15700000,"JAKARTA PUSAT, KOTA.",1,GD.SSM BEKASI
2026-07-08T00:00:00,26JD01047013,26JD01047013,MIO M3 CW,PERAK HIJAU,CASH,0,15700000,15700000,"JAKARTA PUSAT, KOTA.",1,GD.SSM BEKASI
2026-07-08T00:00:00,26JD01047014,26JD01047014,MIO M3 CW,PERAK HIJAU,CASH,0,15700000,15700000,"JAKARTA PUSAT, KOTA.",1,GD.SSM BEKASI
2026-07-08T00:00:00,26JD01047015,26JD01047015,MIO M3 CW,PERAK HIJAU,CASH,0,15700000,15700000,"JAKARTA PUSAT, KOTA.",1,GD.SSM BEKASI
2026-07-08T00:00:00,26JD01047016,26JD01047016,MIO M3 CW,PERAK HIJAU,CASH,0,15700000,15700000,"JAKARTA PUSAT, KOTA.",1,GD.SSM BEKASI
2026-07-08T00:00:00,26JD01047017,26JD01047017,MIO M3 CW,PERAK HIJAU,CASH,0,15700000,15700000,"JAKARTA PUSAT, KOTA.",1,GD.SSM BEKASI
2026-07-08T00:00:00,26JD01047018,26JD01047018,MIO M3 CW,PERAK HIJAU,CASH,0,15700000,15700000,"JAKARTA PUSAT, KOTA.",1,GD.SSM BEKASI
2026-07-08T00:00:00,26JD01047019,26JD01047019,MIO M3 CW,PERAK HIJAU,CASH,0,15700000,15700000,"JAKARTA PUSAT, KOTA.",1,GD.SSM BEKASI
2026-07-08T00:00:00,26JD01047020,26JD01047020,MIO M3 CW,PERAK HIJAU,CASH,0,15700000,15700000,"JAKARTA PUSAT, KOTA.",1,GD.SSM BEKASI
2026-07-08T00:00:00,26JD01047021,26JD01047021,MIO M3 CW,PERAK HIJAU,CASH,0,15700000,15700000,"JAKARTA PUSAT, KOTA.",1,GD.SSM BEKASI
2026-07-08T00:00:00,26JD01047022,26JD01047022,MIO M3 CW,PERAK HIJAU,CASH,0,15700000,15700000,"JAKARTA PUSAT, KOTA.",1,GD.SSM BEKASI
2026-07-08T00:00:00,26JD01047023,26JD01047023,MIO M3 CW,PERAK HIJAU,CASH,0,15700000,15700000,"JAKARTA PUSAT, KOTA.",1,GD.SSM BEKASI
2026-07-08T00:00:00,26JD01047024,26JD01047024,MIO M3 CW,PERAK HIJAU,CASH,0,15700000,15700000,"JAKARTA PUSAT, KOTA.",1,GD.SSM BEKASI
2026-07-08T00:00:00,26JD01047025,26JD01047025,MIO M3 CW,PERAK HIJAU,CASH,0,15700000,15700000,"JAKARTA PUSAT, KOTA.",1,GD.SSM BEKASI
2026-07-08T00:00:00,26JD01047026,26JD01047026,MIO M3 CW,PUTIH,CASH,0,15700000,15700000,"JAKARTA PUSAT, KOTA.",1,GD.SSM BEKASI
2026-07-08T00:00:00,26JD01047027,26JD01047027,MIO M3 CW,PUTIH,CASH,0,15700000,15700000,"JAKARTA PUSAT, KOTA.",1,GD.SSM BEKASI
2026-07-08T00:00:00,26JD01047028,26JD01047028,MIO M3 CW,PUTIH,CASH,0,15700000,15700000,"JAKARTA PUSAT, KOTA.",1,GD.SSM BEKASI
2026-07-09T00:00:00,26FJK0102568,26SO01253101,G ULTIMA HYBRID SOLID,COKLAT,BAF JAKARTA  2,29,1100000,20970000,"BEKASI, KAB.",1,SSM MOTOR
2026-07-09T00:00:00,26FJK0102569,26SO01256701,FAZZIO HYBRID NEO,UNGU,BAF BHL,30,0,24405000,"JAKARTA UTARA, KOTA.",45,GD.SSM BEKASI
2026-07-09T00:00:00,26FJK0102570,26SO01249301,LEXI LX 155 CONNECTED,HITAM,BAF JAKARTA  2,23,1400000,28320000,"BEKASI, KOTA.",0,GD.SSM BEKASI
2026-07-09T00:00:00,26FJK0102571,26SO01256501,GRAND FILANO HYBRID NEO,UNGU MUDA,BAF CKR,30,100000,28710000,"BEKASI, KAB.",1,SSM MOTOR
2026-07-09T00:00:00,26FJK0102572,26SO01256801,AEROX ALPHA,MERAH,ADIRA DMGT,23,2700000,30700000,"JAKARTA BARAT, KOTA.",8,SSM MOTOR
2026-07-09T00:00:00,26FJK0102573,26SO01256601,XMAX C,HITAM,BAF CMPK,11,24500000,70810000,BEKASI,1,SSM MOTOR
2026-07-09T00:00:00,26FJK0102574,26SO01256901,G ULTIMA HYBRID,PUTIH,BAF CMPK,23,1300000,20240000,"JAKARTA TIMUR, KOTA.",21,GD.SSM BEKASI
2026-07-09T00:00:00,26FJK0102575,26SO01257001,GRAND FILANO HYBRID NEO,PUTIH,ADIRA TBN,35,0,28710000,BEKASI,1,GD.SSM BEKASI
2026-07-09T00:00:00,26FJK0102576,26SO01257101,G ULTIMA HYBRID SOLID,ABU-ABU,BAF CKR,35,550000,20970000,"BEKASI, KOTA.",15,SSM MOTOR
2026-07-09T00:00:00,26FJK0102577,26SO01257301,FAZZIO HYBRID,KUNING,BAF BHL,30,0,22820000,"JAKARTA TIMUR, KOTA.",2,GD.SSM BEKASI
2026-07-09T00:00:00,26FJK0102578,26SO01257201,GRAND FILANO HYBRID NEO,HIJAU,BAF BHL,32,2000000,28665000,"JAKARTA UTARA, KOTA.",124,GD.SSM BEKASI
2026-07-09T00:00:00,26FJK0102579,26SO01257601,NMAX NEO S,HITAM,BAF JAKARTA  2,30,300000,35555000,JAKARTA,7,GD.SSM BEKASI
2026-07-09T00:00:00,26FJK0102580,26SO01257501,G ULTIMA HYBRID SMART,BIRU,CASH,0,22785000,22785000,"JAKARTA UTARA, KOTA.",1,SSM MOTOR
2026-07-09T00:00:00,26JD01047201,26JD01047201,XMAX C,BIRU,CASH,0,60500000,60500000,"TANGERANG, KAB.",28,GD.SSM BEKASI
2026-07-09T00:00:00,26JD01047202,26JD01047202,XMAX C,HITAM,CASH,0,60500000,60500000,"TANGERANG, KAB.",15,GD.SSM BEKASI
2026-07-09T00:00:00,26JD01047203,26JD01047203,XMAX C,ABU-ABU,CASH,0,60500000,60500000,"TANGERANG, KAB.",2,GD.SSM BEKASI
2026-07-09T00:00:00,26JD01047301,26JD01047301,MIO M3 CW,PUTIH,CASH,0,15700000,15700000,"JAKARTA PUSAT, KOTA.",2,GD.SSM BEKASI
2026-07-09T00:00:00,26JD01047401,26JD01047401,MX KING 150 PRIMA PRAMAC,BIRU UNGU,CASH,0,23598118,23598118,"JAKARTA BARAT, KOTA.",7,GD.SSM BEKASI
2026-07-10T00:00:00,26FJK0102581,26SO01257801,G ULTIMA HYBRID,HITAM,CASH,0,20300000,20550000,"BEKASI, KAB.",46,GD.SSM BEKASI
2026-07-10T00:00:00,26FJK0102582,26SO01258001,AEROX ALPHA CYBERCITY ABS,UNGU,BAF BHL,35,1400000,34910000,BEKASI,10,SSM MOTOR
2026-07-10T00:00:00,26FJK0102583,26SO01250701,ALL NEW XSR 155,COKLAT,CASH,0,39165000,39765000,"JAKARTA TIMUR, KOTA.",1,GD.SSM BEKASI
2026-07-10T00:00:00,26FJK0102584,26SO01257701,FAZZIO HYBRID NEO,HIJAU MUDA,BAF BGR,35,250000,24850000,BOGOR KABUPATEN,8,GD.SSM BEKASI
2026-07-10T00:00:00,26FJK0102585,26SO01257901,G ULTIMA HYBRID SOLID,ABU-ABU,OTO CMPK,30,700000,20660000,"JAKARTA PUSAT, KOTA.",13,GD.SSM BEKASI
2026-07-10T00:00:00,26FJK0102586,26SO01258101,GRAND FILANO HYBRID NEO,UNGU MUDA,BAF DPK,32,600000,28665000,JAKARTA,2,SSM MOTOR
2026-07-10T00:00:00,26FJK0102587,26SO01252701,LEXI LX 155 CONNECTED,HIJAU,ADIRA BGR,35,800000,28670000,"BOGOR, KOTA.",1,GD.SSM BEKASI
2026-07-10T00:00:00,26FJK0102588,26SO01258201,FAZZIO HYBRID NEO,UNGU,ADR KTPG,30,500000,24405000,"JAKARTA UTARA, KOTA.",62,GD.SSM BEKASI
2026-07-10T00:00:00,26FJK0102589,26SO01258401,GRAND FILANO HYBRID NEO,UNGU MUDA,ADIRA DMGT,17,3800000,28665000,JAKARTA,2,GD.SSM BEKASI
2026-07-10T00:00:00,26FJK0102590,26SO01258601,FAZZIO HYBRID LUX,PUTIH,BAF DPK,29,1150000,25600000,"BOGOR, KAB.",204,GD.SSM BEKASI
2026-07-10T00:00:00,26FJK0102591,26SO01258701,MIO M3 CW,HITAM,CASH,0,18570000,18905000,"JAKARTA BARAT, KOTA.",1,GD.SSM BEKASI
2026-07-10T00:00:00,26FJK0102592,26SO01258702,MIO M3 CW,HITAM,CASH,0,18570000,18905000,"JAKARTA BARAT, KOTA.",1,SSM MOTOR
2026-07-10T00:00:00,26FJK0102593,26SO01258703,MIO M3 CW,HITAM,CASH,0,18570000,18905000,"JAKARTA BARAT, KOTA.",1,GD.SSM BEKASI
2026-07-10T00:00:00,26FJK0102594,26SO01258801,NMAX NEO SPC LIVERY,HITAM,CASH,0,34590000,35040000,BEKASI,1,GD.SSM BEKASI
2026-07-10T00:00:00,26FJK0102595,26SO01258501,FREEGO 125 C,HITAM,BAF BHL,17,1000000,24650000,"JAKARTA SELATAN, Kota.",161,GD.SSM BEKASI
2026-07-10T00:00:00,26FJK0102596,26SO01258901,NMAX NEO S,HITAM,BAF DPK,30,200000,35640000,"DEPOK, KOTA.",7,GD.SSM BEKASI
2026-07-11T00:00:00,26FJK0102597,26SO01259101,FAZZIO HYBRID NEO,PUTIH,CASH,0,24200000,24650000,"BEKASI, KOTA.",4,GD.SSM BEKASI
2026-07-11T00:00:00,26FJK0102598,26SO01259201,NMAX NEO S,HITAM,CASH,0,35105000,35555000,"JAKARTA PUSAT, KOTA.",19,GD.SSM BEKASI
2026-07-11T00:00:00,26FJK0102599,26SO01259301,GRAND FILANO HYBRID NEO,ABU-ABU,BAF BHL,32,100000,28665000,JAKARTA,79,GD.SSM BEKASI
2026-07-11T00:00:00,26FJK0102600,26SO01259401,FAZZIO HYBRID NEO,HIJAU MUDA,BAF DPK,30,500000,24650000,DEPOK,9,GD.SSM BEKASI
2026-07-11T00:00:00,26FJK0102601,26SO01259601,G ULTIMA HYBRID SMART,HITAM,CASH,0,22085000,22785000,JAKARTA UTARA,3,SSM MOTOR
2026-07-11T00:00:00,26FJK0102602,26SO01259701,WR 155 R,BIRU,CASH,0,35515000,35515000,"JAKARTA UTARA, KOTA.",3,GD.SSM BEKASI
2026-07-11T00:00:00,26FJK0102603,26SO01259801,FAZZIO HYBRID,HITAM MERAH,BAF BHL,30,0,22820000,SUNGAI BAMBU,75,GD.SSM BEKASI
2026-07-11T00:00:00,26FJK0102604,26SO01259901,NMAX NEO S,BIRU,MUF KBN JRK,23,2500000,35665000,TANGERANG,3,GD.SSM BEKASI
2026-07-11T00:00:00,26FJK0102605,26SO01260001,FAZZIO HYBRID NEO,HIJAU MUDA,BAF JAKARTA  2,30,0,24650000,"BEKASI, KOTA.",15,GD.SSM BEKASI
2026-07-11T00:00:00,26FJK0102606,26SO01260101,GRAND FILANO HYBRID NEO,UNGU MUDA,BAF BHL,30,0,28710000,"BEKASI, KOTA.",8,GD.SSM BEKASI
2026-07-11T00:00:00,26FJK0102607,26SO01260201,AEROX ALPHA,HITAM,OTO KDY,35,1200000,30700000,JAKARTA,4,GD.SSM BEKASI
2026-07-11T00:00:00,26FJK0102608,26SO01259501,NMAX NEO S,HITAM,ADIRA DMGT,23,2500000,35555000,JAKARTA,15,GD.SSM BEKASI
2026-07-11T00:00:00,26FJK0102609,26SO01260301,JUPITER Z CW FI,HITAM,BAF BHL,35,900000,22720000,BEKASI,47,GD.SSM BEKASI
2026-07-11T00:00:00,26FJK0102610,26SO01260501,NMAX NEO S,HITAM,ADIRA  ALAM SUTRA TANGERANG,17,9200000,35665000,TANGERANG,21,GD.SSM BEKASI
2026-07-11T00:00:00,26FJK0102611,26SO01260401,GRAND FILANO HYBRID NEO,HIJAU,BAF JAKARTA  2,26,2000000,28665000,"JAKARTA TIMUR, KOTA.",47,GD.SSM BEKASI
2026-07-11T00:00:00,26FJK0102612,26SO01260602,NMAX NEO S,BIRU,BAF JAKARTA  2,30,900000,35555000,JAKARTA UTARA,15,GD.SSM BEKASI
2026-07-11T00:00:00,26FJK0102613,26SO01260701,NMAX NEO S,HITAM,CASH,0,35105000,35555000,"JAKARTA BARAT, KOTA.",21,GD.SSM BEKASI
2026-07-11T00:00:00,26FJK0102614,26SO01260801,NMAX -TURBO- TECH MAX,ABU-ABU,CASH,0,43865000,44965000,"JAKARTA BARAT, KOTA.",32,SSM MOTOR
2026-07-11T00:00:00,26JD01047601,26JD01047601,NMAX NEO S SPC LIVERY,HITAM,CASH,0,28879511,28879511,"JAKARTA BARAT, KOTA.",10,GD.SSM BEKASI
2026-07-11T00:00:00,26JD01047602,26JD01047602,AEROX ALPHA,HITAM,CASH,0,24250546,24250546,"JAKARTA BARAT, KOTA.",2,SSM MOTOR
2026-07-12T00:00:00,26FJK0102616,26SO01261401,FREEGO 125 C,HITAM,CASH,0,24615000,25315000,BEKASI,137,GD.SSM BEKASI
2026-07-12T00:00:00,26FJK0102617,26SO01261601,G ULTIMA HYBRID SOLID,ABU-ABU,ADIRA BKS,17,1600000,20970000,"BEKASI, KAB.",3,GD.SSM BEKASI
2026-07-13T00:00:00,26FJK0102618,26SO01261701,G ULTIMA HYBRID SMART,HITAM,CASH,0,22885000,23085000,"BEKASI, KOTA.",5,SSM MOTOR
2026-07-13T00:00:00,26FJK0102619,26SO01261901,NMAX NEO S,MERAH,BAF TGR,30,900000,35665000,"TANGERANG SELATAN, KOTA.",18,GD.SSM BEKASI
2026-07-13T00:00:00,26FJK0102620,26SO01261801,GRAND FILANO HYBRID NEO,UNGU MUDA,ADIRA HI,17,1400000,28710000,"BEKASI, KAB.",5,GD.SSM BEKASI
2026-07-13T00:00:00,26FJK0102621,26SO01262001,FAZZIO HYBRID NEO,PUTIH,BAF BHL,32,500000,24405000,"JAKARTA SELATAN, Kota.",6,GD.SSM BEKASI
2026-07-13T00:00:00,26FJK0102622,26SO01262101,G ULTIMA HYBRID,HITAM,BAF JAKARTA  2,29,1100000,20240000,"JAKARTA PUSAT, KOTA.",2,GD.SSM BEKASI
2026-07-13T00:00:00,26FJK0102623,26SO01262201,NMAX NEO S,PUTIH,BAF CKR,35,650000,35640000,BEKASI,5,GD.SSM BEKASI
2026-07-13T00:00:00,26FJK0102624,26SO01262301,NMAX NEO S,HITAM,BAF BHL,30,650000,35640000,BEKASI,23,GD.SSM BEKASI
2026-07-13T00:00:00,26FJK0102625,26SO01262501,GRAND FILANO HYBRID LUX,HITAM,ADIRA DMGT,30,200000,29145000,JAKARTA,4,SSM MOTOR
2026-07-13T00:00:00,26FJK0102626,26SO01262601,FAZZIO HYBRID NEO,HIJAU MUDA,BAF BHL,30,500000,24405000,JAKARTA,66,SSM MOTOR
2026-07-13T00:00:00,26FJK0102627,26SO01262701,G ULTIMA HYBRID,HITAM,BAF CKR,35,800000,20550000,BEKASI,56,SSM MOTOR
2026-07-13T00:00:00,26FJK0102628,26SO01262901,G ULTIMA HYBRID SMART,HITAM,CASH,0,22785000,23085000,"BEKASI, KAB.",35,GD.SSM BEKASI
2026-07-13T00:00:00,26FJK0102629,26SO01262801,G ULTIMA HYBRID,HITAM,BAF BHL,35,800000,20240000,JAKARTA,2,GD.SSM BEKASI
2026-07-13T00:00:00,26FJK0102630,26SO01263101,LEXI LX 155 CONNECTED,HIJAU,CASH,0,27400000,27850000,"JAKARTA SELATAN, Kota.",4,GD.SSM BEKASI
2026-07-13T00:00:00,26FJK0102631,26SO01263001,ALL NEW AEROX 155,HITAM,BAF BHL,30,1000000,29380000,JAKARTA,25,GD.SSM BEKASI
2026-07-13T00:00:00,26JD01047701,26JD01047701,AEROX ALPHA,MERAH,CASH,0,26000000,26000000,"JAKARTA SELATAN, Kota.",5,GD.SSM BEKASI
2026-07-13T00:00:00,26JD01047702,26JD01047702,AEROX ALPHA,MERAH,CASH,0,26000000,26000000,"JAKARTA SELATAN, Kota.",5,SSM MOTOR
2026-07-13T00:00:00,26JD01047703,26JD01047703,AEROX ALPHA,BIRU,CASH,0,26000000,26000000,"JAKARTA SELATAN, Kota.",4,GD.SSM BEKASI
2026-07-13T00:00:00,26JD01047704,26JD01047704,AEROX ALPHA,BIRU,CASH,0,26000000,26000000,"JAKARTA SELATAN, Kota.",6,GD.SSM BEKASI
2026-07-13T00:00:00,26JD01047705,26JD01047705,AEROX ALPHA,MERAH,CASH,0,26000000,26000000,"JAKARTA SELATAN, Kota.",5,GD.SSM BEKASI
2026-07-13T00:00:00,26JD01047706,26JD01047706,AEROX ALPHA,BIRU,CASH,0,26000000,26000000,"JAKARTA SELATAN, Kota.",6,GD.SSM BEKASI
2026-07-13T00:00:00,26JD01047707,26JD01047707,AEROX ALPHA,BIRU,CASH,0,26000000,26000000,"JAKARTA SELATAN, Kota.",6,GD.SSM BEKASI
2026-07-13T00:00:00,26JD01047708,26JD01047708,AEROX ALPHA,MERAH,CASH,0,26000000,26000000,"JAKARTA SELATAN, Kota.",5,GD.SSM BEKASI
2026-07-13T00:00:00,26JD01047709,26JD01047709,AEROX ALPHA,MERAH,CASH,0,26000000,26000000,"JAKARTA SELATAN, Kota.",5,GD.SSM BEKASI
2026-07-13T00:00:00,26JD01047710,26JD01047710,AEROX ALPHA,MERAH,CASH,0,26000000,26000000,"JAKARTA SELATAN, Kota.",5,GD.SSM BEKASI
2026-07-13T00:00:00,26JD01047711,26JD01047711,AEROX ALPHA,HITAM,CASH,0,26000000,26000000,"JAKARTA SELATAN, Kota.",13,SSM MOTOR
2026-07-13T00:00:00,26JD01047712,26JD01047712,AEROX ALPHA,HITAM,CASH,0,26000000,26000000,"JAKARTA SELATAN, Kota.",13,SSM MOTOR
2026-07-13T00:00:00,26JD01047713,26JD01047713,AEROX ALPHA,HITAM,CASH,0,26000000,26000000,"JAKARTA SELATAN, Kota.",11,GD.SSM BEKASI
2026-07-13T00:00:00,26JD01047714,26JD01047714,AEROX ALPHA,HITAM,CASH,0,26000000,26000000,"JAKARTA SELATAN, Kota.",6,GD.SSM BEKASI
2026-07-13T00:00:00,26JD01047715,26JD01047715,AEROX ALPHA,HITAM,CASH,0,26000000,26000000,"JAKARTA SELATAN, Kota.",10,GD.SSM BEKASI
2026-07-13T00:00:00,26JD01047716,26JD01047716,GEAR 125,HIJAU PERAK,CASH,0,16500000,16500000,"JAKARTA SELATAN, Kota.",4,GD.SSM BEKASI
2026-07-13T00:00:00,26JD01047717,26JD01047717,GEAR 125,HIJAU PERAK,CASH,0,16500000,16500000,"JAKARTA SELATAN, Kota.",4,GD.SSM BEKASI
2026-07-13T00:00:00,26JD01047718,26JD01047718,GEAR 125,HIJAU PERAK,CASH,0,16500000,16500000,"JAKARTA SELATAN, Kota.",21,GD.SSM BEKASI
2026-07-13T00:00:00,26JD01047719,26JD01047719,GEAR 125,HITAM,CASH,0,16500000,16500000,"JAKARTA SELATAN, Kota.",5,GD.SSM BEKASI
2026-07-13T00:00:00,26JD01047720,26JD01047720,GEAR 125,HITAM,CASH,0,16500000,16500000,"JAKARTA SELATAN, Kota.",5,GD.SSM BEKASI
2026-07-13T00:00:00,26JD01047721,26JD01047721,GEAR 125,HIJAU,CASH,0,16500000,16500000,"JAKARTA SELATAN, Kota.",6,SSM MOTOR
2026-07-13T00:00:00,26JD01047722,26JD01047722,GEAR 125,HITAM,CASH,0,16500000,16500000,"JAKARTA SELATAN, Kota.",25,GD.SSM BEKASI
2026-07-13T00:00:00,26JD01047723,26JD01047723,GEAR 125,HITAM,CASH,0,16500000,16500000,"JAKARTA SELATAN, Kota.",5,GD.SSM BEKASI
2026-07-13T00:00:00,26JD01047724,26JD01047724,GEAR 125,HITAM,CASH,0,16500000,16500000,"JAKARTA SELATAN, Kota.",25,GD.SSM BEKASI
2026-07-13T00:00:00,26JD01047801,26JD01047801,GEAR 125,HIJAU,CASH,0,16500000,16500000,"JAKARTA SELATAN, Kota.",6,GD.SSM BEKASI
2026-07-13T00:00:00,26JD01047802,26JD01047802,GEAR 125,HIJAU PERAK,CASH,0,16500000,16500000,"JAKARTA SELATAN, Kota.",4,GD.SSM BEKASI
2026-07-13T00:00:00,26JD01047803,26JD01047803,GEAR 125,HITAM,CASH,0,16500000,16500000,"JAKARTA SELATAN, Kota.",21,GD.SSM BEKASI
2026-07-13T00:00:00,26JD01047901,26JD01047901,GEAR 125,MERAH,CASH,0,16500000,16500000,"JAKARTA SELATAN, Kota.",21,GD.SSM BEKASI
2026-07-13T00:00:00,26JD01047902,26JD01047902,GEAR 125,BIRU,CASH,0,16500000,16500000,"JAKARTA SELATAN, Kota.",21,GD.SSM BEKASI
2026-07-13T00:00:00,26JD01047903,26JD01047903,GEAR 125,BIRU,CASH,0,16500000,16500000,"JAKARTA SELATAN, Kota.",10,GD.SSM BEKASI
2026-07-13T00:00:00,26JD01048001,26JD01048001,FAZZIO HYBRID NEO,UNGU MUDA,CASH,0,18966813,18966813,"JAKARTA BARAT, KOTA.",4,SSM MOTOR
2026-07-13T00:00:00,26JD01048002,26JD01048002,GRAND FILANO HYBRID LUX,HITAM,CASH,0,23522889,23522889,"JAKARTA BARAT, KOTA.",4,SSM MOTOR
2026-07-13T00:00:00,26JD01048101,26JD01048101,GEAR 125,HITAM,CASH,0,16300000,16300000,"JAKARTA TIMUR, KOTA.",17,GD.SSM BEKASI
2026-07-13T00:00:00,26JD01048102,26JD01048102,GEAR 125,HITAM,CASH,0,16300000,16300000,"JAKARTA TIMUR, KOTA.",17,GD.SSM BEKASI
2026-07-13T00:00:00,26JD01048103,26JD01048103,GEAR 125,HITAM,CASH,0,16300000,16300000,"JAKARTA TIMUR, KOTA.",17,GD.SSM BEKASI
2026-07-13T00:00:00,26JD01048104,26JD01048104,GEAR 125,HITAM,CASH,0,16300000,16300000,"JAKARTA TIMUR, KOTA.",17,GD.SSM BEKASI
2026-07-13T00:00:00,26JD01048105,26JD01048105,GEAR 125,HITAM,CASH,0,16300000,16300000,"JAKARTA TIMUR, KOTA.",17,GD.SSM BEKASI
2026-07-13T00:00:00,26JD01048106,26JD01048106,GEAR 125,HITAM,CASH,0,16300000,16300000,"JAKARTA TIMUR, KOTA.",17,GD.SSM BEKASI
2026-07-13T00:00:00,26JD01048107,26JD01048107,GEAR 125,HITAM,CASH,0,16300000,16300000,"JAKARTA TIMUR, KOTA.",17,GD.SSM BEKASI
2026-07-13T00:00:00,26JD01048108,26JD01048108,GEAR 125,HITAM,CASH,0,16300000,16300000,"JAKARTA TIMUR, KOTA.",17,GD.SSM BEKASI
2026-07-13T00:00:00,26JD01048109,26JD01048109,GEAR 125,HITAM,CASH,0,16300000,16300000,"JAKARTA TIMUR, KOTA.",17,GD.SSM BEKASI
2026-07-13T00:00:00,26JD01048110,26JD01048110,GEAR 125,HITAM,CASH,0,16300000,16300000,"JAKARTA TIMUR, KOTA.",17,GD.SSM BEKASI
2026-07-13T00:00:00,26JD01048111,26JD01048111,GEAR 125,HITAM,CASH,0,16300000,16300000,"JAKARTA TIMUR, KOTA.",17,GD.SSM BEKASI
2026-07-13T00:00:00,26JD01048112,26JD01048112,GEAR 125,HITAM,CASH,0,16300000,16300000,"JAKARTA TIMUR, KOTA.",17,GD.SSM BEKASI
2026-07-13T00:00:00,26JD01048113,26JD01048113,GEAR 125,HITAM,CASH,0,16300000,16300000,"JAKARTA TIMUR, KOTA.",17,GD.SSM BEKASI
2026-07-13T00:00:00,26JD01048114,26JD01048114,GEAR 125,HITAM,CASH,0,16300000,16300000,"JAKARTA TIMUR, KOTA.",17,GD.SSM BEKASI
2026-07-13T00:00:00,26JD01048115,26JD01048115,GEAR 125,MERAH,CASH,0,16300000,16300000,"JAKARTA TIMUR, KOTA.",17,GD.SSM BEKASI
2026-07-13T00:00:00,26JD01048116,26JD01048116,GEAR 125,MERAH,CASH,0,16300000,16300000,"JAKARTA TIMUR, KOTA.",17,GD.SSM BEKASI
2026-07-13T00:00:00,26JD01048117,26JD01048117,GEAR 125,MERAH,CASH,0,16300000,16300000,"JAKARTA TIMUR, KOTA.",17,GD.SSM BEKASI
2026-07-13T00:00:00,26JD01048118,26JD01048118,GEAR 125,MERAH,CASH,0,16300000,16300000,"JAKARTA TIMUR, KOTA.",17,GD.SSM BEKASI
2026-07-13T00:00:00,26JD01048119,26JD01048119,GEAR 125,HIJAU PERAK,CASH,0,16300000,16300000,"JAKARTA TIMUR, KOTA.",17,GD.SSM BEKASI
2026-07-13T00:00:00,26JD01048120,26JD01048120,GEAR 125,HIJAU PERAK,CASH,0,16300000,16300000,"JAKARTA TIMUR, KOTA.",17,GD.SSM BEKASI
2026-07-13T00:00:00,26JD01048121,26JD01048121,GEAR 125,HIJAU PERAK,CASH,0,16300000,16300000,"JAKARTA TIMUR, KOTA.",17,GD.SSM BEKASI
2026-07-13T00:00:00,26JD01048122,26JD01048122,GEAR 125,HIJAU,CASH,0,16300000,16300000,"JAKARTA TIMUR, KOTA.",17,GD.SSM BEKASI
2026-07-13T00:00:00,26JD01048123,26JD01048123,GEAR 125,HIJAU,CASH,0,16300000,16300000,"JAKARTA TIMUR, KOTA.",17,GD.SSM BEKASI
2026-07-13T00:00:00,26JD01048124,26JD01048124,GEAR 125,HIJAU,CASH,0,16300000,16300000,"JAKARTA TIMUR, KOTA.",17,GD.SSM BEKASI
2026-07-13T00:00:00,26JD01048201,26JD01048201,GEAR 125,HIJAU PERAK,CASH,0,16300000,16300000,"JAKARTA TIMUR, KOTA.",17,GD.SSM BEKASI
2026-07-13T00:00:00,26JD01048202,26JD01048202,GEAR 125,HIJAU PERAK,CASH,0,16300000,16300000,"JAKARTA TIMUR, KOTA.",17,GD.SSM BEKASI
2026-07-13T00:00:00,26JD01048203,26JD01048203,GEAR 125,HIJAU PERAK,CASH,0,16300000,16300000,"JAKARTA TIMUR, KOTA.",17,GD.SSM BEKASI
2026-07-13T00:00:00,26JD01048204,26JD01048204,GEAR 125,HIJAU PERAK,CASH,0,16300000,16300000,"JAKARTA TIMUR, KOTA.",17,GD.SSM BEKASI
2026-07-13T00:00:00,26JD01048205,26JD01048205,GEAR 125,HIJAU PERAK,CASH,0,16300000,16300000,"JAKARTA TIMUR, KOTA.",17,GD.SSM BEKASI
2026-07-13T00:00:00,26JD01048206,26JD01048206,GEAR 125,HIJAU PERAK,CASH,0,16300000,16300000,"JAKARTA TIMUR, KOTA.",11,GD.SSM BEKASI
2026-07-13T00:00:00,26JD01048207,26JD01048207,GEAR 125,HIJAU PERAK,CASH,0,16300000,16300000,"JAKARTA TIMUR, KOTA.",11,GD.SSM BEKASI
2026-07-13T00:00:00,26JD01048208,26JD01048208,GEAR 125,HIJAU PERAK,CASH,0,16300000,16300000,"JAKARTA TIMUR, KOTA.",11,GD.SSM BEKASI
2026-07-13T00:00:00,26JD01048209,26JD01048209,GEAR 125,HIJAU PERAK,CASH,0,16300000,16300000,"JAKARTA TIMUR, KOTA.",11,GD.SSM BEKASI
2026-07-13T00:00:00,26JD01048210,26JD01048210,GEAR 125,HIJAU PERAK,CASH,0,16300000,16300000,"JAKARTA TIMUR, KOTA.",11,GD.SSM BEKASI
2026-07-13T00:00:00,26JD01048211,26JD01048211,GEAR 125,HIJAU PERAK,CASH,0,16300000,16300000,"JAKARTA TIMUR, KOTA.",11,GD.SSM BEKASI
2026-07-13T00:00:00,26JD01048212,26JD01048212,GEAR 125,BIRU,CASH,0,16300000,16300000,"JAKARTA TIMUR, KOTA.",11,GD.SSM BEKASI
2026-07-13T00:00:00,26JD01048213,26JD01048213,GEAR 125,BIRU,CASH,0,16300000,16300000,"JAKARTA TIMUR, KOTA.",11,GD.SSM BEKASI
2026-07-13T00:00:00,26JD01048214,26JD01048214,GEAR 125,BIRU,CASH,0,16300000,16300000,"JAKARTA TIMUR, KOTA.",11,GD.SSM BEKASI
2026-07-13T00:00:00,26JD01048215,26JD01048215,GEAR 125,BIRU,CASH,0,16300000,16300000,"JAKARTA TIMUR, KOTA.",11,GD.SSM BEKASI
2026-07-13T00:00:00,26JD01048216,26JD01048216,GEAR 125,BIRU,CASH,0,16300000,16300000,"JAKARTA TIMUR, KOTA.",11,GD.SSM BEKASI
2026-07-13T00:00:00,26JD01048217,26JD01048217,GEAR 125,BIRU,CASH,0,16300000,16300000,"JAKARTA TIMUR, KOTA.",11,GD.SSM BEKASI
2026-07-13T00:00:00,26JD01048218,26JD01048218,GEAR 125,BIRU,CASH,0,16300000,16300000,"JAKARTA TIMUR, KOTA.",11,GD.SSM BEKASI
2026-07-13T00:00:00,26JD01048219,26JD01048219,GEAR 125,BIRU,CASH,0,16300000,16300000,"JAKARTA TIMUR, KOTA.",11,GD.SSM BEKASI
2026-07-13T00:00:00,26JD01048220,26JD01048220,GEAR 125,BIRU,CASH,0,16300000,16300000,"JAKARTA TIMUR, KOTA.",11,GD.SSM BEKASI
2026-07-13T00:00:00,26JD01048221,26JD01048221,GEAR 125,BIRU,CASH,0,16300000,16300000,"JAKARTA TIMUR, KOTA.",11,GD.SSM BEKASI
2026-07-13T00:00:00,26JD01048222,26JD01048222,GEAR 125,BIRU,CASH,0,16300000,16300000,"JAKARTA TIMUR, KOTA.",11,GD.SSM BEKASI
2026-07-13T00:00:00,26JD01048223,26JD01048223,GEAR 125,BIRU,CASH,0,16300000,16300000,"JAKARTA TIMUR, KOTA.",11,GD.SSM BEKASI
2026-07-13T00:00:00,26JD01048224,26JD01048224,GEAR 125,BIRU,CASH,0,16300000,16300000,"JAKARTA TIMUR, KOTA.",11,GD.SSM BEKASI
2026-07-13T00:00:00,26JD01048301,26JD01048301,GEAR 125,BIRU,CASH,0,16300000,16300000,"JAKARTA TIMUR, KOTA.",11,GD.SSM BEKASI
2026-07-13T00:00:00,26JD01048302,26JD01048302,GEAR 125,BIRU,CASH,0,16300000,16300000,"JAKARTA TIMUR, KOTA.",11,GD.SSM BEKASI
2026-07-14T00:00:00,26FJK0102632,26SO01263301,GRAND FILANO HYBRID NEO,ABU-ABU,ADIRA TBN,29,1100000,28710000,KAB BEKASI,88,GD.SSM BEKASI
2026-07-14T00:00:00,26FJK0102633,26SO01262401,AEROX ALPHA,HITAM,BAF BHL,30,400000,30700000,"JAKARTA BARAT, KOTA.",1,GD.SSM BEKASI
2026-07-14T00:00:00,26FJK0102634,26SO01263901,AEROX ALPHA,BIRU,BAF TGR,30,200000,30850000,"TANGERANG, KAB.",3,GD.SSM BEKASI
2026-07-14T00:00:00,26FJK0102635,26SO01263701,FAZZIO HYBRID NEO,UNGU,BAF CMPK,32,0,24405000,"JAKARTA BARAT, KOTA.",50,SSM MOTOR
2026-07-14T00:00:00,26FJK0102636,26SO01263801,AEROX ALPHA,HITAM,BAF DPK,35,1000000,30820000,"DEPOK, KOTA.",1,GD.SSM BEKASI
2026-07-14T00:00:00,26FJK0102637,26SO01263501,GRAND FILANO HYBRID NEO,UNGU MUDA,ADIRA DMGT,30,100000,28665000,JAKARTA,1,GD.SSM BEKASI
2026-07-14T00:00:00,26FJK0102638,26SO01263601,G ULTIMA HYBRID,HITAM,BAF DPK,35,800000,20700000,"BOGOR, KAB.",3,GD.SSM BEKASI
2026-07-14T00:00:00,26FJK0102639,26SO01263201,GRAND FILANO HYBRID NEO,PUTIH,ADIRA DMGT,11,14800000,28910000,"TANGERANG, KAB.",159,GD.SSM BEKASI
2026-07-14T00:00:00,26FJK0102640,26SO01264001,FREEGO 125,PUTIH,OTO KDY,29,1700000,22865000,"JAKARTA BARAT, KOTA.",1,GD.SSM BEKASI
2026-07-14T00:00:00,26FJK0102641,26SO01264101,GRAND FILANO HYBRID NEO,PUTIH,BAF DPK,30,0,28665000,"JAKARTA TIMUR, KOTA.",159,GD.SSM BEKASI
2026-07-14T00:00:00,26FJK0102642,26SO01264201,NMAX NEO,HITAM,ADIRA KLPG,30,800000,34565000,"JAKARTA UTARA, KOTA.",18,SSM MOTOR
2026-07-14T00:00:00,26FJK0102643,26SO01264301,FAZZIO HYBRID NEO,UNGU MUDA,ADIRA BKS,20,6300000,24405000,JAKARTA UTARA,15,SSM MOTOR
2026-07-14T00:00:00,26FJK0102644,26SO01264501,FAZZIO HYBRID,ABU PINK,BAF BHL,32,500000,22820000,"JAKARTA BARAT, KOTA.",13,SSM MOTOR
2026-07-14T00:00:00,26FJK0102646,26SO01264801,GRAND FILANO HYBRID NEO,HIJAU,BAF JAKARTA  2,32,0,28710000,BEKASI,129,GD.SSM BEKASI
2026-07-14T00:00:00,26FJK0102647,26SO01264901,FAZZIO STARRY NIGHT,PERAK MUDA,CASH,0,24350000,25250000,JAKARTA BARAT,106,GD.SSM BEKASI
2026-07-14T00:00:00,26FJK0102648,26SO01265001,AEROX ALPHA CYBERCITY ABS,PUTIH,ADIRA KLPG,30,800000,34790000,"JAKARTA BARAT, KOTA.",20,GD.SSM BEKASI
2026-07-14T00:00:00,26FJK0102649,26SO01265101,FAZZIO HYBRID NEO,UNGU,WOM CILEUNGSI,35,1800000,24850000,"BOGOR, KAB.",50,SSM MOTOR
2026-07-14T00:00:00,26JD01048401,26JD01048401,AEROX ALPHA CYBERCITY ABS,PUTIH,CASH,0,28550000,28550000,"JAKARTA UTARA, KOTA.",20,GD.SSM BEKASI
2026-07-14T00:00:00,26JD01048402,26JD01048402,AEROX ALPHA CYBERCITY ABS,PUTIH,CASH,0,28550000,28550000,"JAKARTA UTARA, KOTA.",14,SSM MOTOR
2026-07-14T00:00:00,26JD01048403,26JD01048403,AEROX ALPHA CYBERCITY,BIRU,CASH,0,25750000,25750000,"JAKARTA UTARA, KOTA.",6,GD.SSM BEKASI
2026-07-14T00:00:00,26JD01048404,26JD01048404,AEROX ALPHA,MERAH,CASH,0,25500000,25500000,"JAKARTA UTARA, KOTA.",6,GD.SSM BEKASI
2026-07-14T00:00:00,26JD01048405,26JD01048405,AEROX ALPHA,MERAH,CASH,0,25500000,25500000,"JAKARTA UTARA, KOTA.",13,GD.SSM BEKASI
2026-07-14T00:00:00,26JD01048407,26JD01048407,AEROX ALPHA,BIRU,CASH,0,25500000,25500000,"JAKARTA UTARA, KOTA.",3,GD.SSM BEKASI
2026-07-14T00:00:00,26JD01048408,26JD01048408,AEROX ALPHA,BIRU,CASH,0,25500000,25500000,"JAKARTA UTARA, KOTA.",3,GD.SSM BEKASI
2026-07-14T00:00:00,26JD01048409,26JD01048409,AEROX ALPHA,BIRU,CASH,0,25500000,25500000,"JAKARTA UTARA, KOTA.",3,GD.SSM BEKASI
2026-07-14T00:00:00,26JD01048410,26JD01048410,AEROX ALPHA CYBERCITY ABS,UNGU,CASH,0,28550000,28550000,"JAKARTA UTARA, KOTA.",14,GD.SSM BEKASI
2026-07-14T00:00:00,26JD01048411,26JD01048411,AEROX ALPHA CYBERCITY ABS,UNGU,CASH,0,28550000,28550000,"JAKARTA UTARA, KOTA.",11,GD.SSM BEKASI
2026-07-14T00:00:00,26JD01048412,26JD01048412,AEROX ALPHA -TURBO-,PERAK,CASH,0,33550000,33550000,"JAKARTA UTARA, KOTA.",15,GD.SSM BEKASI
2026-07-14T00:00:00,26JD01048413,26JD01048413,AEROX ALPHA -TURBO-,PERAK,CASH,0,33550000,33550000,"JAKARTA UTARA, KOTA.",76,GD.SSM BEKASI
2026-07-14T00:00:00,26JD01048414,26JD01048414,AEROX ALPHA,HITAM,CASH,0,25500000,25500000,"JAKARTA UTARA, KOTA.",1,GD.SSM BEKASI
2026-07-14T00:00:00,26JD01048415,26JD01048415,AEROX ALPHA,HITAM,CASH,0,25500000,25500000,"JAKARTA UTARA, KOTA.",1,GD.SSM BEKASI
2026-07-14T00:00:00,26JD01048416,26JD01048416,AEROX ALPHA,HITAM,CASH,0,25500000,25500000,"JAKARTA UTARA, KOTA.",1,GD.SSM BEKASI
2026-07-14T00:00:00,26JD01048417,26JD01048417,AEROX ALPHA,HITAM,CASH,0,25500000,25500000,"JAKARTA UTARA, KOTA.",1,GD.SSM BEKASI
2026-07-14T00:00:00,26JD01048418,26JD01048418,AEROX ALPHA,HITAM,CASH,0,25500000,25500000,"JAKARTA UTARA, KOTA.",1,GD.SSM BEKASI
2026-07-14T00:00:00,26JD01048419,26JD01048419,AEROX ALPHA,HITAM,CASH,0,25500000,25500000,"JAKARTA UTARA, KOTA.",1,GD.SSM BEKASI
2026-07-14T00:00:00,26JD01048420,26JD01048420,AEROX ALPHA,BIRU,CASH,0,25500000,25500000,"JAKARTA UTARA, KOTA.",1,GD.SSM BEKASI
2026-07-14T00:00:00,26JD01048421,26JD01048421,AEROX ALPHA,BIRU,CASH,0,25500000,25500000,"JAKARTA UTARA, KOTA.",1,GD.SSM BEKASI
2026-07-14T00:00:00,26JD01048422,26JD01048422,AEROX ALPHA CYBERCITY,BIRU,CASH,0,25750000,25750000,"JAKARTA UTARA, KOTA.",1,GD.SSM BEKASI
2026-07-15T00:00:00,26FJK0102650,26SO01264401,FREEGO 125,HITAM,CASH,0,22905000,23355000,BEKASI,1,GD.SSM BEKASI
2026-07-15T00:00:00,26FJK0102651,26SO01265301,AEROX ALPHA CYBERCITY ABS,PUTIH,ADIRA CLGS,35,1700000,34910000,KAB BEKASI,21,GD.SSM BEKASI
2026-07-15T00:00:00,26FJK0102652,26SO01265401,AEROX ALPHA,HITAM,ADIRA BKS,35,1000000,30820000,"BEKASI, KOTA.",2,GD.SSM BEKASI
2026-07-15T00:00:00,26FJK0102653,26SO01259001,FAZZIO HYBRID,KUNING,BAF BHL,20,1100000,23295000,BEKASI,1,GD.SSM BEKASI
2026-07-15T00:00:00,26FJK0102654,26SO01265501,NMAX NEO S,BIRU,BAF BHL,20,8050000,35555000,JAKARTA SELATAN,19,GD.SSM BEKASI
2026-07-15T00:00:00,26FJK0102655,26SO01265601,GRAND FILANO HYBRID NEO,UNGU MUDA,BAF CMPK,32,350000,28665000,BEKASI,2,GD.SSM BEKASI
2026-07-15T00:00:00,26FJK0102656,26SO01265801,FAZZIO HYBRID,ABU PINK,BAF BHL,30,600000,23095000,"DEPOK, KOTA.",4,GD.SSM BEKASI
2026-07-15T00:00:00,26FJK0102657,26SO01266001,G ULTIMA HYBRID SOLID,ABU-ABU,BAF DPK,17,900000,20660000,"JAKARTA PUSAT, KOTA.",21,SSM MOTOR
2026-07-15T00:00:00,26FJK0102658,26SO01266401,GRAND FILANO HYBRID NEO,UNGU MUDA,ADIRA TBN,26,1100000,28665000,JAKARTA PUSAT,25,GD.SSM BEKASI
2026-07-15T00:00:00,26FJK0102659,26SO01266501,FAZZIO HYBRID NEO,UNGU MUDA,BAF BGR,30,400000,24850000,"BOGOR, KAB.",14,GD.SSM BEKASI
2026-07-15T00:00:00,26FJK0102660,26SO01266101,NMAX NEO S,PUTIH,BAF CKR,35,900000,35640000,"BEKASI, KOTA.",25,GD.SSM BEKASI
2026-07-15T00:00:00,26FJK0102661,26SO01266201,FAZZIO HYBRID NEO,UNGU,BAF TGR,30,500000,24825000,"TANGERANG, KAB.",57,GD.SSM BEKASI
2026-07-15T00:00:00,26FJK0102662,26SO01266301,ALL NEW AEROX 155,BIRU ORANGE,BAF BHL,30,1000000,29380000,JAKARTA TIMUR,7,SSM MOTOR
2026-07-15T00:00:00,26FJK0102663,26SO01266601,GRAND FILANO HYBRID NEO,UNGU MUDA,BAF BHL,30,2900000,28710000,BEKASI,25,GD.SSM BEKASI
2026-07-15T00:00:00,26FJK0102664,26SO01266801,NMAX NEO S,PUTIH,CASH,0,24736600,24736600,"JAKARTA TIMUR, KOTA.",483,SSM MOTOR
2026-07-15T00:00:00,26FJK0102665,26SO01267001,NMAX NEO S,HITAM,CASH,0,24418400,24821800,"BEKASI, KOTA.",181,SSM MOTOR
2026-07-15T00:00:00,26FJK0102666,26SO01267101,GRAND FILANO HYBRID NEO,UNGU MUDA,CASH,0,20079500,20079500,"BEKASI, KOTA.",161,SSM MOTOR
2026-07-15T00:00:00,26FJK0102667,26SO01266701,FAZZIO HYBRID LUX,ABU-ABU TUA,BAF CKR,20,1300000,25350000,BEKASI,2,SSM MOTOR
2026-07-15T00:00:00,26FJK0102668,26SO01266901,GRAND FILANO HYBRID NEO,PUTIH,BAF BHL,33,0,28665000,BEKASI,161,GD.SSM BEKASI
2026-07-15T00:00:00,26FJK0102669,26SO01267201,NMAX NEO S,HITAM,BAF CKR,35,900000,35640000,KOTA BEKASI,1,GD.SSM BEKASI
2026-07-15T00:00:00,26FJK0102670,26SO01267301,FAZZIO HYBRID LUX,ABU-ABU TUA,BAF JAKARTA  2,32,3300000,25350000,"BEKASI, KOTA.",47,GD.SSM BEKASI
2026-07-15T00:00:00,26FJK0102671,26SO01267401,NMAX NEO,BIRU,BAF JAKARTA  2,35,800000,34640000,"BEKASI, KOTA.",1,GD.SSM BEKASI
2026-07-15T00:00:00,26JD01048501,26JD01048501,MX KING 150,HITAM,CASH,0,27000000,27000000,"JAKARTA SELATAN, Kota.",7,GD.SSM BEKASI
2026-07-15T00:00:00,26JD01048502,26JD01048502,MX KING 150,HITAM,CASH,0,27000000,27000000,"JAKARTA SELATAN, Kota.",7,GD.SSM BEKASI
2026-07-15T00:00:00,26JD01048503,26JD01048503,GEAR 125,HITAM,CASH,0,16500000,16500000,"JAKARTA SELATAN, Kota.",2,GD.SSM BEKASI
2026-07-15T00:00:00,26JD01048504,26JD01048504,GEAR 125,HITAM,CASH,0,16500000,16500000,"JAKARTA SELATAN, Kota.",2,GD.SSM BEKASI
2026-07-15T00:00:00,26JD01048505,26JD01048505,GEAR 125,HIJAU,CASH,0,16500000,16500000,"JAKARTA SELATAN, Kota.",2,GD.SSM BEKASI
2026-07-15T00:00:00,26JD01048506,26JD01048506,GEAR 125,HITAM,CASH,0,16500000,16500000,"JAKARTA SELATAN, Kota.",2,GD.SSM BEKASI
2026-07-15T00:00:00,26JD01048507,26JD01048507,GEAR 125,HITAM,CASH,0,16500000,16500000,"JAKARTA SELATAN, Kota.",2,GD.SSM BEKASI
2026-07-15T00:00:00,26JD01048508,26JD01048508,GEAR 125,BIRU,CASH,0,16500000,16500000,"JAKARTA SELATAN, Kota.",2,GD.SSM BEKASI
2026-07-15T00:00:00,26JD01048509,26JD01048509,GEAR 125,HIJAU,CASH,0,16500000,16500000,"JAKARTA SELATAN, Kota.",2,SSM MOTOR
2026-07-15T00:00:00,26JD01048510,26JD01048510,GEAR 125,HITAM,CASH,0,16500000,16500000,"JAKARTA SELATAN, Kota.",2,SSM MOTOR
2026-07-15T00:00:00,26JD01048511,26JD01048511,MIO M3 CW,HITAM,CASH,0,15800000,15800000,"JAKARTA SELATAN, Kota.",36,GD.SSM BEKASI
2026-07-15T00:00:00,26JD01048512,26JD01048512,MIO M3 CW,PUTIH,CASH,0,15800000,15800000,"JAKARTA SELATAN, Kota.",30,SSM MOTOR
2026-07-15T00:00:00,26JD01048513,26JD01048513,MIO M3 CW,HITAM,CASH,0,15800000,15800000,"JAKARTA SELATAN, Kota.",7,SSM MOTOR
2026-07-15T00:00:00,26JD01048514,26JD01048514,MIO M3 CW,PERAK HIJAU,CASH,0,15800000,15800000,"JAKARTA SELATAN, Kota.",7,SSM MOTOR
2026-07-15T00:00:00,26JD01048515,26JD01048515,MIO M3 CW,PERAK HIJAU,CASH,0,15800000,15800000,"JAKARTA SELATAN, Kota.",7,SSM MOTOR
2026-07-15T00:00:00,26JD01048516,26JD01048516,MIO M3 CW,PERAK HIJAU,CASH,0,15800000,15800000,"JAKARTA SELATAN, Kota.",7,SSM MOTOR
2026-07-15T00:00:00,26JD01048517,26JD01048517,MIO M3 CW,MERAH,CASH,0,15800000,15800000,"JAKARTA SELATAN, Kota.",7,SSM MOTOR
2026-07-15T00:00:00,26JD01048518,26JD01048518,MIO M3 CW,MERAH,CASH,0,15800000,15800000,"JAKARTA SELATAN, Kota.",4,GD.SSM BEKASI
2026-07-15T00:00:00,26JD01048519,26JD01048519,MIO M3 CW,MERAH,CASH,0,15800000,15800000,"JAKARTA SELATAN, Kota.",4,GD.SSM BEKASI
2026-07-15T00:00:00,26JD01048520,26JD01048520,MIO M3 CW,MERAH,CASH,0,15800000,15800000,"JAKARTA SELATAN, Kota.",2,SSM MOTOR
2026-07-15T00:00:00,26JD01048521,26JD01048521,MIO M3 CW,HITAM,CASH,0,15800000,15800000,"JAKARTA SELATAN, Kota.",36,GD.SSM BEKASI
2026-07-15T00:00:00,26JD01048522,26JD01048522,MIO M3 CW,HITAM,CASH,0,15800000,15800000,"JAKARTA SELATAN, Kota.",36,GD.SSM BEKASI
2026-07-15T00:00:00,26JD01048523,26JD01048523,MIO M3 CW,PERAK HIJAU,CASH,0,15800000,15800000,"JAKARTA SELATAN, Kota.",36,GD.SSM BEKASI
2026-07-15T00:00:00,26JD01048601,26JD01048601,FAZZIO HYBRID NEO,UNGU MUDA,CASH,0,18966813,18966813,"JAKARTA BARAT, KOTA.",14,GD.SSM BEKASI
2026-07-15T00:00:00,26JD01048602,26JD01048602,ALL NEW XSR 155,PERAK,CASH,0,32737018,32737018,"JAKARTA BARAT, KOTA.",8,GD.SSM BEKASI
2026-07-16T00:00:00,26FJK0102672,26SO01267501,GRAND FILANO HYBRID NEO,UNGU MUDA,BAF CMPK,32,350000,28710000,"BEKASI, KOTA.",-1,GD.SSM BEKASI
2026-07-16T00:00:00,26FJK0102673,26SO01267701,GRAND FILANO HYBRID LUX,HITAM,BAF BHL,30,200000,29145000,JAKARTA BARAT,27,GD.SSM BEKASI
2026-07-16T00:00:00,26FJK0102674,26SO01265901,GRAND FILANO HYBRID NEO,HIJAU,ADIRA BKS,26,600000,28710000,"BEKASI, KOTA.",131,GD.SSM BEKASI
2026-07-16T00:00:00,26FJK0102675,26SO01267601,NMAX NEO S,HITAM,OTO CMPK,30,3100000,35555000,JAKARTA,1,GD.SSM BEKASI
2026-07-16T00:00:00,26FJK0102676,26SO01267901,NMAX NEO,BIRU,ADIRA KLPG,30,300000,34565000,JAKARTA,19,SSM MOTOR
2026-07-16T00:00:00,26FJK0102677,26SO01267801,ALL NEW AEROX 155,HITAM,ADR KTPG,30,1000000,29380000,"JAKARTA PUSAT, KOTA.",20,SSM MOTOR
2026-07-16T00:00:00,26FJK0102678,26SO01268001,FAZZIO HYBRID NEO,BIRU,BAF CMPK,30,0,24405000,JAKARTA,264,GD.SSM BEKASI
2026-07-16T00:00:00,26FJK0102679,26SO01268101,NMAX NEO S,MERAH,BAF TGR,30,2200000,35665000,TANGERANG,3,GD.SSM BEKASI
2026-07-16T00:00:00,26FJK0102680,26SO01268201,FAZZIO HYBRID NEO,BIRU,BAF CMPK,30,0,24405000,JAKARTA,398,GD.SSM BEKASI
2026-07-16T00:00:00,26FJK0102681,26SO01251801,FAZZIO HYBRID LUX,HIJAU,CASH,0,24495000,25095000,JAKARTA PUSAT,2,GD.SSM BEKASI
2026-07-16T00:00:00,26FJK0102682,26SO01268301,FAZZIO HYBRID NEO,UNGU,ADIRA CIPUTAT,32,250000,24825000,TANGERANG SELATAN,58,GD.SSM BEKASI
2026-07-16T00:00:00,26FJK0102683,26SO01268401,NMAX NEO S,HITAM,CASH,0,35290000,35790000,BOGOR,1,GD.SSM BEKASI
2026-07-16T00:00:00,26FJK0102684,26SO01268601,AEROX ALPHA,HITAM,ADIRA KLPG,23,1600000,30700000,"JAKARTA UTARA, KOTA.",1,GD.SSM BEKASI
2026-07-16T00:00:00,26FJK0102685,26SO01268701,NMAX NEO,BIRU,BAF CMPK,30,800000,34565000,"JAKARTA TIMUR, KOTA.",15,GD.SSM BEKASI
2026-07-16T00:00:00,26FJK0102686,26SO01268901,ALL NEW XRIDE 125,COKLAT,BAF BHL,35,800000,21295000,BEKASI,52,GD.SSM BEKASI
2026-07-16T00:00:00,26FJK0102687,26SO01268501,G ULTIMA HYBRID,HITAM,BAF CKR,35,800000,20550000,BEKASI,3,SSM MOTOR
2026-07-16T00:00:00,26FJK0102688,26SO01268801,G ULTIMA HYBRID,HITAM,BAF JAKARTA  2,32,0,20240000,"JAKARTA PUSAT, KOTA.",59,GD.SSM BEKASI
2026-07-16T00:00:00,26FJK0102689,26SO01269101,FAZZIO HYBRID NEO,UNGU,CASH,0,24050000,24650000,"BEKASI, KAB.",58,GD.SSM BEKASI
2026-07-16T00:00:00,26FJK0102690,26SO01269201,NMAX NEO S,BIRU,BAF BHL,23,2000000,35640000,BEKASI,22,GD.SSM BEKASI
2026-07-16T00:00:00,26FJK0102691,26SO01269001,NMAX -TURBO-,ABU-ABU,ADIRA KLPG,30,4700000,39465000,"JAKARTA UTARA, KOTA.",0,GD.SSM BEKASI
2026-07-16T00:00:00,26JD01048702,26JD01048702,ALL NEW XSR 155,HITAM,CASH,0,32937108,32937108,"JAKARTA SELATAN, Kota.",86,GD.SSM BEKASI
2026-07-16T00:00:00,26JD01048801,26JD01048801,MIO M3 CW,HITAM,CASH,0,15700000,15700000,"JAKARTA PUSAT, KOTA.",2,GD.SSM BEKASI
2026-07-16T00:00:00,26JD01048802,26JD01048802,MIO M3 CW,HITAM,CASH,0,15700000,15700000,"JAKARTA PUSAT, KOTA.",2,GD.SSM BEKASI
2026-07-16T00:00:00,26JD01048803,26JD01048803,MIO M3 CW,HITAM,CASH,0,15700000,15700000,"JAKARTA PUSAT, KOTA.",2,GD.SSM BEKASI
2026-07-16T00:00:00,26JD01048804,26JD01048804,MIO M3 CW,HITAM,CASH,0,15700000,15700000,"JAKARTA PUSAT, KOTA.",2,GD.SSM BEKASI
2026-07-16T00:00:00,26JD01048805,26JD01048805,MIO M3 CW,HITAM,CASH,0,15700000,15700000,"JAKARTA PUSAT, KOTA.",2,GD.SSM BEKASI
2026-07-16T00:00:00,26JD01048806,26JD01048806,MIO M3 CW,HITAM,CASH,0,15700000,15700000,"JAKARTA PUSAT, KOTA.",2,GD.SSM BEKASI
2026-07-16T00:00:00,26JD01048807,26JD01048807,MIO M3 CW,HITAM,CASH,0,15700000,15700000,"JAKARTA PUSAT, KOTA.",2,GD.SSM BEKASI
2026-07-16T00:00:00,26JD01048808,26JD01048808,MIO M3 CW,HITAM,CASH,0,15700000,15700000,"JAKARTA PUSAT, KOTA.",2,GD.SSM BEKASI
2026-07-16T00:00:00,26JD01048809,26JD01048809,MIO M3 CW,HITAM,CASH,0,15700000,15700000,"JAKARTA PUSAT, KOTA.",2,GD.SSM BEKASI
2026-07-16T00:00:00,26JD01048810,26JD01048810,MIO M3 CW,HITAM,CASH,0,15700000,15700000,"JAKARTA PUSAT, KOTA.",2,GD.SSM BEKASI
2026-07-16T00:00:00,26JD01048811,26JD01048811,MIO M3 CW,HITAM,CASH,0,15700000,15700000,"JAKARTA PUSAT, KOTA.",2,GD.SSM BEKASI
2026-07-16T00:00:00,26JD01048812,26JD01048812,MIO M3 CW,HITAM,CASH,0,15700000,15700000,"JAKARTA PUSAT, KOTA.",2,GD.SSM BEKASI
2026-07-16T00:00:00,26JD01048813,26JD01048813,MIO M3 CW,HITAM,CASH,0,15700000,15700000,"JAKARTA PUSAT, KOTA.",2,GD.SSM BEKASI
2026-07-16T00:00:00,26JD01048814,26JD01048814,MIO M3 CW,HITAM,CASH,0,15700000,15700000,"JAKARTA PUSAT, KOTA.",2,GD.SSM BEKASI
2026-07-16T00:00:00,26JD01048815,26JD01048815,MIO M3 CW,HITAM,CASH,0,15700000,15700000,"JAKARTA PUSAT, KOTA.",2,GD.SSM BEKASI
2026-07-16T00:00:00,26JD01048816,26JD01048816,MIO M3 CW,HITAM,CASH,0,15700000,15700000,"JAKARTA PUSAT, KOTA.",2,GD.SSM BEKASI
2026-07-16T00:00:00,26JD01048817,26JD01048817,MIO M3 CW,HITAM,CASH,0,15700000,15700000,"JAKARTA PUSAT, KOTA.",2,GD.SSM BEKASI
2026-07-16T00:00:00,26JD01048818,26JD01048818,MIO M3 CW,HITAM,CASH,0,15700000,15700000,"JAKARTA PUSAT, KOTA.",2,GD.SSM BEKASI
2026-07-16T00:00:00,26JD01048819,26JD01048819,MIO M3 CW,HITAM,CASH,0,15700000,15700000,"JAKARTA PUSAT, KOTA.",2,GD.SSM BEKASI
2026-07-16T00:00:00,26JD01048820,26JD01048820,MIO M3 CW,HITAM,CASH,0,15700000,15700000,"JAKARTA PUSAT, KOTA.",2,GD.SSM BEKASI
2026-07-16T00:00:00,26JD01048821,26JD01048821,MIO M3 CW,HITAM,CASH,0,15700000,15700000,"JAKARTA PUSAT, KOTA.",2,GD.SSM BEKASI
2026-07-16T00:00:00,26JD01048901,26JD01048901,AEROX ALPHA,BIRU,CASH,0,26000000,26000000,"TANGERANG SELATAN, KOTA.",20,GD.SSM BEKASI
2026-07-16T00:00:00,26JD01048902,26JD01048902,AEROX ALPHA,BIRU,CASH,0,26000000,26000000,"TANGERANG SELATAN, KOTA.",20,GD.SSM BEKASI
2026-07-16T00:00:00,26JD01048903,26JD01048903,AEROX ALPHA,HITAM,CASH,0,26000000,26000000,"TANGERANG SELATAN, KOTA.",20,GD.SSM BEKASI
2026-07-16T00:00:00,26JD01048904,26JD01048904,AEROX ALPHA,HITAM,CASH,0,26000000,26000000,"TANGERANG SELATAN, KOTA.",20,GD.SSM BEKASI
2026-07-16T00:00:00,26JD01048905,26JD01048905,AEROX ALPHA,HITAM,CASH,0,26000000,26000000,"TANGERANG SELATAN, KOTA.",20,GD.SSM BEKASI
2026-07-16T00:00:00,26JD01048906,26JD01048906,AEROX ALPHA,HITAM,CASH,0,26000000,26000000,"TANGERANG SELATAN, KOTA.",20,GD.SSM BEKASI
2026-07-16T00:00:00,26JD01048907,26JD01048907,AEROX ALPHA,HITAM,CASH,0,26000000,26000000,"TANGERANG SELATAN, KOTA.",20,GD.SSM BEKASI
2026-07-16T00:00:00,26JD01048908,26JD01048908,AEROX ALPHA,HITAM,CASH,0,26000000,26000000,"TANGERANG SELATAN, KOTA.",20,GD.SSM BEKASI
2026-07-16T00:00:00,26JD01048909,26JD01048909,AEROX ALPHA,HITAM,CASH,0,26000000,26000000,"TANGERANG SELATAN, KOTA.",20,GD.SSM BEKASI
2026-07-16T00:00:00,26JD01048910,26JD01048910,AEROX ALPHA,HITAM,CASH,0,26000000,26000000,"TANGERANG SELATAN, KOTA.",20,GD.SSM BEKASI
2026-07-16T00:00:00,26JD01048911,26JD01048911,AEROX ALPHA,HITAM,CASH,0,26000000,26000000,"TANGERANG SELATAN, KOTA.",20,GD.SSM BEKASI
2026-07-16T00:00:00,26JD01048912,26JD01048912,AEROX ALPHA,HITAM,CASH,0,26000000,26000000,"TANGERANG SELATAN, KOTA.",20,GD.SSM BEKASI
2026-07-16T00:00:00,26JD01048913,26JD01048913,AEROX ALPHA,HITAM,CASH,0,26000000,26000000,"TANGERANG SELATAN, KOTA.",20,GD.SSM BEKASI
2026-07-16T00:00:00,26JD01048914,26JD01048914,AEROX ALPHA,HITAM,CASH,0,26000000,26000000,"TANGERANG SELATAN, KOTA.",20,GD.SSM BEKASI
2026-07-16T00:00:00,26JD01048915,26JD01048915,AEROX ALPHA,HITAM,CASH,0,26000000,26000000,"TANGERANG SELATAN, KOTA.",20,GD.SSM BEKASI
2026-07-16T00:00:00,26JD01048916,26JD01048916,AEROX ALPHA,HITAM,CASH,0,26000000,26000000,"TANGERANG SELATAN, KOTA.",20,GD.SSM BEKASI
2026-07-16T00:00:00,26JD01048917,26JD01048917,AEROX ALPHA,HITAM,CASH,0,26000000,26000000,"TANGERANG SELATAN, KOTA.",20,GD.SSM BEKASI
2026-07-16T00:00:00,26JD01048918,26JD01048918,AEROX ALPHA,HITAM,CASH,0,26000000,26000000,"TANGERANG SELATAN, KOTA.",20,GD.SSM BEKASI
2026-07-16T00:00:00,26JD01048919,26JD01048919,AEROX ALPHA,HITAM,CASH,0,26000000,26000000,"TANGERANG SELATAN, KOTA.",20,GD.SSM BEKASI
2026-07-16T00:00:00,26JD01048920,26JD01048920,AEROX ALPHA,HITAM,CASH,0,26000000,26000000,"TANGERANG SELATAN, KOTA.",20,GD.SSM BEKASI
2026-07-16T00:00:00,26JD01048921,26JD01048921,AEROX ALPHA,HITAM,CASH,0,26000000,26000000,"TANGERANG SELATAN, KOTA.",20,GD.SSM BEKASI
2026-07-16T00:00:00,26JD01048922,26JD01048922,AEROX ALPHA,HITAM,CASH,0,26000000,26000000,"TANGERANG SELATAN, KOTA.",20,GD.SSM BEKASI
2026-07-16T00:00:00,26JD01048923,26JD01048923,AEROX ALPHA,HITAM,CASH,0,26000000,26000000,"TANGERANG SELATAN, KOTA.",20,GD.SSM BEKASI
2026-07-16T00:00:00,26JD01048924,26JD01048924,AEROX ALPHA,HITAM,CASH,0,26000000,26000000,"TANGERANG SELATAN, KOTA.",20,GD.SSM BEKASI
2026-07-16T00:00:00,26JD01048925,26JD01048925,AEROX ALPHA,HITAM,CASH,0,26000000,26000000,"TANGERANG SELATAN, KOTA.",20,GD.SSM BEKASI
2026-07-16T00:00:00,26JD01049001,26JD01049001,AEROX ALPHA,BIRU,CASH,0,26000000,26000000,"TANGERANG SELATAN, KOTA.",26,GD.SSM BEKASI
2026-07-16T00:00:00,26JD01049002,26JD01049002,AEROX ALPHA,BIRU,CASH,0,26000000,26000000,"TANGERANG SELATAN, KOTA.",24,SSM MOTOR
2026-07-16T00:00:00,26JD01049003,26JD01049003,AEROX ALPHA,BIRU,CASH,0,26000000,26000000,"TANGERANG SELATAN, KOTA.",22,GD.SSM BEKASI
2026-07-16T00:00:00,26JD01049004,26JD01049004,AEROX ALPHA,BIRU,CASH,0,26000000,26000000,"TANGERANG SELATAN, KOTA.",22,GD.SSM BEKASI
2026-07-16T00:00:00,26JD01049005,26JD01049005,AEROX ALPHA,BIRU,CASH,0,26000000,26000000,"TANGERANG SELATAN, KOTA.",22,GD.SSM BEKASI
2026-07-16T00:00:00,26JD01049006,26JD01049006,AEROX ALPHA,BIRU,CASH,0,26000000,26000000,"TANGERANG SELATAN, KOTA.",22,GD.SSM BEKASI
2026-07-16T00:00:00,26JD01049007,26JD01049007,AEROX ALPHA,BIRU,CASH,0,26000000,26000000,"TANGERANG SELATAN, KOTA.",19,GD.SSM BEKASI
2026-07-16T00:00:00,26JD01049008,26JD01049008,AEROX ALPHA,BIRU,CASH,0,26000000,26000000,"TANGERANG SELATAN, KOTA.",19,GD.SSM BEKASI
2026-07-16T00:00:00,26JD01049009,26JD01049009,AEROX ALPHA,BIRU,CASH,0,26000000,26000000,"TANGERANG SELATAN, KOTA.",19,GD.SSM BEKASI
2026-07-16T00:00:00,26JD01049010,26JD01049010,AEROX ALPHA,BIRU,CASH,0,26000000,26000000,"TANGERANG SELATAN, KOTA.",19,GD.SSM BEKASI
2026-07-16T00:00:00,26JD01049011,26JD01049011,AEROX ALPHA,BIRU,CASH,0,26000000,26000000,"TANGERANG SELATAN, KOTA.",14,GD.SSM BEKASI
2026-07-16T00:00:00,26JD01049012,26JD01049012,AEROX ALPHA,BIRU,CASH,0,26000000,26000000,"TANGERANG SELATAN, KOTA.",14,GD.SSM BEKASI
2026-07-16T00:00:00,26JD01049013,26JD01049013,AEROX ALPHA,HITAM,CASH,0,26000000,26000000,"TANGERANG SELATAN, KOTA.",26,GD.SSM BEKASI
2026-07-16T00:00:00,26JD01049014,26JD01049014,AEROX ALPHA,HITAM,CASH,0,26000000,26000000,"TANGERANG SELATAN, KOTA.",24,GD.SSM BEKASI
2026-07-16T00:00:00,26JD01049015,26JD01049015,AEROX ALPHA,MERAH,CASH,0,26000000,26000000,"TANGERANG SELATAN, KOTA.",37,GD.SSM BEKASI
2026-07-16T00:00:00,26JD01049016,26JD01049016,AEROX ALPHA CYBERCITY,BIRU,CASH,0,26700000,26700000,"TANGERANG SELATAN, KOTA.",72,SSM MOTOR
2026-07-16T00:00:00,26JD01049017,26JD01049017,AEROX ALPHA CYBERCITY,BIRU,CASH,0,26700000,26700000,"TANGERANG SELATAN, KOTA.",69,GD.SSM BEKASI
2026-07-16T00:00:00,26JD01049018,26JD01049018,AEROX ALPHA CYBERCITY,BIRU,CASH,0,26700000,26700000,"TANGERANG SELATAN, KOTA.",62,GD.SSM BEKASI
2026-07-16T00:00:00,26JD01049019,26JD01049019,AEROX ALPHA CYBERCITY,BIRU,CASH,0,26700000,26700000,"TANGERANG SELATAN, KOTA.",52,SSM MOTOR
2026-07-16T00:00:00,26JD01049020,26JD01049020,AEROX ALPHA CYBERCITY,BIRU,CASH,0,26700000,26700000,"TANGERANG SELATAN, KOTA.",43,GD.SSM BEKASI
2026-07-16T00:00:00,26JD01049021,26JD01049021,AEROX ALPHA CYBERCITY,BIRU,CASH,0,26700000,26700000,"TANGERANG SELATAN, KOTA.",38,GD.SSM BEKASI
2026-07-16T00:00:00,26JD01049022,26JD01049022,AEROX ALPHA CYBERCITY,BIRU,CASH,0,26700000,26700000,"TANGERANG SELATAN, KOTA.",31,GD.SSM BEKASI
2026-07-16T00:00:00,26JD01049023,26JD01049023,AEROX ALPHA CYBERCITY,BIRU,CASH,0,26700000,26700000,"TANGERANG SELATAN, KOTA.",31,GD.SSM BEKASI
2026-07-16T00:00:00,26JD01049024,26JD01049024,XMAX C,PERAK,CASH,0,61000000,61000000,"TANGERANG SELATAN, KOTA.",80,GD.SSM BEKASI
2026-07-16T00:00:00,26JD01049101,26JD01049101,AEROX ALPHA CYBERCITY,BIRU,CASH,0,26700000,26700000,"TANGERANG SELATAN, KOTA.",28,GD.SSM BEKASI
2026-07-16T00:00:00,26JD01049102,26JD01049102,AEROX ALPHA CYBERCITY,BIRU,CASH,0,26700000,26700000,"TANGERANG SELATAN, KOTA.",28,GD.SSM BEKASI
2026-07-16T00:00:00,26JD01049103,26JD01049103,AEROX ALPHA CYBERCITY,BIRU,CASH,0,26700000,26700000,"TANGERANG SELATAN, KOTA.",22,GD.SSM BEKASI
2026-07-16T00:00:00,26JD01049104,26JD01049104,AEROX ALPHA CYBERCITY,BIRU,CASH,0,26700000,26700000,"TANGERANG SELATAN, KOTA.",22,GD.SSM BEKASI
2026-07-16T00:00:00,26JD01049201,26JD01049201,AEROX ALPHA CYBERCITY,BIRU,CASH,0,26700000,26700000,"TANGERANG SELATAN, KOTA.",22,GD.SSM BEKASI
2026-07-16T00:00:00,26JD01049202,26JD01049202,AEROX ALPHA CYBERCITY,BIRU,CASH,0,26700000,26700000,"TANGERANG SELATAN, KOTA.",19,SSM MOTOR
2026-07-16T00:00:00,26JD01049203,26JD01049203,AEROX ALPHA CYBERCITY,BIRU,CASH,0,26700000,26700000,"TANGERANG SELATAN, KOTA.",17,SSM MOTOR
2026-07-17T00:00:00,26FJK0102692,26SO01269401,AEROX ALPHA,HITAM,ADIRA CKRG,22,5100000,30820000,BEKASI,2,GD.SSM BEKASI
2026-07-17T00:00:00,26FJK0102693,26SO01269601,G ULTIMA HYBRID,HITAM,BAF JAKARTA  2,35,800000,20550000,"BEKASI, KOTA.",134,SSM MOTOR
2026-07-17T00:00:00,26FJK0102694,26SO01269701,NMAX NEO S,BIRU,CASH,0,35140000,35640000,"BEKASI, KOTA.",2,GD.SSM BEKASI
2026-07-17T00:00:00,26FJK0102695,26SO01270001,FAZZIO HYBRID LUX,ABU-ABU TUA,OTO KDY,35,1300000,25095000,JAKARTA,1,SSM MOTOR
2026-07-17T00:00:00,26FJK0102696,26SO01269301,ALL NEW AEROX 155,PERAK,BAF CKR,30,1000000,29430000,"BEKASI, KAB.",16,GD.SSM BEKASI
2026-07-17T00:00:00,26FJK0102697,26SO01269801,XMAX C,HITAM,ADIRA CKRG,35,4600000,70810000,KAB BEKASI,1,SSM MOTOR
2026-07-17T00:00:00,26FJK0102698,26SO01269901,GRAND FILANO HYBRID NEO,HIJAU,ADIRA TBN,32,100000,28710000,"BEKASI, KAB.",37,GD.SSM BEKASI
2026-07-17T00:00:00,26FJK0102699,26SO01270101,NMAX NEO,PUTIH,BAF DPK,35,800000,34640000,BEKASI,6,GD.SSM BEKASI
2026-07-17T00:00:00,26FJK0102700,26SO01270201,NMAX NEO S,HITAM,BAF CKR,35,900000,35640000,BEKASI,2,GD.SSM BEKASI
2026-07-17T00:00:00,26FJK0102701,26SO01265701,XMAX C,HITAM,ADR KTPG,17,29700000,70015000,"JAKARTA PUSAT, KOTA.",1,GD.SSM BEKASI
2026-07-17T00:00:00,26FJK0102702,26SO01270401,FAZZIO HYBRID,ABU PINK,BAF BHL,26,2000000,22820000,JAKARTA,10,GD.SSM BEKASI
2026-07-17T00:00:00,26FJK0102703,26SO01270501,FAZZIO HYBRID NEO,PUTIH,ADR KTPG,32,500000,24405000,"JAKARTA SELATAN, Kota.",4,GD.SSM BEKASI
2026-07-17T00:00:00,26FJK0102704,26SO01270801,ALL NEW XSR 155,HITAM,MUF KBN JRK,17,2800000,40265000,JAKARTA,88,SSM MOTOR
2026-07-17T00:00:00,26FJK0102706,26SO01270601,GRAND FILANO HYBRID NEO,HIJAU,BAF JAKARTA  2,30,600000,28665000,"JAKARTA TIMUR, KOTA.",128,GD.SSM BEKASI
2026-07-17T00:00:00,26FJK0102707,26SO01270701,NMAX NEO,PUTIH,BAF TGR,35,300000,34665000,KOTA TANGERANG,6,GD.SSM BEKASI
2026-07-17T00:00:00,26FJK0102708,26SO01270901,AEROX ALPHA CYBERCITY ABS,UNGU,BAF BGR,30,1300000,34910000,"BEKASI, KAB.",14,GD.SSM BEKASI
2026-07-17T00:00:00,26FJK0102709,26SO01271001,GRAND FILANO HYBRID NEO,UNGU MUDA,BAF JAKARTA  2,30,600000,28710000,BEKASI,15,GD.SSM BEKASI
2026-07-17T00:00:00,26FJK0102710,26SO01271101,GRAND FILANO HYBRID LUX,HITAM,BAF JAKARTA  2,32,200000,29460000,BEKASI,25,GD.SSM BEKASI
2026-07-17T00:00:00,26FJK0102711,26SO01271201,FAZZIO STARRY NIGHT,PERAK MUDA,BAF DPK,30,0,25505000,"DEPOK, KOTA.",109,SSM MOTOR
2026-07-17T00:00:00,26FJK0102712,26SO01271301,G ULTIMA HYBRID,HITAM,BAF BHL,35,300000,20240000,"JAKARTA UTARA, Kota.",35,GD.SSM BEKASI
2026-07-18T00:00:00,26FJK0102713,26SO01271501,G ULTIMA HYBRID SOLID,COKLAT,CASH,0,20720000,20970000,"BEKASI, KOTA.",9,GD.SSM BEKASI
2026-07-18T00:00:00,26FJK0102714,26SO01271401,FAZZIO HYBRID NEO,UNGU MUDA,BAF DPK,30,200000,24405000,"JAKARTA TIMUR, KOTA.",2,SSM MOTOR
2026-07-18T00:00:00,26FJK0102715,26SO01271601,GRAND FILANO HYBRID LUX,PERAK MUDA,BAF CMPK,20,1250000,29145000,JAKARTA,80,GD.SSM BEKASI
2026-07-18T00:00:00,26FJK0102716,26SO01271801,FAZZIO HYBRID NEO,UNGU MUDA,BAF BHL,30,0,24405000,"JAKARTA UTARA, KOTA.",2,GD.SSM BEKASI
2026-07-18T00:00:00,26FJK0102717,26SO01271901,ALL NEW XSR 155,HITAM,OTO KDY,35,3600000,40265000,"JAKARTA BARAT, KOTA.",2,SSM MOTOR
2026-07-18T00:00:00,26FJK0102718,26SO01272101,NMAX NEO S,HITAM,BAF CKR,35,900000,35640000,"BEKASI, KOTA.",4,SSM MOTOR
2026-07-18T00:00:00,26FJK0102719,26SO01272201,NMAX NEO S,HITAM,BAF BHL,33,2700000,35555000,"JAKARTA SELATAN, KOTA.",3,GD.SSM BEKASI
2026-07-18T00:00:00,26FJK0102720,26SO01272301,NMAX NEO S,BIRU,CASH,0,35140000,35640000,"BEKASI, KOTA.",3,GD.SSM BEKASI
2026-07-18T00:00:00,26FJK0102721,26SO01272401,AEROX ALPHA CYBERCITY ABS,UNGU,ADIRA DMGT,30,800000,34790000,"JAKARTA BARAT, Kota.",15,GD.SSM BEKASI
2026-07-18T00:00:00,26FJK0102722,26SO01272701,FREEGO 125 C,HITAM,CASH,0,24865000,25315000,BEKASI,4,GD.SSM BEKASI
2026-07-18T00:00:00,26FJK0102723,26SO01272601,LEXI LX 155 S CONNECTED,COKLAT,BAF BHL,30,700000,29650000,BEKASI,58,GD.SSM BEKASI
2026-07-18T00:00:00,26FJK0102724,26SO01272501,AEROX ALPHA CYBERCITY,BIRU,BAF JAKARTA  2,30,200000,31250000,BEKASI,1,GD.SSM BEKASI
2026-07-18T00:00:00,26FJK0102725,26SO01272801,GRAND FILANO HYBRID NEO,UNGU MUDA,BAF BHL,32,600000,28665000,"JAKARTA TIMUR, KOTA.",1,GD.SSM BEKASI
2026-07-18T00:00:00,26FJK0102726,26SO01272901,GRAND FILANO HYBRID LUX,HITAM,BAF CMPK,30,450000,29145000,JAKARTA,33,SSM MOTOR
2026-07-18T00:00:00,26FJK0102727,26SO01272001,GRAND FILANO HYBRID NEO,UNGU MUDA,BAF DPK,30,1300000,28665000,"JAKARTA TIMUR, KOTA.",1,GD.SSM BEKASI
2026-07-18T00:00:00,26JD01049301,26JD01049301,ALL NEW VIXION,HITAM,CASH,0,24291560,24291560,"JAKARTA BARAT, Kota.",28,GD.SSM BEKASI
2026-07-18T00:00:00,26JD01049302,26JD01049302,AEROX ALPHA,HITAM,CASH,0,24250546,24250546,"JAKARTA BARAT, Kota.",3,GD.SSM BEKASI
2026-07-18T00:00:00,26JD01049303,26JD01049303,AEROX ALPHA,HITAM,CASH,0,24250546,24250546,"JAKARTA BARAT, Kota.",4,GD.SSM BEKASI
2026-07-18T00:00:00,26JD01049401,26JD01049401,FAZZIO HYBRID,BIRU PUTIH,CASH,0,17489655,17489655,"JAKARTA BARAT, Kota.",86,GD.SSM BEKASI
2026-07-20T00:00:00,26FJK0102728,26SO01260901,NMAX -TURBO- TECH MAX,ABU-ABU,BAF CKR,26,5650000,45015000,BEKASI,81,GD.SSM BEKASI
2026-07-20T00:00:00,26FJK0102729,26SO01261201,FAZZIO HYBRID LUX,HIJAU,CASH,0,24850000,25550000,"TANGERANG SELATAN, KOTA.",2,GD.SSM BEKASI
2026-07-20T00:00:00,26FJK0102730,26SO01263401,GRAND FILANO HYBRID NEO,ABU-ABU,CASH,0,28260000,28710000,"BEKASI, KAB.",2,GD.SSM BEKASI
2026-07-20T00:00:00,26FJK0102731,26SO01269501,AEROX ALPHA,MERAH,ADIRA DMGT,30,400000,30700000,JAKARTA,2,GD.SSM BEKASI
2026-07-20T00:00:00,26FJK0102732,26SO01273101,NMAX NEO S,BIRU,BAF CMPK,30,650000,35555000,JAKARTA,24,GD.SSM BEKASI
2026-07-20T00:00:00,26FJK0102733,26SO01273301,NMAX -TURBO- TECH MAX,ABU-ABU,CASH,0,46515000,47015000,"BEKASI, KOTA.",7,GD.SSM BEKASI
2026-07-20T00:00:00,26FJK0102734,26SO01273401,AEROX ALPHA,HITAM,CASH,0,30320000,30820000,"BEKASI, KOTA.",2,GD.SSM BEKASI
2026-07-20T00:00:00,26FJK0102735,26SO01273501,GRAND FILANO HYBRID NEO,UNGU MUDA,ADIRA TBN,32,100000,28710000,"BEKASI, KAB.",3,GD.SSM BEKASI
2026-07-20T00:00:00,26FJK0102736,26SO01273801,NMAX NEO S,PUTIH,BAF JAKARTA  2,23,1900000,35640000,"BEKASI, KAB.",12,SSM MOTOR
2026-07-20T00:00:00,26FJK0102737,26SO01273701,FAZZIO HYBRID,HITAM MERAH,BAF CMPK,35,100000,23095000,JAKARTA,7,GD.SSM BEKASI
2026-07-20T00:00:00,26FJK0102738,26SO01273901,LEXI LX 155 S CONNECTED,PERAK,ADIRA TBN,35,700000,30200000,BEKASI,17,GD.SSM BEKASI
2026-07-20T00:00:00,26FJK0102739,26SO01274001,G ULTIMA HYBRID,HITAM,BAF CKR,35,100000,20550000,"BEKASI, KAB.",2,GD.SSM BEKASI
2026-07-20T00:00:00,26FJK0102740,26SO01274101,GRAND FILANO HYBRID NEO,UNGU MUDA,OTO DPK,35,1400000,28710000,"DEPOK, KOTA.",3,GD.SSM BEKASI
2026-07-20T00:00:00,26FJK0102742,26SO01274401,FAZZIO HYBRID LUX,ABU-ABU TUA,BAF DPK,20,1300000,25350000,"BEKASI, KAB.",3,GD.SSM BEKASI
2026-07-20T00:00:00,26FJK0102743,26SO01274701,GRAND FILANO HYBRID NEO,PUTIH,BAF BHL,32,100000,28665000,JAKARTA,0,GD.SSM BEKASI
2026-07-20T00:00:00,26FJK0102744,26SO01274501,GRAND FILANO HYBRID NEO,HIJAU,BAF CKR,35,100000,28710000,KAB BEKASI,56,SSM MOTOR
2026-07-20T00:00:00,26FJK0102745,26SO01274601,FAZZIO HYBRID NEO,UNGU MUDA,BAF CKR,20,750000,24405000,"JAKARTA PUSAT, KOTA.",42,SSM MOTOR
2026-07-20T00:00:00,26FJK0102746,26SO01274801,ALL NEW AEROX 155,HITAM,CASH,0,28830000,29430000,BEKASI,3,GD.SSM BEKASI
2026-07-20T00:00:00,26FJK0102747,26SO01274901,FAZZIO HYBRID NEO,UNGU MUDA,BAF CMPK,35,250000,24650000,BEKASI,4,GD.SSM BEKASI
2026-07-20T00:00:00,26FJK0102748,26SO01275001,FAZZIO HYBRID,ABU PINK,CASH,0,22645000,23095000,BEKASI,32,GD.SSM BEKASI
2026-07-20T00:00:00,26FJK0102749,26SO01275101,FAZZIO HYBRID NEO,UNGU,BAF CIKUPA,30,500000,24825000,"TANGERANG, KAB.",87,GD.SSM BEKASI
2026-07-20T00:00:00,26FJK0102750,26SO01273601,FAZZIO HYBRID LUX,HIJAU,ADIRA KLPG,30,300000,25095000,JAKARTA,0,GD.SSM BEKASI
2026-07-20T00:00:00,26FJK0102752,26SO01274301,G ULTIMA HYBRID SOLID,ABU-ABU,BAF DPK,32,100000,20970000,"DEPOK, KOTA.",31,SSM MOTOR
2026-07-20T00:00:00,26FJK0102753,26SO01275201,NMAX NEO S,PUTIH,ADIRA TBN,30,900000,35640000,BEKASI,3,GD.SSM BEKASI
2026-07-20T00:00:00,26FJK0102754,26SO01275301,FREEGO 125 C,HITAM,CASH,0,24915000,25315000,"BEKASI, KOTA.",4,GD.SSM BEKASI
2026-07-20T00:00:00,26FJK0102755,26SO01275401,GRAND FILANO HYBRID NEO,ABU-ABU,BAF CKR,30,3250000,28710000,BEKASI,2,GD.SSM BEKASI
2026-07-20T00:00:00,26FJK0102756,26SO01275501,NMAX NEO S,HITAM,PT OTO BEKASI,33,2700000,35640000,"BEKASI, KAB.",5,GD.SSM BEKASI
2026-07-20T00:00:00,26FJK0102757,26SO01275701,NMAX NEO S,HITAM,BAF JAKARTA  2,35,4000000,35555000,JAKARTA,24,GD.SSM BEKASI
2026-07-20T00:00:00,26JD01049501,26JD01049501,AEROX ALPHA-TURBO- 70TH LIVERY,PUTIH MERAH,CASH,0,37800000,37800000,"JAKARTA UTARA, Kota.",3,GD.SSM BEKASI
2026-07-20T00:00:00,26JD01049502,26JD01049502,AEROX ALPHA-TURBO- 70TH LIVERY,PUTIH MERAH,CASH,0,37800000,37800000,"JAKARTA UTARA, Kota.",3,GD.SSM BEKASI
2026-07-20T00:00:00,26JD01049503,26JD01049503,AEROX ALPHA-TURBO- 70TH LIVERY,PUTIH MERAH,CASH,0,37800000,37800000,"JAKARTA UTARA, Kota.",26,GD.SSM BEKASI
2026-07-20T00:00:00,26JD01049601,26JD01049601,AEROX ALPHA,MERAH,CASH,0,25500000,25500000,"JAKARTA UTARA, Kota.",2,GD.SSM BEKASI
2026-07-20T00:00:00,26JD01049602,26JD01049602,AEROX ALPHA,MERAH,CASH,0,25500000,25500000,"JAKARTA UTARA, Kota.",2,GD.SSM BEKASI
2026-07-20T00:00:00,26JD01049603,26JD01049603,AEROX ALPHA,MERAH,CASH,0,25500000,25500000,"JAKARTA UTARA, Kota.",2,GD.SSM BEKASI
2026-07-20T00:00:00,26JD01049701,26JD01049701,AEROX ALPHA-TURBO- 70TH LIVERY,PUTIH MERAH,CASH,0,37800000,37800000,"JAKARTA UTARA, Kota.",2,GD.SSM BEKASI
2026-07-20T00:00:00,26JD01049801,26JD01049801,NMAX -TURBO- TECH MAX,PERAK,CASH,0,39110902,39110902,"BOGOR, Kota.",83,GD.SSM BEKASI
2026-07-21T00:00:00,26FJK0102758,26SO01275801,GRAND FILANO HYBRID NEO,UNGU MUDA,ADR KTPG,30,600000,28665000,"JAKARTA BARAT, KOTA.",1,SSM MOTOR
2026-07-21T00:00:00,26FJK0102759,26SO01275901,NMAX NEO S,BIRU,BAF BHL,11,9100000,35555000,JAKARTA,46,GD.SSM BEKASI
2026-07-21T00:00:00,26FJK0102760,26SO01265201,LEXI LX 155 S CONNECTED,PERAK,BAF CKR,30,3800000,30200000,"BEKASI, KAB.",5,GD.SSM BEKASI
2026-07-21T00:00:00,26FJK0102761,26SO01276301,ALL NEW XSR 155,HITAM,BAF CKR,23,4900000,40520000,"BEKASI, KAB.",88,GD.SSM BEKASI
2026-07-21T00:00:00,26FJK0102762,26SO01276101,FAZZIO HYBRID,ABU PINK,BAF JAKARTA  2,20,1000000,22820000,"JAKARTA TIMUR, KOTA.",8,SSM MOTOR
2026-07-21T00:00:00,26FJK0102763,26SO01276501,FAZZIO HYBRID,BIRU PUTIH,BAF BHL,35,600000,23095000,BEKASI,89,GD.SSM BEKASI
2026-07-21T00:00:00,26FJK0102764,26SO01276201,AEROX ALPHA,HITAM,OTO KDY,30,2000000,30700000,JAKARTA,1,GD.SSM BEKASI
2026-07-21T00:00:00,26FJK0102765,26SO01276601,FAZZIO HYBRID NEO,HIJAU MUDA,BAF BHL,20,1000000,24405000,"JAKARTA BARAT, KOTA.",1,GD.SSM BEKASI
2026-07-21T00:00:00,26FJK0102766,26SO01276701,G ULTIMA HYBRID SOLID,COKLAT,BAF BHL,32,800000,20660000,"JAKARTA PUSAT, KOTA.",-2,GD.SSM BEKASI
2026-07-21T00:00:00,26FJK0102767,26SO01276401,FREEGO 125,HITAM,BAF CKR,33,600000,23355000,BEKASI,8,SSM MOTOR
2026-07-21T00:00:00,26FJK0102768,26SO01276801,FAZZIO HYBRID,ABU PINK,BAF JAKARTA  2,20,300000,22820000,"JAKARTA UTARA, KOTA.",8,SSM MOTOR
2026-07-21T00:00:00,26FJK0102769,26SO01276901,GRAND FILANO HYBRID NEO,UNGU MUDA,BAF JAKARTA  2,35,600000,28710000,"BEKASI, KAB.",4,GD.SSM BEKASI
2026-07-21T00:00:00,26FJK0102770,26SO01277101,GRAND FILANO HYBRID NEO,UNGU MUDA,BAF BHL,35,0,28710000,BEKASI,1,SSM MOTOR
2026-07-21T00:00:00,26FJK0102771,26SO01277301,GRAND FILANO HYBRID NEO,HIJAU,BAF BHL,30,600000,28665000,JAKARTA,132,GD.SSM BEKASI
2026-07-21T00:00:00,26FJK0102772,26SO01277001,G ULTIMA HYBRID SOLID,ABU-ABU,BAF BHL,32,300000,20660000,JAKARTA,25,GD.SSM BEKASI
2026-07-21T00:00:00,26FJK0102773,26SO01277402,GRAND FILANO HYBRID LUX,HITAM,BAF BHL,32,700000,29145000,JAKARTA SELATAN,20,GD.SSM BEKASI
2026-07-21T00:00:00,26FJK0102774,26SO01277201,NMAX NEO S,BIRU,BAF BHL,35,100000,35640000,BEKASI,1,GD.SSM BEKASI
2026-07-21T00:00:00,26FJK0102775,26SO01277501,XMAX C,HITAM,BAF BHL,35,6300000,70810000,BEKASI,5,GD.SSM BEKASI
2026-07-21T00:00:00,26FJK0102776,26SO01277601,GRAND FILANO HYBRID LUX,HITAM,CASH,0,28660000,29460000,"DEPOK, KOTA.",1,GD.SSM BEKASI
2026-07-21T00:00:00,26JD01049901,26JD01049901,G ULTIMA HYBRID SMART,BIRU,CASH,0,18182874,18182874,"JAKARTA BARAT, Kota.",13,GD.SSM BEKASI
2026-07-21T00:00:00,26JD01049902,26JD01049902,FAZZIO HYBRID NEO,UNGU MUDA,CASH,0,18966813,18966813,"JAKARTA BARAT, Kota.",5,GD.SSM BEKASI
2026-07-22T00:00:00,26FJK0102777,26SO01277801,FAZZIO HYBRID,ABU PINK,ADIRA BKS,20,1100000,23095000,"BEKASI, KOTA.",34,GD.SSM BEKASI
2026-07-22T00:00:00,26FJK0102778,26SO01277701,GRAND FILANO HYBRID NEO,UNGU MUDA,BAF JAKARTA  2,20,1400000,28710000,"BEKASI, KOTA.",2,GD.SSM BEKASI
2026-07-22T00:00:00,26FJK0102779,26SO01277901,G ULTIMA HYBRID,HITAM,BAF BHL,35,800000,20240000,"JAKARTA PUSAT, KOTA.",4,GD.SSM BEKASI
2026-07-22T00:00:00,26FJK0102780,26SO01278001,FREEGO 125,HITAM,BAF BHL,29,300000,22865000,"JAKARTA SELATAN, Kota.",2,GD.SSM BEKASI
2026-07-22T00:00:00,26FJK0102781,26SO01278101,GRAND FILANO HYBRID NEO,UNGU MUDA,BAF JAKARTA  2,20,1400000,28710000,"BEKASI, KOTA.",19,GD.SSM BEKASI
2026-07-22T00:00:00,26FJK0102782,26SO01278301,NMAX NEO S,HITAM,CASH,0,35190000,35640000,"BEKASI, KOTA.",32,GD.SSM BEKASI
2026-07-22T00:00:00,26FJK0102783,26SO01278201,FAZZIO HYBRID NEO,UNGU MUDA,BAF CMPK,32,500000,24650000,BEKASI,5,GD.SSM BEKASI
2026-07-22T00:00:00,26FJK0102784,26SO01278901,FREEGO 125 C,HITAM,CASH,0,24200000,24650000,"JAKARTA PUSAT, KOTA.",173,GD.SSM BEKASI
2026-07-22T00:00:00,26FJK0102785,26SO01278601,FAZZIO HYBRID NEO,HIJAU MUDA,BAF JAKARTA  2,30,1050000,24405000,"JAKARTA UTARA, KOTA.",4,GD.SSM BEKASI
2026-07-22T00:00:00,26FJK0102786,26SO01278501,AEROX ALPHA,MERAH,BAF CKR,35,400000,30700000,"JAKARTA TIMUR, KOTA.",2,GD.SSM BEKASI
2026-07-22T00:00:00,26FJK0102787,26SO01278701,GRAND FILANO HYBRID LUX,PERAK MUDA,BAF JAKARTA  2,35,700000,29460000,"BEKASI, KOTA.",84,GD.SSM BEKASI
2026-07-22T00:00:00,26FJK0102788,26SO01278401,GRAND FILANO HYBRID NEO,UNGU MUDA,MUF KLGDG,36,4600000,28665000,JAKARTA,2,GD.SSM BEKASI
2026-07-22T00:00:00,26FJK0102789,26SO01279101,FAZZIO HYBRID LUX,ABU-ABU TUA,BAF BHL,35,800000,25350000,"BEKASI, Kota.",1,GD.SSM BEKASI
2026-07-22T00:00:00,26FJK0102790,26SO01279201,FREEGO 125,HITAM,BAF JAKARTA  2,35,500000,22865000,"JAKARTA UTARA, Kota.",2,GD.SSM BEKASI
2026-07-22T00:00:00,26FJK0102791,26SO01279001,FAZZIO HYBRID NEO,HIJAU MUDA,BAF CKR,30,250000,24650000,BEKASI,4,GD.SSM BEKASI
2026-07-22T00:00:00,26JD01050001,26JD01050001,GRAND FILANO HYBRID LUX,PERAK MUDA,CASH,0,23522889,23522889,"JAKARTA BARAT, Kota.",2,GD.SSM BEKASI
2026-07-22T00:00:00,26JD01050002,26JD01050002,FAZZIO HYBRID NEO,UNGU MUDA,CASH,0,18966813,18966813,"JAKARTA BARAT, Kota.",2,GD.SSM BEKASI
2026-07-22T00:00:00,26JD01050003,26JD01050003,ALL NEW AEROX 155,HITAM,CASH,0,22753996,22753996,"JAKARTA BARAT, Kota.",5,GD.SSM BEKASI
2026-07-22T00:00:00,26JD01050004,26JD01050004,NMAX NEO S,BIRU,CASH,0,28523874,28523874,"JAKARTA BARAT, Kota.",2,GD.SSM BEKASI
2026-07-22T00:00:00,26JD01050005,26JD01050005,NMAX NEO S,HITAM,CASH,0,28523874,28523874,"JAKARTA BARAT, Kota.",40,GD.SSM BEKASI
2026-07-23T00:00:00,26FJK0102792,26SO01279301,G ULTIMA HYBRID SOLID,ABU-ABU,ADIRA BKS,35,800000,20970000,"BEKASI, KAB.",27,GD.SSM BEKASI
2026-07-23T00:00:00,26FJK0102793,26SO01271701,LEXI LX 155 CONNECTED,HIJAU,BAF JAKARTA  2,35,600000,28320000,"BEKASI, KOTA.",1,GD.SSM BEKASI
2026-07-23T00:00:00,26FJK0102794,26SO01279501,FAZZIO HYBRID LUX,ABU-ABU TUA,BAF BHL,30,300000,25095000,"JAKARTA SELATAN, Kota.",2,GD.SSM BEKASI
2026-07-23T00:00:00,26FJK0102795,26SO01279601,GRAND FILANO HYBRID NEO,HIJAU,ADIRA KLPG,32,1200000,28665000,JAKARTA UTARA,138,GD.SSM BEKASI
2026-07-23T00:00:00,26FJK0102796,26SO01279801,GRAND FILANO HYBRID NEO,ABU-ABU,BAF BHL,30,2000000,28665000,JAKARTA,3,SSM MOTOR
2026-07-23T00:00:00,26FJK0102797,26SO01279901,G ULTIMA HYBRID SOLID,ABU-ABU,BAF JAKARTA  2,35,0,20970000,BEKASI,3,GD.SSM BEKASI
2026-07-23T00:00:00,26FJK0102798,26SO01280001,GRAND FILANO HYBRID NEO,ABU-ABU,ADIRA TBN,32,350000,28710000,BEKASI,2,GD.SSM BEKASI
2026-07-23T00:00:00,26JD01050101,26JD01050101,FAZZIO HYBRID LUX,ABU-ABU TUA,CASH,0,19631835,19631835,"JAKARTA BARAT, Kota.",2,GD.SSM BEKASI
2026-07-23T00:00:00,26JD01050102,26JD01050102,ALL NEW XSR 155,HITAM,CASH,0,32737018,32737018,"JAKARTA BARAT, Kota.",3,GD.SSM BEKASI
2026-07-23T00:00:00,26JD01050103,26JD01050103,GRAND FILANO HYBRID NEO,ABU-ABU,CASH,0,22810947,22810947,"JAKARTA BARAT, Kota.",3,GD.SSM BEKASI
2026-07-23T00:00:00,26JD01050201,26JD01050201,AEROX ALPHA,HITAM,CASH,0,26000000,26000000,"JAKARTA SELATAN, Kota.",2,GD.SSM BEKASI
2026-07-23T00:00:00,26JD01050202,26JD01050202,AEROX ALPHA,HITAM,CASH,0,26000000,26000000,"JAKARTA SELATAN, Kota.",3,GD.SSM BEKASI
2026-07-23T00:00:00,26JD01050203,26JD01050203,AEROX ALPHA,HITAM,CASH,0,26000000,26000000,"JAKARTA SELATAN, Kota.",2,GD.SSM BEKASI
2026-07-23T00:00:00,26JD01050204,26JD01050204,AEROX ALPHA,HITAM,CASH,0,26000000,26000000,"JAKARTA SELATAN, Kota.",2,GD.SSM BEKASI
2026-07-23T00:00:00,26JD01050205,26JD01050205,AEROX ALPHA,HITAM,CASH,0,26000000,26000000,"JAKARTA SELATAN, Kota.",2,GD.SSM BEKASI
2026-07-23T00:00:00,26JD01050206,26JD01050206,AEROX ALPHA,HITAM,CASH,0,26000000,26000000,"JAKARTA SELATAN, Kota.",2,GD.SSM BEKASI
2026-07-23T00:00:00,26JD01050207,26JD01050207,AEROX ALPHA,HITAM,CASH,0,26000000,26000000,"JAKARTA SELATAN, Kota.",2,GD.SSM BEKASI
2026-07-23T00:00:00,26JD01050208,26JD01050208,AEROX ALPHA,HITAM,CASH,0,26000000,26000000,"JAKARTA SELATAN, Kota.",3,GD.SSM BEKASI
2026-07-23T00:00:00,26JD01050209,26JD01050209,AEROX ALPHA,HITAM,CASH,0,26000000,26000000,"JAKARTA SELATAN, Kota.",2,GD.SSM BEKASI
2026-07-23T00:00:00,26JD01050210,26JD01050210,AEROX ALPHA,HITAM,CASH,0,26000000,26000000,"JAKARTA SELATAN, Kota.",2,GD.SSM BEKASI
2026-07-23T00:00:00,26JD01050211,26JD01050211,AEROX ALPHA,HITAM,CASH,0,26000000,26000000,"JAKARTA SELATAN, Kota.",2,GD.SSM BEKASI
2026-07-23T00:00:00,26JD01050212,26JD01050212,AEROX ALPHA,HITAM,CASH,0,26000000,26000000,"JAKARTA SELATAN, Kota.",2,GD.SSM BEKASI
2026-07-23T00:00:00,26JD01050213,26JD01050213,AEROX ALPHA,HITAM,CASH,0,26000000,26000000,"JAKARTA SELATAN, Kota.",2,GD.SSM BEKASI
2026-07-23T00:00:00,26JD01050214,26JD01050214,AEROX ALPHA,HITAM,CASH,0,26000000,26000000,"JAKARTA SELATAN, Kota.",2,GD.SSM BEKASI
2026-07-23T00:00:00,26JD01050215,26JD01050215,AEROX ALPHA,HITAM,CASH,0,26000000,26000000,"JAKARTA SELATAN, Kota.",2,GD.SSM BEKASI
2026-07-23T00:00:00,26JD01050216,26JD01050216,AEROX ALPHA,HITAM,CASH,0,26000000,26000000,"JAKARTA SELATAN, Kota.",3,GD.SSM BEKASI
2026-07-23T00:00:00,26JD01050217,26JD01050217,AEROX ALPHA,HITAM,CASH,0,26000000,26000000,"JAKARTA SELATAN, Kota.",8,GD.SSM BEKASI
2026-07-23T00:00:00,26JD01050218,26JD01050218,AEROX ALPHA,HITAM,CASH,0,26000000,26000000,"JAKARTA SELATAN, Kota.",7,SSM MOTOR
2026-07-23T00:00:00,26JD01050219,26JD01050219,AEROX ALPHA,HITAM,CASH,0,26000000,26000000,"JAKARTA SELATAN, Kota.",3,GD.SSM BEKASI
2026-07-23T00:00:00,26JD01050220,26JD01050220,AEROX ALPHA,HITAM,CASH,0,26000000,26000000,"JAKARTA SELATAN, Kota.",2,GD.SSM BEKASI
2026-07-23T00:00:00,26JD01050221,26JD01050221,AEROX ALPHA,MERAH,CASH,0,26000000,26000000,"JAKARTA SELATAN, Kota.",3,GD.SSM BEKASI
2026-07-23T00:00:00,26JD01050222,26JD01050222,AEROX ALPHA,HITAM,CASH,0,26000000,26000000,"JAKARTA SELATAN, Kota.",1,GD.SSM BEKASI
2026-07-23T00:00:00,26JD01050223,26JD01050223,AEROX ALPHA,HITAM,CASH,0,26000000,26000000,"JAKARTA SELATAN, Kota.",3,GD.SSM BEKASI
2026-07-23T00:00:00,26JD01050224,26JD01050224,AEROX ALPHA,HITAM,CASH,0,26000000,26000000,"JAKARTA SELATAN, Kota.",1,GD.SSM BEKASI
2026-07-23T00:00:00,26JD01050301,26JD01050301,AEROX ALPHA,HITAM,CASH,0,26000000,26000000,"JAKARTA SELATAN, Kota.",1,GD.SSM BEKASI
2026-07-23T00:00:00,26JD01050302,26JD01050302,AEROX ALPHA,HITAM,CASH,0,26000000,26000000,"JAKARTA SELATAN, Kota.",1,GD.SSM BEKASI
2026-07-23T00:00:00,26JD01050303,26JD01050303,AEROX ALPHA,HITAM,CASH,0,26000000,26000000,"JAKARTA SELATAN, Kota.",1,GD.SSM BEKASI
2026-07-23T00:00:00,26JD01050304,26JD01050304,AEROX ALPHA,HITAM,CASH,0,26000000,26000000,"JAKARTA SELATAN, Kota.",5,GD.SSM BEKASI
2026-07-23T00:00:00,26JD01050305,26JD01050305,AEROX ALPHA,BIRU,CASH,0,26000000,26000000,"JAKARTA SELATAN, Kota.",5,GD.SSM BEKASI
2026-07-23T00:00:00,26JD01050306,26JD01050306,AEROX ALPHA,HITAM,CASH,0,26000000,26000000,"JAKARTA SELATAN, Kota.",5,GD.SSM BEKASI
2026-07-23T00:00:00,26JD01050307,26JD01050307,AEROX ALPHA,HITAM,CASH,0,26000000,26000000,"JAKARTA SELATAN, Kota.",5,GD.SSM BEKASI
2026-07-23T00:00:00,26JD01050308,26JD01050308,AEROX ALPHA,BIRU,CASH,0,26000000,26000000,"JAKARTA SELATAN, Kota.",5,GD.SSM BEKASI
2026-07-23T00:00:00,26JD01050309,26JD01050309,AEROX ALPHA,HITAM,CASH,0,26000000,26000000,"JAKARTA SELATAN, Kota.",5,GD.SSM BEKASI
2026-07-23T00:00:00,26JD01050310,26JD01050310,AEROX ALPHA,HITAM,CASH,0,26000000,26000000,"JAKARTA SELATAN, Kota.",8,GD.SSM BEKASI
2026-07-23T00:00:00,26JD01050311,26JD01050311,AEROX ALPHA,HITAM,CASH,0,26000000,26000000,"JAKARTA SELATAN, Kota.",9,GD.SSM BEKASI
2026-07-23T00:00:00,26JD01050312,26JD01050312,AEROX ALPHA,BIRU,CASH,0,26000000,26000000,"JAKARTA SELATAN, Kota.",5,GD.SSM BEKASI
2026-07-23T00:00:00,26JD01050313,26JD01050313,AEROX ALPHA,HITAM,CASH,0,26000000,26000000,"JAKARTA SELATAN, Kota.",1,GD.SSM BEKASI
2026-07-23T00:00:00,26JD01050314,26JD01050314,AEROX ALPHA,HITAM,CASH,0,26000000,26000000,"JAKARTA SELATAN, Kota.",1,GD.SSM BEKASI
2026-07-23T00:00:00,26JD01050315,26JD01050315,AEROX ALPHA,HITAM,CASH,0,26000000,26000000,"JAKARTA SELATAN, Kota.",1,GD.SSM BEKASI
2026-07-23T00:00:00,26JD01050316,26JD01050316,AEROX ALPHA,BIRU,CASH,0,26000000,26000000,"JAKARTA SELATAN, Kota.",5,GD.SSM BEKASI
2026-07-23T00:00:00,26JD01050317,26JD01050317,AEROX ALPHA,HITAM,CASH,0,26000000,26000000,"JAKARTA SELATAN, Kota.",1,GD.SSM BEKASI
2026-07-23T00:00:00,26JD01050318,26JD01050318,AEROX ALPHA,HITAM,CASH,0,26000000,26000000,"JAKARTA SELATAN, Kota.",1,GD.SSM BEKASI
2026-07-23T00:00:00,26JD01050319,26JD01050319,AEROX ALPHA,HITAM,CASH,0,26000000,26000000,"JAKARTA SELATAN, Kota.",1,GD.SSM BEKASI
2026-07-23T00:00:00,26JD01050320,26JD01050320,GEAR 125,HIJAU PERAK,CASH,0,16500000,16500000,"JAKARTA SELATAN, Kota.",3,GD.SSM BEKASI
2026-07-23T00:00:00,26JD01050321,26JD01050321,GEAR 125,HIJAU PERAK,CASH,0,16500000,16500000,"JAKARTA SELATAN, Kota.",3,GD.SSM BEKASI
2026-07-23T00:00:00,26JD01050322,26JD01050322,GEAR 125,HIJAU PERAK,CASH,0,16500000,16500000,"JAKARTA SELATAN, Kota.",5,GD.SSM BEKASI
2026-07-23T00:00:00,26JD01050323,26JD01050323,GEAR 125,HIJAU PERAK,CASH,0,16500000,16500000,"JAKARTA SELATAN, Kota.",5,GD.SSM BEKASI
2026-07-23T00:00:00,26JD01050324,26JD01050324,AEROX ALPHA,HITAM,CASH,0,26000000,26000000,"JAKARTA SELATAN, Kota.",5,GD.SSM BEKASI
2026-07-23T00:00:00,26JD01050401,26JD01050401,GEAR 125,HIJAU PERAK,CASH,0,16500000,16500000,"JAKARTA SELATAN, Kota.",5,GD.SSM BEKASI
2026-07-23T00:00:00,26JD01050402,26JD01050402,GEAR 125,HIJAU PERAK,CASH,0,16500000,16500000,"JAKARTA SELATAN, Kota.",9,SSM MOTOR
2026-07-23T00:00:00,26JD01050403,26JD01050403,GEAR 125,MERAH,CASH,0,16500000,16500000,"JAKARTA SELATAN, Kota.",7,GD.SSM BEKASI
2026-07-23T00:00:00,26JD01050404,26JD01050404,GEAR 125,MERAH,CASH,0,16500000,16500000,"JAKARTA SELATAN, Kota.",3,GD.SSM BEKASI
2026-07-23T00:00:00,26JD01050405,26JD01050405,GEAR 125,HIJAU PERAK,CASH,0,16500000,16500000,"JAKARTA SELATAN, Kota.",1,GD.SSM BEKASI
2026-07-23T00:00:00,26JD01050406,26JD01050406,GEAR 125,BIRU,CASH,0,16500000,16500000,"JAKARTA SELATAN, Kota.",3,GD.SSM BEKASI
2026-07-23T00:00:00,26JD01050407,26JD01050407,GEAR 125,BIRU,CASH,0,16500000,16500000,"JAKARTA SELATAN, Kota.",3,GD.SSM BEKASI
2026-07-23T00:00:00,26JD01050502,26JD01050502,MX KING 150,HITAM,CASH,0,27000000,27000000,"JAKARTA SELATAN, Kota.",1,GD.SSM BEKASI
2026-07-23T00:00:00,26JD01050503,26JD01050503,MX KING 150,HITAM,CASH,0,27000000,27000000,"JAKARTA SELATAN, Kota.",1,GD.SSM BEKASI
2026-07-23T00:00:00,26JD01050504,26JD01050504,MX KING 150,HITAM,CASH,0,27000000,27000000,"JAKARTA SELATAN, Kota.",1,GD.SSM BEKASI
2026-07-23T00:00:00,26JD01050505,26JD01050505,MX KING 150,HITAM,CASH,0,27000000,27000000,"JAKARTA SELATAN, Kota.",1,GD.SSM BEKASI
2026-07-23T00:00:00,26JD01050506,26JD01050506,MX KING 150,PERAK,CASH,0,27000000,27000000,"JAKARTA SELATAN, Kota.",2,GD.SSM BEKASI
2026-07-23T00:00:00,26JD01050507,26JD01050507,MX KING 150,PERAK,CASH,0,27000000,27000000,"JAKARTA SELATAN, Kota.",2,GD.SSM BEKASI
2026-07-23T00:00:00,26JD01050508,26JD01050508,MX KING 150,PERAK,CASH,0,27000000,27000000,"JAKARTA SELATAN, Kota.",2,GD.SSM BEKASI
2026-07-23T00:00:00,26JD01050509,26JD01050509,MX KING 150,PERAK,CASH,0,27000000,27000000,"JAKARTA SELATAN, Kota.",3,GD.SSM BEKASI
2026-07-23T00:00:00,26JD01050510,26JD01050510,MX KING 150,PERAK,CASH,0,27000000,27000000,"JAKARTA SELATAN, Kota.",3,GD.SSM BEKASI
2026-07-23T00:00:00,26JD01050601,26JD01050601,MX KING 150 CYBERCITY,BIRU,CASH,0,27000000,27000000,"JAKARTA SELATAN, Kota.",6,GD.SSM BEKASI
2026-07-24T00:00:00,26FJK0102799,26SO01280301,G ULTIMA HYBRID,HITAM,BAF DPK,35,700000,20240000,"JAKARTA TIMUR, KOTA.",3,GD.SSM BEKASI
2026-07-24T00:00:00,26FJK0102800,26SO01280401,LEXI LX 155 CONNECTED,HIJAU,BAF CIKUPA,35,2000000,28520000,"TANGERANG, KAB.",2,GD.SSM BEKASI
2026-07-24T00:00:00,26FJK0102801,26SO01280201,NMAX NEO S,HITAM,BAF CKR,35,900000,35640000,KOTA BEKASI,2,GD.SSM BEKASI
2026-07-24T00:00:00,26FJK0102802,26SO01280501,GRAND FILANO HYBRID LUX,HITAM,CASH,0,29000000,29460000,"BEKASI, KOTA.",4,GD.SSM BEKASI
2026-07-24T00:00:00,26FJK0102803,26SO01280101,NMAX NEO S SPC LIVERY,HITAM,CASH,0,35505000,35955000,"JAKARTA UTARA, KOTA.",10,GD.SSM BEKASI
2026-07-24T00:00:00,26FJK0102805,26SO01280601,GRAND FILANO HYBRID NEO,UNGU MUDA,ADIRA TBN,32,100000,28710000,"BEKASI, KAB.",1,SSM MOTOR
2026-07-24T00:00:00,26FJK0102806,26SO01280701,GRAND FILANO HYBRID NEO,UNGU MUDA,ADIRA BKS,32,600000,28710000,"BEKASI, KOTA.",4,GD.SSM BEKASI
2026-07-24T00:00:00,26FJK0102807,26SO01280801,GRAND FILANO HYBRID NEO,UNGU MUDA,BAF CMPK,35,1050000,28710000,BEKASI,1,GD.SSM BEKASI
2026-07-24T00:00:00,26JD01050701,26JD01050701,MX KING 150 CYBERCITY,BIRU,CASH,0,27000000,27000000,"JAKARTA SELATAN, Kota.",1,GD.SSM BEKASI
2026-07-25T00:00:00,26FJK0102809,26SO01281301,GRAND FILANO HYBRID LUX,PERAK MUDA,BAF DPK,32,700000,29145000,"JAKARTA TIMUR, KOTA.",63,GD.SSM BEKASI
2026-07-25T00:00:00,26FJK0102810,26SO01281201,FREEGO 125,HITAM,BAF DPK,35,600000,23555000,BOGOR,2,GD.SSM BEKASI
2026-07-25T00:00:00,26FJK0102811,26SO01261301,FAZZIO HYBRID LUX,HIJAU,CASH,0,24650000,25350000,"BEKASI, KOTA.",1,GD.SSM BEKASI
2026-07-25T00:00:00,26FJK0102812,26SO01261501,FAZZIO HYBRID LUX,HIJAU,CASH,0,24395000,25095000,JAKARTA TIMUR,1,GD.SSM BEKASI
2026-07-25T00:00:00,26FJK0102813,26SO01276001,NMAX -TURBO-,ABU-ABU,BAF JAKARTA  2,30,1300000,39510000,"BEKASI, KOTA.",1,GD.SSM BEKASI
2026-07-25T00:00:00,26FJK0102814,26SO01281401,LEXI LX 155 S CONNECTED,COKLAT,BAF BHL,35,700000,29650000,"JAKARTA UTARA, KOTA.",89,GD.SSM BEKASI
2026-07-25T00:00:00,26FJK0102815,26SO01281501,GRAND FILANO HYBRID NEO,UNGU MUDA,CASH,0,27865000,28665000,"JAKARTA SELATAN, KOTA.",35,GD.SSM BEKASI
2026-07-25T00:00:00,26FJK0102816,26SO01281601,G ULTIMA HYBRID,HITAM,ADIRA TBN,23,600000,20550000,KOTA BEKASI,2,SSM MOTOR
2026-07-25T00:00:00,26FJK0102817,26SO01281701,NMAX NEO,HITAM,BAF CKR,30,3500000,34640000,"BEKASI, KOTA.",4,GD.SSM BEKASI
2026-07-25T00:00:00,26FJK0102818,26SO01281801,G ULTIMA HYBRID,HITAM,ADIRA BKS,17,1600000,20550000,"BEKASI, KOTA.",5,SSM MOTOR
2026-07-25T00:00:00,26FJK0102819,26SO01282101,FAZZIO HYBRID NEO,UNGU MUDA,CASH,0,24250000,24650000,"BEKASI, Kab.",5,GD.SSM BEKASI
2026-07-25T00:00:00,26FJK0102820,26SO01282201,FAZZIO HYBRID,ABU PINK,CASH,0,22370000,22820000,BEKASI,2,GD.SSM BEKASI
2026-07-25T00:00:00,26FJK0102821,26SO01264701,NMAX -TURBO-,ABU-ABU,BAF BHL,25,1900000,39510000,"BEKASI, KAB.",1,GD.SSM BEKASI
2026-07-25T00:00:00,26FJK0102822,26SO01282501,G ULTIMA HYBRID SOLID,COKLAT,BAF BHL,35,800000,20660000,JAKARTA,2,GD.SSM BEKASI
2026-07-25T00:00:00,26FJK0102823,26SO01282001,LEXI LX 155 S CONNECTED,COKLAT,ADR KTPG,29,1000000,29650000,"JAKARTA PUSAT, KOTA.",89,GD.SSM BEKASI
2026-07-25T00:00:00,26FJK0102824,26SO01282301,NMAX NEO S,PUTIH,CASH,0,35240000,35640000,"BEKASI, KOTA.",2,SSM MOTOR
2026-07-25T00:00:00,26FJK0102825,26SO01282601,NMAX NEO S,HITAM,BAF CMPK,35,650000,35555000,JAKARTA,3,GD.SSM BEKASI
2026-07-25T00:00:00,26FJK0102826,26SO01282701,NMAX NEO S,HITAM,CASH,0,34955000,35555000,JAKARTA TIMUR,3,GD.SSM BEKASI
2026-07-25T00:00:00,26FJK0102827,26SO01282801,FAZZIO STARRY NIGHT,PERAK MUDA,CASH,0,25055000,25505000,"BEKASI, KOTA.",2,SSM MOTOR
2026-07-25T00:00:00,26FJK0102828,26SO01283101,FAZZIO HYBRID,BIRU PUTIH,BAF JAKARTA  2,32,1100000,22820000,"JAKARTA TIMUR, KOTA.",93,GD.SSM BEKASI
2026-07-25T00:00:00,26FJK0102829,26SO01282901,AEROX ALPHA CYBERCITY ABS,BIRU,BAF BHL,30,800000,34790000,JAKARTA PUSAT,0,GD.SSM BEKASI
2026-07-25T00:00:00,26JD01050801,26JD01050801,AEROX ALPHA-TURBO- 70TH LIVERY,PUTIH MERAH,CASH,0,37800000,37800000,"JAKARTA UTARA, Kota.",1,GD.SSM BEKASI
2026-07-25T00:00:00,26JD01050901,26JD01050901,XMAX C,HITAM,CASH,0,60500000,60500000,"JAKARTA BARAT, Kota.",7,GD.SSM BEKASI
2026-07-25T00:00:00,26JD01050902,26JD01050902,XMAX C,HITAM,CASH,0,60500000,60500000,"JAKARTA BARAT, Kota.",9,SSM MOTOR
2026-07-25T00:00:00,26JD01050903,26JD01050903,XMAX C,BIRU,CASH,0,60500000,60500000,"JAKARTA BARAT, Kota.",1,GD.SSM BEKASI
2026-07-25T00:00:00,26JD01051001,26JD01051001,XMAX C,HITAM,CASH,0,60500000,60500000,"JAKARTA BARAT, Kota.",1,GD.SSM BEKASI
2026-07-25T00:00:00,26JD01051002,26JD01051002,XMAX SPC LIVERY,HITAM,CASH,0,60500000,60500000,"JAKARTA BARAT, Kota.",4,GD.SSM BEKASI
2026-07-26T00:00:00,26FJK0102830,26SO01283001,FAZZIO HYBRID NEO,UNGU MUDA,ADIRA HI,20,1000000,24650000,"BEKASI, KOTA.",6,GD.SSM BEKASI
2026-07-26T00:00:00,26FJK0102831,26SO01283201,FAZZIO HYBRID NEO,UNGU MUDA,ADIRA BKS,30,600000,24650000,"BEKASI, KOTA.",10,GD.SSM BEKASI
2026-07-26T00:00:00,26FJK0102832,26SO01283401,GRAND FILANO HYBRID NEO,ABU-ABU,CASH,0,28310000,28710000,"BEKASI, KOTA.",6,SSM MOTOR
2026-07-27T00:00:00,26FJK0102833,26SO01283501,AEROX ALPHA CYBERCITY ABS,UNGU,ADIRA CLGS,11,2100000,34910000,KAB BEKASI,14,GD.SSM BEKASI
2026-07-27T00:00:00,26FJK0102834,26SO01283701,NMAX NEO S,BIRU,ADIRA BKS,33,4900000,35640000,"BEKASI, KOTA.",5,GD.SSM BEKASI
2026-07-27T00:00:00,26FJK0102836,26SO01281901,GRAND FILANO HYBRID NEO,HIJAU,BAF CKR,35,600000,28710000,"BEKASI, KAB.",47,GD.SSM BEKASI
2026-07-27T00:00:00,26FJK0102837,26SO01283901,GRAND FILANO HYBRID NEO,PUTIH,BAF CMPK,26,850000,28710000,"BEKASI, KOTA.",3,GD.SSM BEKASI
2026-07-27T00:00:00,26FJK0102838,26SO01273201,FAZZIO HYBRID,ABU PINK,BAF DPK,30,500000,22820000,JAKARTA,4,GD.SSM BEKASI
2026-07-27T00:00:00,26FJK0102839,26SO01283801,GRAND FILANO HYBRID NEO,HIJAU,BAF CMPK,30,350000,28665000,JAKARTA,140,SSM MOTOR
2026-07-27T00:00:00,26FJK0102840,26SO01284101,NMAX NEO S,HITAM,BAF BHL,35,300000,35640000,BEKASI,5,GD.SSM BEKASI
2026-07-27T00:00:00,26FJK0102841,26SO01282401,FAZZIO HYBRID,ABU PINK,BAF BHL,35,600000,23095000,BEKASI,4,GD.SSM BEKASI
2026-07-27T00:00:00,26FJK0102842,26SO01284001,NMAX NEO S,HITAM,BAF BHL,30,400000,35555000,"JAKARTA TIMUR, KOTA.",5,GD.SSM BEKASI
2026-07-27T00:00:00,26FJK0102843,26SO01284301,NMAX -TURBO-,ABU-ABU,CASH,0,39015000,39465000,"JAKARTA TIMUR, KOTA.",3,GD.SSM BEKASI
2026-07-27T00:00:00,26FJK0102844,26SO01284201,FAZZIO HYBRID,ABU PINK,BAF BHL,30,250000,22820000,JAKARTA TIMUR,20,GD.SSM BEKASI
2026-07-27T00:00:00,26FJK0102845,26SO01284401,FAZZIO HYBRID,BIRU PUTIH,ADR KTPG,30,500000,22820000,"JAKARTA PUSAT, KOTA.",95,GD.SSM BEKASI
2026-07-27T00:00:00,26FJK0102846,26SO01284601,FAZZIO HYBRID NEO,UNGU MUDA,BAF JAKARTA  2,35,500000,24650000,"BEKASI, KOTA.",7,GD.SSM BEKASI
2026-07-27T00:00:00,26FJK0102847,26SO01284701,FAZZIO HYBRID NEO,UNGU,BAF BHL,20,1600000,24405000,"JAKARTA PUSAT, KOTA.",6,GD.SSM BEKASI
2026-07-27T00:00:00,26FJK0102848,26SO01284501,NMAX NEO S,HITAM,BAF CKR,30,400000,35640000,"BEKASI, KAB.",4,SSM MOTOR
2026-07-27T00:00:00,26FJK0102849,26SO01284801,FAZZIO HYBRID,HITAM,CASH,0,22820000,22820000,"JAKARTA UTARA, Kota.",203,GD.SSM BEKASI
2026-07-27T00:00:00,26FJK0102850,26SO01280901,GRAND FILANO HYBRID NEO,PUTIH,CASH,0,28010000,29010000,"BOGOR, Kab.",0,GD.SSM BEKASI
2026-07-27T00:00:00,26FJK0102851,26SO01284901,NMAX NEO S,HITAM,BAF BHL,30,400000,35555000,"JAKARTA BARAT, Kota.",5,GD.SSM BEKASI
2026-07-27T00:00:00,26FJK0102852,26SO01285101,G ULTIMA HYBRID,HITAM,BAF BHL,35,0,20240000,JAKARTA,3,GD.SSM BEKASI
2026-07-27T00:00:00,26FJK0102853,26SO01285201,G ULTIMA HYBRID SOLID,COKLAT,CASH,0,20720000,20970000,BEKASI,7,SSM MOTOR
2026-07-27T00:00:00,26JD01051101,26JD01051101,GEAR 125,MERAH,CASH,0,16200000,16200000,"JAKARTA PUSAT, Kota.",15,GD.SSM BEKASI
2026-07-27T00:00:00,26JD01051102,26JD01051102,GEAR 125,MERAH,CASH,0,16200000,16200000,"JAKARTA PUSAT, Kota.",15,GD.SSM BEKASI
2026-07-27T00:00:00,26JD01051103,26JD01051103,GEAR 125,MERAH,CASH,0,16200000,16200000,"JAKARTA PUSAT, Kota.",15,GD.SSM BEKASI
2026-07-27T00:00:00,26JD01051104,26JD01051104,GEAR 125,MERAH,CASH,0,16200000,16200000,"JAKARTA PUSAT, Kota.",15,GD.SSM BEKASI
2026-07-27T00:00:00,26JD01051105,26JD01051105,GEAR 125,MERAH,CASH,0,16200000,16200000,"JAKARTA PUSAT, Kota.",15,GD.SSM BEKASI
2026-07-27T00:00:00,26JD01051106,26JD01051106,GEAR 125,MERAH,CASH,0,16200000,16200000,"JAKARTA PUSAT, Kota.",15,GD.SSM BEKASI
2026-07-27T00:00:00,26JD01051107,26JD01051107,GEAR 125,HIJAU,CASH,0,16200000,16200000,"JAKARTA PUSAT, Kota.",15,GD.SSM BEKASI
2026-07-27T00:00:00,26JD01051108,26JD01051108,GEAR 125,HIJAU,CASH,0,16200000,16200000,"JAKARTA PUSAT, Kota.",15,GD.SSM BEKASI
2026-07-27T00:00:00,26JD01051109,26JD01051109,GEAR 125,HIJAU,CASH,0,16200000,16200000,"JAKARTA PUSAT, Kota.",15,GD.SSM BEKASI
2026-07-27T00:00:00,26JD01051110,26JD01051110,GEAR 125,HIJAU,CASH,0,16200000,16200000,"JAKARTA PUSAT, Kota.",15,GD.SSM BEKASI
2026-07-27T00:00:00,26JD01051111,26JD01051111,GEAR 125,BIRU,CASH,0,16200000,16200000,"JAKARTA PUSAT, Kota.",15,GD.SSM BEKASI
2026-07-27T00:00:00,26JD01051112,26JD01051112,GEAR 125,BIRU,CASH,0,16200000,16200000,"JAKARTA PUSAT, Kota.",15,GD.SSM BEKASI
2026-07-27T00:00:00,26JD01051113,26JD01051113,GEAR 125,BIRU,CASH,0,16200000,16200000,"JAKARTA PUSAT, Kota.",15,GD.SSM BEKASI
2026-07-27T00:00:00,26JD01051114,26JD01051114,GEAR 125,BIRU,CASH,0,16200000,16200000,"JAKARTA PUSAT, Kota.",15,GD.SSM BEKASI
2026-07-27T00:00:00,26JD01051115,26JD01051115,GEAR 125,BIRU,CASH,0,16200000,16200000,"JAKARTA PUSAT, Kota.",15,GD.SSM BEKASI
2026-07-27T00:00:00,26JD01051116,26JD01051116,GEAR 125,BIRU,CASH,0,16200000,16200000,"JAKARTA PUSAT, Kota.",15,GD.SSM BEKASI
2026-07-27T00:00:00,26JD01051117,26JD01051117,GEAR 125,HITAM,CASH,0,16200000,16200000,"JAKARTA PUSAT, Kota.",15,GD.SSM BEKASI
2026-07-27T00:00:00,26JD01051118,26JD01051118,GEAR 125,HITAM,CASH,0,16200000,16200000,"JAKARTA PUSAT, Kota.",15,GD.SSM BEKASI
2026-07-27T00:00:00,26JD01051119,26JD01051119,GEAR 125,HITAM,CASH,0,16200000,16200000,"JAKARTA PUSAT, Kota.",15,GD.SSM BEKASI
2026-07-27T00:00:00,26JD01051120,26JD01051120,GEAR 125,HITAM,CASH,0,16200000,16200000,"JAKARTA PUSAT, Kota.",15,GD.SSM BEKASI
2026-07-27T00:00:00,26JD01051121,26JD01051121,GEAR 125,HITAM,CASH,0,16200000,16200000,"JAKARTA PUSAT, Kota.",15,GD.SSM BEKASI
2026-07-27T00:00:00,26JD01051122,26JD01051122,GEAR 125,HITAM,CASH,0,16200000,16200000,"JAKARTA PUSAT, Kota.",15,GD.SSM BEKASI
2026-07-27T00:00:00,26JD01051123,26JD01051123,GEAR 125,HITAM,CASH,0,16200000,16200000,"JAKARTA PUSAT, Kota.",15,GD.SSM BEKASI
2026-07-27T00:00:00,26JD01051124,26JD01051124,GEAR 125,HIJAU PERAK,CASH,0,16200000,16200000,"JAKARTA PUSAT, Kota.",15,GD.SSM BEKASI
2026-07-27T00:00:00,26JD01051125,26JD01051125,GEAR 125,HIJAU PERAK,CASH,0,16200000,16200000,"JAKARTA PUSAT, Kota.",15,GD.SSM BEKASI
2026-07-27T00:00:00,26JD01051201,26JD01051201,GEAR 125,HITAM,CASH,0,16200000,16200000,"JAKARTA PUSAT, Kota.",15,GD.SSM BEKASI
2026-07-27T00:00:00,26JD01051202,26JD01051202,GEAR 125,HITAM,CASH,0,16200000,16200000,"JAKARTA PUSAT, Kota.",15,GD.SSM BEKASI
2026-07-27T00:00:00,26JD01051203,26JD01051203,GEAR 125,HITAM,CASH,0,16200000,16200000,"JAKARTA PUSAT, Kota.",15,GD.SSM BEKASI
2026-07-27T00:00:00,26JD01051204,26JD01051204,GEAR 125,HITAM,CASH,0,16200000,16200000,"JAKARTA PUSAT, Kota.",15,GD.SSM BEKASI
2026-07-27T00:00:00,26JD01051205,26JD01051205,GEAR 125,HITAM,CASH,0,16200000,16200000,"JAKARTA PUSAT, Kota.",15,GD.SSM BEKASI
2026-07-27T00:00:00,26JD01051206,26JD01051206,GEAR 125,HITAM,CASH,0,16200000,16200000,"JAKARTA PUSAT, Kota.",15,GD.SSM BEKASI
2026-07-27T00:00:00,26JD01051207,26JD01051207,GEAR 125,HITAM,CASH,0,16200000,16200000,"JAKARTA PUSAT, Kota.",15,GD.SSM BEKASI
2026-07-27T00:00:00,26JD01051208,26JD01051208,GEAR 125,HITAM,CASH,0,16200000,16200000,"JAKARTA PUSAT, Kota.",15,GD.SSM BEKASI
2026-07-27T00:00:00,26JD01051209,26JD01051209,GEAR 125,HITAM,CASH,0,16200000,16200000,"JAKARTA PUSAT, Kota.",15,GD.SSM BEKASI
2026-07-27T00:00:00,26JD01051210,26JD01051210,GEAR 125,HIJAU PERAK,CASH,0,16200000,16200000,"JAKARTA PUSAT, Kota.",15,GD.SSM BEKASI
2026-07-27T00:00:00,26JD01051211,26JD01051211,GEAR 125,HIJAU PERAK,CASH,0,16200000,16200000,"JAKARTA PUSAT, Kota.",15,GD.SSM BEKASI
2026-07-27T00:00:00,26JD01051212,26JD01051212,GEAR 125,HIJAU PERAK,CASH,0,16200000,16200000,"JAKARTA PUSAT, Kota.",15,GD.SSM BEKASI
2026-07-27T00:00:00,26JD01051301,26JD01051301,GEAR 125,HIJAU PERAK,CASH,0,16200000,16200000,"JAKARTA PUSAT, Kota.",15,GD.SSM BEKASI
2026-07-27T00:00:00,26JD01051302,26JD01051302,GEAR 125,HIJAU PERAK,CASH,0,16200000,16200000,"JAKARTA PUSAT, Kota.",15,GD.SSM BEKASI
2026-07-27T00:00:00,26JD01051303,26JD01051303,GEAR 125,HIJAU PERAK,CASH,0,16200000,16200000,"JAKARTA PUSAT, Kota.",15,GD.SSM BEKASI
2026-07-27T00:00:00,26JD01051304,26JD01051304,GEAR 125,HIJAU PERAK,CASH,0,16200000,16200000,"JAKARTA PUSAT, Kota.",15,GD.SSM BEKASI
2026-07-27T00:00:00,26JD01051305,26JD01051305,GEAR 125,HITAM,CASH,0,16200000,16200000,"JAKARTA PUSAT, Kota.",15,GD.SSM BEKASI
2026-07-27T00:00:00,26JD01051306,26JD01051306,GEAR 125,HITAM,CASH,0,16200000,16200000,"JAKARTA PUSAT, Kota.",15,GD.SSM BEKASI
2026-07-27T00:00:00,26JD01051307,26JD01051307,GEAR 125,HITAM,CASH,0,16200000,16200000,"JAKARTA PUSAT, Kota.",15,GD.SSM BEKASI
2026-07-27T00:00:00,26JD01051308,26JD01051308,GEAR 125,HITAM,CASH,0,16200000,16200000,"JAKARTA PUSAT, Kota.",15,GD.SSM BEKASI
2026-07-27T00:00:00,26JD01051309,26JD01051309,GEAR 125,HITAM,CASH,0,16200000,16200000,"JAKARTA PUSAT, Kota.",15,GD.SSM BEKASI
2026-07-27T00:00:00,26JD01051310,26JD01051310,GEAR 125,HITAM,CASH,0,16200000,16200000,"JAKARTA PUSAT, Kota.",15,GD.SSM BEKASI
2026-07-27T00:00:00,26JD01051311,26JD01051311,GEAR 125,HITAM,CASH,0,16200000,16200000,"JAKARTA PUSAT, Kota.",15,GD.SSM BEKASI
2026-07-27T00:00:00,26JD01051312,26JD01051312,GEAR 125,HITAM,CASH,0,16200000,16200000,"JAKARTA PUSAT, Kota.",15,GD.SSM BEKASI
2026-07-27T00:00:00,26JD01051313,26JD01051313,GEAR 125,HITAM,CASH,0,16200000,16200000,"JAKARTA PUSAT, Kota.",15,GD.SSM BEKASI
2026-07-28T00:00:00,26FJK0102854,26SO01285301,FAZZIO HYBRID,HITAM MERAH,OTO KDY,30,600000,22820000,JAKARTA UTARA,4,GD.SSM BEKASI
2026-07-28T00:00:00,26FJK0102855,26SO01285601,ALL NEW AEROX 155,HITAM,ADIRA BGR,30,0,29625000,"BOGOR, KAB.",1,GD.SSM BEKASI
2026-07-28T00:00:00,26FJK0102856,26SO01285701,G ULTIMA HYBRID,HITAM,BAF JAKARTA  2,35,100000,20550000,"BEKASI, KAB.",4,GD.SSM BEKASI
2026-07-28T00:00:00,26FJK0102857,26SO01285901,GRAND FILANO HYBRID LUX,HITAM,BAF CIKUPA,30,0,29760000,"TANGERANG, KAB.",5,SSM MOTOR
2026-07-28T00:00:00,26FJK0102859,26SO01279701,AEROX ALPHA,HITAM,BAF CMPK,30,0,30700000,JAKARTA,3,GD.SSM BEKASI
2026-07-28T00:00:00,26FJK0102860,26SO01285401,GRAND FILANO HYBRID NEO,PUTIH,BAF BHL,35,600000,28710000,BEKASI,1,GD.SSM BEKASI
2026-07-28T00:00:00,26FJK0102861,26SO01286001,GRAND FILANO HYBRID NEO,PUTIH,ADIRA BKS,11,2400000,28710000,BEKASI,1,GD.SSM BEKASI
2026-07-28T00:00:00,26FJK0102862,26SO01261001,XMAX C,ABU-ABU,CASH,0,71844525,70015000,"JAKARTA TIMUR, KOTA.",1,GD.SSM BEKASI
2026-07-28T00:00:00,26FJK0102863,26SO01286201,GRAND FILANO HYBRID LUX,HITAM,BAF CKR,30,0,29460000,"BEKASI, KOTA.",48,GD.SSM BEKASI
2026-07-28T00:00:00,26FJK0102864,26SO01286301,NMAX NEO S,BIRU,CASH,0,34555000,35555000,"JAKARTA BARAT, KOTA.",53,GD.SSM BEKASI
2026-07-28T00:00:00,26FJK0102865,26SO01286101,GRAND FILANO HYBRID LUX,HITAM,CASH,0,24930000,24930000,JAKARTA SELATAN,5,GD.SSM BEKASI
2026-07-28T00:00:00,26FJK0102866,26SO01285001,GRAND FILANO HYBRID NEO,HIJAU,BAF JAKARTA  2,30,0,28710000,BEKASI,1,GD.SSM BEKASI
2026-07-28T00:00:00,26FJK0102867,26SO01286601,G ULTIMA HYBRID,HITAM,BAF DPK,35,800000,20700000,BOGOR,5,SSM MOTOR
2026-07-28T00:00:00,26FJK0102868,26SO01286701,GRAND FILANO HYBRID NEO,HIJAU,BAF BHL,30,0,28710000,BEKASI,48,GD.SSM BEKASI
2026-07-28T00:00:00,26FJK0102869,26SO01286401,NMAX NEO S,BIRU,BAF JAKARTA  2,35,900000,35640000,"BEKASI, KOTA.",5,SSM MOTOR
2026-07-28T00:00:00,26FJK0102870,26SO01286801,ALL NEW AEROX 155,HITAM,BAF BHL,17,9300000,29380000,JAKARTA TIMUR,11,GD.SSM BEKASI
2026-07-28T00:00:00,26FJK0102871,26SO01286501,NMAX NEO S,HITAM,BAF JAKARTA  2,35,900000,35640000,"BEKASI, KOTA.",6,GD.SSM BEKASI
2026-07-28T00:00:00,26FJK0102872,26SO01286901,G ULTIMA HYBRID,HITAM,CASH,0,20200000,20550000,"BEKASI, KAB.",4,GD.SSM BEKASI
2026-07-28T00:00:00,26FJK0102873,26SO01287101,GRAND FILANO HYBRID NEO,PUTIH,BAF BHL,35,0,28710000,BEKASI,1,GD.SSM BEKASI
2026-07-28T00:00:00,26JD01051401,26JD01051401,G ULTIMA HYBRID,HITAM,CASH,0,15812667,15812667,INDONESIA,4,GD.SSM BEKASI
2026-07-29T00:00:00,26FJK0102874,26SO01287401,ALL NEW XSR 155,HITAM,CASH,0,39915000,40615000,"TANGERANG SELATAN, KOTA.",9,GD.SSM BEKASI
2026-07-29T00:00:00,26FJK0102875,26SO01287001,FAZZIO HYBRID NEO,UNGU,BAF BHL,30,0,24405000,JAKARTA UTARA,81,GD.SSM BEKASI
2026-07-29T00:00:00,26FJK0102876,26SO01287201,GRAND FILANO HYBRID NEO,HIJAU,OTO KDY,30,100000,28665000,JAKARTA UTARA,2,GD.SSM BEKASI
2026-07-29T00:00:00,26FJK0102877,26SO01287501,G ULTIMA HYBRID,HITAM,BAF BHL,32,700000,20240000,JAKARTA BARAT,8,GD.SSM BEKASI
2026-07-29T00:00:00,26FJK0102878,26SO01287701,GRAND FILANO HYBRID LUX,HITAM,CASH,0,28960000,29460000, BEKASI,49,SSM MOTOR
2026-07-29T00:00:00,26FJK0102879,26SO01287601,FREEGO 125,HITAM,BAF BHL,35,600000,23355000,BEKASI,9,GD.SSM BEKASI
2026-07-29T00:00:00,26FJK0102880,26SO01287901,GRAND FILANO HYBRID NEO,PUTIH,BAF BHL,35,350000,28710000,BEKASI,2,GD.SSM BEKASI
2026-07-29T00:00:00,26FJK0102881,26SO01283601,GRAND FILANO HYBRID NEO,HIJAU,ADIRA TBN,32,600000,28710000,KAB BEKASI,2,GD.SSM BEKASI
2026-07-29T00:00:00,26FJK0102882,26SO01287801,AEROX ALPHA -TURBO-,PERAK,BAF CMPK,35,1400000,40050000,JAKARTA,93,GD.SSM BEKASI
2026-07-29T00:00:00,26FJK0102883,26SO01288101,FAZZIO HYBRID,BIRU PUTIH,BAF BHL,30,1100000,22820000,"JAKARTA TIMUR, KOTA.",97,GD.SSM BEKASI
2026-07-29T00:00:00,26FJK0102884,26SO01288201,FAZZIO HYBRID,ABU PINK,BAF BHL,30,0,23095000,BEKASI,41,GD.SSM BEKASI
2026-07-29T00:00:00,26JD01051601,26JD01051601,NMAX NEO S SPC LIVERY,HITAM,CASH,0,28879511,28879511,INDONESIA,4,GD.SSM BEKASI
2026-07-29T00:00:00,26JD01051701,26JD01051701,MIO M3 CW,HITAM,CASH,0,14965000,14965000,"BANDUNG, Kota.",8,GD.SSM BEKASI
2026-07-29T00:00:00,26JD01051702,26JD01051702,MIO M3 CW,HITAM,CASH,0,14965000,14965000,"BANDUNG, Kota.",8,GD.SSM BEKASI
2026-07-29T00:00:00,26JD01051703,26JD01051703,MIO M3 CW,HITAM,CASH,0,14965000,14965000,"BANDUNG, Kota.",8,GD.SSM BEKASI
2026-07-29T00:00:00,26JD01051704,26JD01051704,MIO M3 CW,HITAM,CASH,0,14965000,14965000,"BANDUNG, Kota.",8,GD.SSM BEKASI
2026-07-29T00:00:00,26JD01051705,26JD01051705,MIO M3 CW,HITAM,CASH,0,14965000,14965000,"BANDUNG, Kota.",8,GD.SSM BEKASI
2026-07-29T00:00:00,26JD01051706,26JD01051706,MIO M3 CW,HITAM,CASH,0,14965000,14965000,"BANDUNG, Kota.",8,GD.SSM BEKASI
2026-07-29T00:00:00,26JD01051707,26JD01051707,MIO M3 CW,HITAM,CASH,0,14965000,14965000,"BANDUNG, Kota.",8,GD.SSM BEKASI
2026-07-29T00:00:00,26JD01051708,26JD01051708,MIO M3 CW,HITAM,CASH,0,14965000,14965000,"BANDUNG, Kota.",8,GD.SSM BEKASI
2026-07-29T00:00:00,26JD01051709,26JD01051709,MIO M3 CW,HITAM,CASH,0,14965000,14965000,"BANDUNG, Kota.",8,GD.SSM BEKASI
2026-07-29T00:00:00,26JD01051710,26JD01051710,MIO M3 CW,HITAM,CASH,0,14965000,14965000,"BANDUNG, Kota.",8,GD.SSM BEKASI
2026-07-29T00:00:00,26JD01051711,26JD01051711,MIO M3 CW,HITAM,CASH,0,14965000,14965000,"BANDUNG, Kota.",8,GD.SSM BEKASI
2026-07-29T00:00:00,26JD01051712,26JD01051712,MIO M3 CW,HITAM,CASH,0,14965000,14965000,"BANDUNG, Kota.",8,GD.SSM BEKASI
2026-07-29T00:00:00,26JD01051713,26JD01051713,MIO M3 CW,HITAM,CASH,0,14965000,14965000,"BANDUNG, Kota.",8,GD.SSM BEKASI
2026-07-29T00:00:00,26JD01051714,26JD01051714,MIO M3 CW,HITAM,CASH,0,14965000,14965000,"BANDUNG, Kota.",8,GD.SSM BEKASI
2026-07-29T00:00:00,26JD01051715,26JD01051715,MIO M3 CW,HITAM,CASH,0,14965000,14965000,"BANDUNG, Kota.",8,GD.SSM BEKASI
2026-07-29T00:00:00,26JD01051801,26JD01051801,AEROX ALPHA CYBERCITY ABS,UNGU,CASH,0,29000000,29000000,"JAKARTA SELATAN, Kota.",21,GD.SSM BEKASI
2026-07-29T00:00:00,26JD01051802,26JD01051802,AEROX ALPHA CYBERCITY ABS,UNGU,CASH,0,29000000,29000000,"JAKARTA SELATAN, Kota.",21,GD.SSM BEKASI
2026-07-29T00:00:00,26JD01051803,26JD01051803,AEROX ALPHA CYBERCITY ABS,PUTIH,CASH,0,29000000,29000000,"JAKARTA SELATAN, Kota.",9,GD.SSM BEKASI
2026-07-29T00:00:00,26JD01051804,26JD01051804,AEROX ALPHA CYBERCITY ABS,PUTIH,CASH,0,29000000,29000000,"JAKARTA SELATAN, Kota.",9,GD.SSM BEKASI
2026-07-29T00:00:00,26JD01051901,26JD01051901,AEROX ALPHA CYBERCITY ABS,UNGU,CASH,0,29000000,29000000,"JAKARTA SELATAN, Kota.",29,SSM MOTOR
2026-07-29T00:00:00,26JD01051902,26JD01051902,AEROX ALPHA CYBERCITY ABS,UNGU,CASH,0,29000000,29000000,"JAKARTA SELATAN, Kota.",7,GD.SSM BEKASI
2026-07-29T00:00:00,26JD01051903,26JD01051903,AEROX ALPHA CYBERCITY ABS,UNGU,CASH,0,29000000,29000000,"JAKARTA SELATAN, Kota.",7,GD.SSM BEKASI
2026-07-29T00:00:00,26JD01052001,26JD01052001,AEROX ALPHA CYBERCITY ABS,UNGU,CASH,0,29000000,29000000,"JAKARTA SELATAN, Kota.",16,SSM MOTOR
2026-07-29T00:00:00,26JD01052002,26JD01052002,AEROX ALPHA CYBERCITY ABS,PUTIH,CASH,0,29000000,29000000,"JAKARTA SELATAN, Kota.",6,GD.SSM BEKASI
2026-07-29T00:00:00,26JD01052003,26JD01052003,AEROX ALPHA CYBERCITY ABS,PUTIH,CASH,0,29000000,29000000,"JAKARTA SELATAN, Kota.",54,GD.SSM BEKASI
2026-07-29T00:00:00,26JD01052101,26JD01052101,AEROX ALPHA,BIRU,CASH,0,24250546,24250546,"JAKARTA BARAT, Kota.",2,GD.SSM BEKASI
2026-07-29T00:00:00,26JD01052102,26JD01052102,AEROX ALPHA,BIRU,CASH,0,24250546,24250546,"JAKARTA BARAT, Kota.",2,GD.SSM BEKASI
2026-07-29T00:00:00,26JD01052103,26JD01052103,AEROX ALPHA,BIRU,CASH,0,24250546,24250546,"JAKARTA BARAT, Kota.",2,GD.SSM BEKASI
2026-07-29T00:00:00,26JD01052104,26JD01052104,AEROX ALPHA,BIRU,CASH,0,24250546,24250546,"JAKARTA BARAT, Kota.",2,GD.SSM BEKASI
2026-07-29T00:00:00,26JD01052201,26JD01052201,AEROX ALPHA,BIRU,CASH,0,24250546,24250546,"JAKARTA BARAT, Kota.",2,GD.SSM BEKASI
2026-07-29T00:00:00,26JD01052202,26JD01052202,AEROX ALPHA,BIRU,CASH,0,24250546,24250546,"JAKARTA BARAT, Kota.",1,GD.SSM BEKASI
2026-07-29T00:00:00,26JD01052203,26JD01052203,AEROX ALPHA,BIRU,CASH,0,24250546,24250546,"JAKARTA BARAT, Kota.",1,GD.SSM BEKASI
2026-07-29T00:00:00,26JD01052204,26JD01052204,AEROX ALPHA,BIRU,CASH,0,24250546,24250546,"JAKARTA BARAT, Kota.",1,GD.SSM BEKASI
2026-07-30T00:00:00,26FJK0102885,26SO01288301,G ULTIMA HYBRID SMART,BIRU,BAF JAKARTA  2,32,1100000,22785000,"JAKARTA UTARA, KOTA.",6,GD.SSM BEKASI
2026-07-30T00:00:00,26FJK0102886,26SO01288401,AEROX ALPHA CYBERCITY,BIRU,ADIRA TBN,35,2500000,31370000,"BEKASI, KOTA.",7,GD.SSM BEKASI
2026-07-30T00:00:00,26FJK0102887,26SO01288501,FAZZIO HYBRID,HITAM MERAH,ADIRA KLPG,30,0,22820000,JAKARTA UTARA,6,GD.SSM BEKASI
2026-07-30T00:00:00,26FJK0102888,26SO01288601,GRAND FILANO HYBRID LUX,HITAM,CASH,0,29010000,29460000,BEKASI,52,GD.SSM BEKASI
2026-07-30T00:00:00,26FJK0102889,26SO01288701,AEROX ALPHA CYBERCITY ABS,UNGU,ADIRA CLGS,23,5300000,35040000,KAB BOGOR,1,SSM MOTOR
2026-07-30T00:00:00,26FJK0102890,26SO01289001,FAZZIO HYBRID NEO,PUTIH,BAF CIKUPA,30,0,24825000,"TANGERANG, KOTA.",6,GD.SSM BEKASI
2026-07-30T00:00:00,26FJK0102891,26SO01289201,FAZZIO HYBRID NEO,UNGU MUDA,BAF BHL,30,500000,24405000,JAKARTA,155,GD.SSM BEKASI
2026-07-30T00:00:00,26FJK0102893,26SO01289401,FREEGO 125,COKLAT,BAF BHL,35,500000,22865000,"JAKARTA PUSAT, KOTA.",1,GD.SSM BEKASI
2026-07-30T00:00:00,26FJK0102894,26SO01289501,FAZZIO HYBRID NEO,HIJAU MUDA,BAF BHL,30,0,24405000,"JAKARTA TIMUR, KOTA.",12,GD.SSM BEKASI
2026-07-30T00:00:00,26FJK0102895,26SO01289701,NMAX NEO S,HITAM,BAF BHL,35,900000,35640000,BEKASI,1,GD.SSM BEKASI
2026-07-30T00:00:00,26FJK0102896,26SO01289601,FAZZIO HYBRID,ABU PINK,ADIRA TBN,35,0,23095000,KAB BEKASI,10,GD.SSM BEKASI
2026-07-30T00:00:00,26FJK0102897,26SO01289801,FAZZIO HYBRID,HITAM MERAH,BAF TGR,32,100000,23095000,DEPOK,6,GD.SSM BEKASI
2026-07-30T00:00:00,26FJK0102898,26SO01289901,FAZZIO HYBRID NEO,UNGU,BAF BHL,30,300000,24650000,BEKASI,2,GD.SSM BEKASI
2026-07-30T00:00:00,26FJK0102899,26SO01290001,G ULTIMA HYBRID SMART,BIRU,BAF BHL,29,800000,22785000,JAKARTA TIMUR,2,GD.SSM BEKASI
2026-07-30T00:00:00,26FJK0102900,26SO01290201,FREEGO 125 C,HITAM,BAF BHL,29,1000000,24650000,BEKASI,7,GD.SSM BEKASI
2026-07-30T00:00:00,26FJK0102901,26SO01289101,GRAND FILANO HYBRID LUX,PERAK MUDA,BAF JAKARTA  2,30,0,29460000,"BEKASI, KOTA.",92,GD.SSM BEKASI
2026-07-30T00:00:00,26FJK0102903,26SO01290401,G ULTIMA HYBRID,HITAM,BAF BHL,23,2300000,20240000,"JAKARTA UTARA, KOTA.",9,GD.SSM BEKASI
2026-07-30T00:00:00,26FJK0102904,26SO01290501,FAZZIO HYBRID LUX,ABU-ABU TUA,ADIRA DMGT,30,3400000,25095000,JAKARTA BARAT,9,GD.SSM BEKASI
2026-07-30T00:00:00,26FJK0102905,26SO01290601,G ULTIMA HYBRID,HITAM,OTO KDY,35,300000,20240000,JAKARTA BARAT,10,GD.SSM BEKASI
2026-07-30T00:00:00,26JD01052301,26JD01052301,XMAX C,ABU-ABU,CASH,0,60800000,60800000,"TANGERANG, Kab.",3,GD.SSM BEKASI
2026-07-30T00:00:00,26JD01052302,26JD01052302,XMAX C,ABU-ABU,CASH,0,60800000,60800000,"TANGERANG, Kab.",3,GD.SSM BEKASI
2026-07-30T00:00:00,26JD01052303,26JD01052303,XMAX C,ABU-ABU,CASH,0,60800000,60800000,"TANGERANG, Kab.",3,GD.SSM BEKASI
2026-07-30T00:00:00,26JD01052401,26JD01052401,ALL NEW AEROX 155,HITAM,CASH,0,22853996,22853996,"JAKARTA SELATAN, Kota.",1,GD.SSM BEKASI
2026-07-30T00:00:00,26JD01052402,26JD01052402,FAZZIO HYBRID NEO,HIJAU MUDA,CASH,0,19066813,19066813,"JAKARTA SELATAN, Kota.",10,GD.SSM BEKASI
2026-07-30T00:00:00,26JD01052501,26JD01052501,NMAX NEO S SPC LIVERY,HITAM,CASH,0,28879511,28879511,INDONESIA,58,GD.SSM BEKASI
2026-07-30T00:00:00,26JD01052601,26JD01052601,NMAX-TURBO-TECH MAX SPC LIVERY,HITAM,CASH,0,40000000,40000000,"JAKARTA TIMUR, Kota.",38,GD.SSM BEKASI
2026-07-30T00:00:00,26JD01052602,26JD01052602,NMAX-TURBO-TECH MAX SPC LIVERY,HITAM,CASH,0,40000000,40000000,"JAKARTA TIMUR, Kota.",73,GD.SSM BEKASI
2026-07-31T00:00:00,26FJK0102906,26SO01290901,LEXI LX 155 S CONNECTED,PERAK,BAF BHL,30,200000,29650000,JAKARTA BARAT,1,GD.SSM BEKASI
2026-07-31T00:00:00,26FJK0102907,26SO01290801,FAZZIO HYBRID LUX,ABU-ABU TUA,ADIRA BKS,29,300000,25350000,"BEKASI, KAB.",14,GD.SSM BEKASI
2026-07-31T00:00:00,26FJK0102908,26SO01291201,FAZZIO HYBRID LUX,ABU-ABU TUA,BAF CIKUPA,30,800000,25550000,TANGERANG,62,GD.SSM BEKASI
2026-07-31T00:00:00,26FJK0102909,26SO01290701,GRAND FILANO HYBRID LUX,HITAM,ADIRA HI,30,700000,29460000,"BEKASI, KAB.",56,GD.SSM BEKASI
2026-07-31T00:00:00,26FJK0102910,26SO01288801,GRAND FILANO HYBRID NEO,UNGU MUDA,ADR KTPG,20,1400000,28665000,"JAKARTA BARAT, KOTA.",1,GD.SSM BEKASI
2026-07-31T00:00:00,26FJK0102911,26SO01288901,GRAND FILANO HYBRID NEO,UNGU MUDA,BAF CKR,17,1600000,28710000,"BEKASI, KAB.",1,GD.SSM BEKASI
2026-07-31T00:00:00,26FJK0102912,26SO01291001,NMAX NEO,PUTIH,ADIRA PDGD,21,1750000,34565000,JAKARTA,24,GD.SSM BEKASI
2026-07-31T00:00:00,26FJK0102913,26SO01291101,GRAND FILANO HYBRID LUX,PERAK MUDA,BAF BHL,30,100000,29145000,JAKARTA TIMUR,69,GD.SSM BEKASI
2026-07-31T00:00:00,26FJK0102915,26SO01283301,GRAND FILANO HYBRID NEO,UNGU MUDA,BAF BHL,35,350000,28710000,BEKASI,1,GD.SSM BEKASI
2026-07-31T00:00:00,26FJK0102916,26SO01291401,NMAX NEO S,HITAM,BAF BHL,30,5300000,35555000,"JAKARTA PUSAT, KOTA.",41,GD.SSM BEKASI
2026-07-31T00:00:00,26FJK0102918,26SO01291501,FREEGO 125,MERAH,BAF CMPK,35,350000,23355000,NEKA,8,GD.SSM BEKASI
2026-07-31T00:00:00,26FJK0102919,26SO01291801,G ULTIMA HYBRID SOLID,ABU-ABU,BAF DPK,32,800000,20660000,JAKARTA,80,SSM MOTOR
2026-07-31T00:00:00,26FJK0102920,26SO01291601,AEROX ALPHA,HITAM,BAF CMPK,23,1000000,30700000,JAKARTA,6,GD.SSM BEKASI
2026-07-31T00:00:00,26FJK0102921,26SO01291901,NMAX NEO S,HITAM,ADR KTPG,23,1600000,35555000,JAKARTA BARAT,1,GD.SSM BEKASI
2026-07-31T00:00:00,26FJK0102922,26SO01291701,FAZZIO HYBRID NEO,PUTIH,BAF BHL,35,500000,24650000,BEKASI,1,GD.SSM BEKASI
2026-07-31T00:00:00,26FJK0102923,26SO01292001,NMAX NEO S,PUTIH,CASH,0,35190000,35640000,KOTA BEKASI,6,GD.SSM BEKASI
2026-07-31T00:00:00,26FJK0102924,26SO01292101,G ULTIMA HYBRID,HITAM,BAF BHL,35,550000,20240000,"JAKARTA PUSAT, KOTA.",11,GD.SSM BEKASI
2026-07-31T00:00:00,26FJK0102925,26SO01292201,G ULTIMA HYBRID,PUTIH,BAF BHL,35,300000,20550000,KOTA DEPOK,22,GD.SSM BEKASI
2026-07-31T00:00:00,26FJK0102926,26SO01292301,FAZZIO HYBRID NEO,UNGU,ADIRA TBN,35,0,24650000,KAB BEKASI,67,GD.SSM BEKASI
2026-07-31T00:00:00,26JD01052701,26JD01052701,G ULTIMA HYBRID SOLID,ABU-ABU,CASH,0,17300000,17300000,"JAKARTA PUSAT, Kota.",42,SSM MOTOR
2026-07-31T00:00:00,26JD01052702,26JD01052702,G ULTIMA HYBRID SOLID,ABU-ABU,CASH,0,17300000,17300000,"JAKARTA PUSAT, Kota.",9,GD.SSM BEKASI
2026-07-31T00:00:00,26JD01052703,26JD01052703,G ULTIMA HYBRID SOLID,ABU-ABU,CASH,0,17300000,17300000,"JAKARTA PUSAT, Kota.",7,GD.SSM BEKASI
2026-07-31T00:00:00,26JD01052801,26JD01052801,G ULTIMA HYBRID SOLID,ABU-ABU,CASH,0,17300000,17300000,"JAKARTA PUSAT, Kota.",100,GD.SSM BEKASI
2026-07-31T00:00:00,26JD01052802,26JD01052802,G ULTIMA HYBRID SOLID,COKLAT,CASH,0,17300000,17300000,"JAKARTA PUSAT, Kota.",3,GD.SSM BEKASI
2026-08-01T00:00:00,26FJK0102927,26SO01292401,NMAX NEO S,HITAM,BAF BHL,30,900000,35555000,JAKARTA TIMUR,2,GD.SSM BEKASI
2026-08-01T00:00:00,26FJK0102928,26SO01292501,GRAND FILANO HYBRID NEO,PUTIH,BAF JAKARTA  2,35,600000,28710000,"BEKASI, KOTA.",5,GD.SSM BEKASI
2026-08-01T00:00:00,26FJK0102929,26SO01292601,G ULTIMA HYBRID,PUTIH,ADR KTPG,11,4600000,20240000,"JAKARTA PUSAT, KOTA.",23,GD.SSM BEKASI
2026-08-01T00:00:00,26FJK0102930,26SO01292701,FAZZIO HYBRID,BIRU PUTIH,BAF BHL,32,350000,22820000,"JAKARTA SELATAN, KOTA.",100,GD.SSM BEKASI
2026-08-01T00:00:00,26FJK0102931,26SO01292801,NMAX NEO S,BIRU,BAF CMPK,29,5200000,35555000,JAKARTA,7,GD.SSM BEKASI
2026-08-01T00:00:00,26FJK0102932,26SO01293001,FAZZIO HYBRID NEO,UNGU MUDA,BAF CKR,20,5200000,24650000,"BEKASI, KAB.",54,GD.SSM BEKASI
2026-08-01T00:00:00,26FJK0102933,26SO01293101,GRAND FILANO HYBRID NEO,UNGU MUDA,ADIRA CPT,30,350000,28910000,TANGERANG SELATAN,2,GD.SSM BEKASI
2026-08-01T00:00:00,26FJK0102934,26SO01292901,AEROX ALPHA,HITAM,BAF BHL,35,1000000,30820000,BEKASI,3,SSM MOTOR
2026-08-01T00:00:00,26FJK0102935,26SO01293201,ALL NEW XSR 155,HITAM,CASH,0,39765000,40265000,"JAKARTA TIMUR, KOTA.",75,GD.SSM BEKASI
2026-08-01T00:00:00,26FJK0102936,26SO01293301,LEXI LX 155 CONNECTED,HITAM,BAF BHL,35,500000,27850000,"JAKARTA PUSAT, KOTA.",47,GD.SSM BEKASI
2026-08-01T00:00:00,26JD01052901,26JD01052901,AEROX ALPHA,BIRU,CASH,0,26000000,26000000,"JAKARTA BARAT, Kota.",12,GD.SSM BEKASI
2026-08-01T00:00:00,26JD01052902,26JD01052902,AEROX ALPHA,BIRU,CASH,0,26000000,26000000,"JAKARTA BARAT, Kota.",10,GD.SSM BEKASI
2026-08-01T00:00:00,26JD01052903,26JD01052903,AEROX ALPHA,BIRU,CASH,0,26000000,26000000,"JAKARTA BARAT, Kota.",10,GD.SSM BEKASI
2026-08-01T00:00:00,26JD01053001,26JD01053001,AEROX ALPHA,BIRU,CASH,0,26000000,26000000,"JAKARTA BARAT, Kota.",10,GD.SSM BEKASI
2026-08-01T00:00:00,26JD01053002,26JD01053002,AEROX ALPHA,BIRU,CASH,0,26000000,26000000,"JAKARTA BARAT, Kota.",10,GD.SSM BEKASI
2026-08-01T00:00:00,26JD01053003,26JD01053003,AEROX ALPHA,BIRU,CASH,0,26000000,26000000,"JAKARTA BARAT, Kota.",10,GD.SSM BEKASI
2026-08-01T00:00:00,26JD01053101,26JD01053101,AEROX ALPHA,BIRU,CASH,0,26000000,26000000,"JAKARTA BARAT, Kota.",4,GD.SSM BEKASI
2026-08-01T00:00:00,26JD01053102,26JD01053102,AEROX ALPHA,BIRU,CASH,0,26000000,26000000,"JAKARTA BARAT, Kota.",4,GD.SSM BEKASI
2026-08-01T00:00:00,26JD01053103,26JD01053103,AEROX ALPHA,BIRU,CASH,0,26000000,26000000,"JAKARTA BARAT, Kota.",4,GD.SSM BEKASI
2026-08-01T00:00:00,26JD01053104,26JD01053104,AEROX ALPHA,BIRU,CASH,0,26000000,26000000,"JAKARTA BARAT, Kota.",4,GD.SSM BEKASI
2026-08-01T00:00:00,26JD01053105,26JD01053105,AEROX ALPHA,BIRU,CASH,0,26000000,26000000,"JAKARTA BARAT, Kota.",4,GD.SSM BEKASI
2026-08-01T00:00:00,26JD01053106,26JD01053106,AEROX ALPHA,BIRU,CASH,0,26000000,26000000,"JAKARTA BARAT, Kota.",4,GD.SSM BEKASI
2026-08-01T00:00:00,26JD01053107,26JD01053107,AEROX ALPHA,BIRU,CASH,0,26000000,26000000,"JAKARTA BARAT, Kota.",4,GD.SSM BEKASI
2026-08-01T00:00:00,26JD01053108,26JD01053108,AEROX ALPHA,BIRU,CASH,0,26000000,26000000,"JAKARTA BARAT, Kota.",14,GD.SSM BEKASI
2026-08-01T00:00:00,26JD01053109,26JD01053109,AEROX ALPHA,BIRU,CASH,0,26000000,26000000,"JAKARTA BARAT, Kota.",14,GD.SSM BEKASI
2026-08-01T00:00:00,26JD01053110,26JD01053110,AEROX ALPHA,BIRU,CASH,0,26000000,26000000,"JAKARTA BARAT, Kota.",3,SSM MOTOR
2026-08-01T00:00:00,26JD01053111,26JD01053111,AEROX ALPHA,BIRU,CASH,0,26000000,26000000,"JAKARTA BARAT, Kota.",10,GD.SSM BEKASI
2026-08-01T00:00:00,26JD01053112,26JD01053112,AEROX ALPHA,BIRU,CASH,0,26000000,26000000,"JAKARTA BARAT, Kota.",7,GD.SSM BEKASI
2026-08-01T00:00:00,26JD01053113,26JD01053113,AEROX ALPHA,BIRU,CASH,0,26000000,26000000,"JAKARTA BARAT, Kota.",10,GD.SSM BEKASI
2026-08-01T00:00:00,26JD01053114,26JD01053114,AEROX ALPHA,BIRU,CASH,0,26000000,26000000,"JAKARTA BARAT, Kota.",10,GD.SSM BEKASI
2026-08-01T00:00:00,26JD01053115,26JD01053115,AEROX ALPHA,BIRU,CASH,0,26000000,26000000,"JAKARTA BARAT, Kota.",7,GD.SSM BEKASI
2026-08-01T00:00:00,26JD01053116,26JD01053116,AEROX ALPHA,BIRU,CASH,0,26000000,26000000,"JAKARTA BARAT, Kota.",7,GD.SSM BEKASI
2026-08-01T00:00:00,26JD01053117,26JD01053117,AEROX ALPHA,BIRU,CASH,0,26000000,26000000,"JAKARTA BARAT, Kota.",10,GD.SSM BEKASI
2026-08-01T00:00:00,26JD01053118,26JD01053118,AEROX ALPHA,BIRU,CASH,0,26000000,26000000,"JAKARTA BARAT, Kota.",10,GD.SSM BEKASI
2026-08-01T00:00:00,26JD01053119,26JD01053119,AEROX ALPHA,BIRU,CASH,0,26000000,26000000,"JAKARTA BARAT, Kota.",12,GD.SSM BEKASI
2026-08-01T00:00:00,26JD01053120,26JD01053120,AEROX ALPHA,BIRU,CASH,0,26000000,26000000,"JAKARTA BARAT, Kota.",10,GD.SSM BEKASI
2026-08-01T00:00:00,26JD01053121,26JD01053121,AEROX ALPHA,BIRU,CASH,0,26000000,26000000,"JAKARTA BARAT, Kota.",10,GD.SSM BEKASI
2026-08-01T00:00:00,26JD01053122,26JD01053122,AEROX ALPHA,BIRU,CASH,0,26000000,26000000,"JAKARTA BARAT, Kota.",10,GD.SSM BEKASI
2026-08-01T00:00:00,26JD01053123,26JD01053123,AEROX ALPHA,BIRU,CASH,0,26000000,26000000,"JAKARTA BARAT, Kota.",10,GD.SSM BEKASI
2026-08-01T00:00:00,26JD01053124,26JD01053124,AEROX ALPHA,BIRU,CASH,0,26000000,26000000,"JAKARTA BARAT, Kota.",10,GD.SSM BEKASI
2026-08-01T00:00:00,26JD01053201,26JD01053201,GRAND FILANO HYBRID LUX,HITAM,CASH,0,23522889,23522889,"JAKARTA BARAT, Kota.",57,GD.SSM BEKASI
2026-08-01T00:00:00,26JD01053202,26JD01053202,AEROX ALPHA,MERAH,CASH,0,24250546,24250546,"JAKARTA BARAT, Kota.",7,GD.SSM BEKASI
2026-08-01T00:00:00,26JD01053203,26JD01053203,NMAX -TURBO-,ABU-ABU,CASH,0,32025633,32025633,"JAKARTA BARAT, Kota.",2,GD.SSM BEKASI
2026-08-01T00:00:00,26JD01053204,26JD01053204,NMAX -TURBO-,ABU-ABU,CASH,0,32025633,32025633,"JAKARTA BARAT, Kota.",2,GD.SSM BEKASI
2026-08-01T00:00:00,26JD01053301,26JD01053301,GRAND FILANO HYBRID LUX,PERAK MUDA,CASH,0,23522889,23522889,"JAKARTA BARAT, Kota.",50,GD.SSM BEKASI
2026-08-01T00:00:00,26JD01053302,26JD01053302,GRAND FILANO HYBRID NEO,ABU-ABU,CASH,0,22810947,22810947,"JAKARTA BARAT, Kota.",2,GD.SSM BEKASI
2026-08-01T00:00:00,26JD01053303,26JD01053303,NMAX NEO S,BIRU,CASH,0,28523874,28523874,"JAKARTA BARAT, Kota.",54,GD.SSM BEKASI
2026-08-01T00:00:00,26JD01053304,26JD01053304,AEROX ALPHA,BIRU,CASH,0,24250546,24250546,"JAKARTA BARAT, Kota.",4,GD.SSM BEKASI
2026-08-01T00:00:00,26JD01053401,26JD01053401,G ULTIMA HYBRID SMART,HITAM,CASH,0,19400000,19400000,"JAKARTA PUSAT, KOTA.",3,GD.SSM BEKASI
2026-08-01T00:00:00,26JD01053402,26JD01053402,G ULTIMA HYBRID SMART,HITAM,CASH,0,19400000,19400000,"JAKARTA PUSAT, KOTA.",19,SSM MOTOR
2026-08-01T00:00:00,26JD01053403,26JD01053403,G ULTIMA HYBRID SMART,HITAM,CASH,0,19400000,19400000,"JAKARTA PUSAT, KOTA.",9,GD.SSM BEKASI
2026-08-01T00:00:00,26JD01053404,26JD01053404,G ULTIMA HYBRID SMART,HITAM,CASH,0,19400000,19400000,"JAKARTA PUSAT, KOTA.",8,GD.SSM BEKASI
2026-08-01T00:00:00,26JD01053501,26JD01053501,G ULTIMA HYBRID SMART,HITAM,CASH,0,19400000,19400000,"JAKARTA PUSAT, KOTA.",9,GD.SSM BEKASI
2026-08-01T00:00:00,26JD01053502,26JD01053502,G ULTIMA HYBRID SMART,HITAM,CASH,0,19400000,19400000,"JAKARTA PUSAT, KOTA.",8,GD.SSM BEKASI
2026-08-01T00:00:00,26JD01053503,26JD01053503,G ULTIMA HYBRID SMART,HITAM,CASH,0,19400000,19400000,"JAKARTA PUSAT, KOTA.",8,GD.SSM BEKASI
2026-08-01T00:00:00,26JD01053504,26JD01053504,G ULTIMA HYBRID SMART,HITAM,CASH,0,19400000,19400000,"JAKARTA PUSAT, KOTA.",8,GD.SSM BEKASI
2026-08-01T00:00:00,26JD01053505,26JD01053505,G ULTIMA HYBRID SMART,HITAM,CASH,0,19400000,19400000,"JAKARTA PUSAT, KOTA.",8,GD.SSM BEKASI
2026-08-01T00:00:00,26JD01053506,26JD01053506,G ULTIMA HYBRID SMART,HITAM,CASH,0,19400000,19400000,"JAKARTA PUSAT, KOTA.",9,SSM MOTOR
2026-08-01T00:00:00,26JD01053507,26JD01053507,G ULTIMA HYBRID SMART,HITAM,CASH,0,19400000,19400000,"JAKARTA PUSAT, KOTA.",8,GD.SSM BEKASI
2026-08-01T00:00:00,26JD01053508,26JD01053508,G ULTIMA HYBRID SMART,HITAM,CASH,0,19400000,19400000,"JAKARTA PUSAT, KOTA.",8,GD.SSM BEKASI
2026-08-01T00:00:00,26JD01053509,26JD01053509,G ULTIMA HYBRID SMART,HITAM,CASH,0,19400000,19400000,"JAKARTA PUSAT, KOTA.",8,GD.SSM BEKASI
2026-08-01T00:00:00,26JD01053510,26JD01053510,G ULTIMA HYBRID SMART,HITAM,CASH,0,19400000,19400000,"JAKARTA PUSAT, KOTA.",8,GD.SSM BEKASI
2026-08-01T00:00:00,26JD01053511,26JD01053511,G ULTIMA HYBRID SMART,HITAM,CASH,0,19400000,19400000,"JAKARTA PUSAT, KOTA.",8,GD.SSM BEKASI
2026-08-01T00:00:00,26JD01053512,26JD01053512,G ULTIMA HYBRID SMART,HITAM,CASH,0,19400000,19400000,"JAKARTA PUSAT, KOTA.",19,GD.SSM BEKASI
2026-08-01T00:00:00,26JD01053513,26JD01053513,G ULTIMA HYBRID SMART,HITAM,CASH,0,19400000,19400000,"JAKARTA PUSAT, KOTA.",19,GD.SSM BEKASI
2026-08-01T00:00:00,26JD01053601,26JD01053601,MIO M3 CW,HITAM,CASH,0,15200000,15200000,"JAKARTA BARAT, Kota.",10,GD.SSM BEKASI
2026-08-01T00:00:00,26JD01053602,26JD01053602,MIO M3 CW,HITAM,CASH,0,15200000,15200000,"JAKARTA BARAT, Kota.",15,GD.SSM BEKASI
2026-08-01T00:00:00,26JD01053603,26JD01053603,MIO M3 CW,HITAM,CASH,0,15200000,15200000,"JAKARTA BARAT, Kota.",10,GD.SSM BEKASI
2026-08-01T00:00:00,26JD01053604,26JD01053604,MIO M3 CW,HITAM,CASH,0,15200000,15200000,"JAKARTA BARAT, Kota.",5,GD.SSM BEKASI
2026-08-01T00:00:00,26JD01053605,26JD01053605,MIO M3 CW,HITAM,CASH,0,15200000,15200000,"JAKARTA BARAT, Kota.",10,GD.SSM BEKASI
2026-08-01T00:00:00,26JD01053606,26JD01053606,MIO M3 CW,HITAM,CASH,0,15200000,15200000,"JAKARTA BARAT, Kota.",12,GD.SSM BEKASI
2026-08-01T00:00:00,26JD01053607,26JD01053607,MIO M3 CW,HITAM,CASH,0,15200000,15200000,"JAKARTA BARAT, Kota.",3,GD.SSM BEKASI
2026-08-01T00:00:00,26JD01053608,26JD01053608,MIO M3 CW,HITAM,CASH,0,15200000,15200000,"JAKARTA BARAT, Kota.",5,GD.SSM BEKASI
2026-08-01T00:00:00,26JD01053609,26JD01053609,MIO M3 CW,HITAM,CASH,0,15200000,15200000,"JAKARTA BARAT, Kota.",5,GD.SSM BEKASI
2026-08-01T00:00:00,26JD01053610,26JD01053610,MIO M3 CW,HITAM,CASH,0,15200000,15200000,"JAKARTA BARAT, Kota.",12,GD.SSM BEKASI
2026-08-01T00:00:00,26JD01053611,26JD01053611,MIO M3 CW,HITAM,CASH,0,15200000,15200000,"JAKARTA BARAT, Kota.",12,GD.SSM BEKASI
2026-08-01T00:00:00,26JD01053612,26JD01053612,MIO M3 CW,HITAM,CASH,0,15200000,15200000,"JAKARTA BARAT, Kota.",12,GD.SSM BEKASI
2026-08-01T00:00:00,26JD01053613,26JD01053613,MIO M3 CW,PERAK HIJAU,CASH,0,15200000,15200000,"JAKARTA BARAT, Kota.",5,GD.SSM BEKASI
2026-08-01T00:00:00,26JD01053614,26JD01053614,MIO M3 CW,PERAK HIJAU,CASH,0,15200000,15200000,"JAKARTA BARAT, Kota.",12,GD.SSM BEKASI
2026-08-01T00:00:00,26JD01053615,26JD01053615,MIO M3 CW,PERAK HIJAU,CASH,0,15200000,15200000,"JAKARTA BARAT, Kota.",15,GD.SSM BEKASI
2026-08-01T00:00:00,26JD01053616,26JD01053616,MIO M3 CW,PERAK HIJAU,CASH,0,15200000,15200000,"JAKARTA BARAT, Kota.",5,GD.SSM BEKASI
2026-08-01T00:00:00,26JD01053617,26JD01053617,MIO M3 CW,PERAK HIJAU,CASH,0,15200000,15200000,"JAKARTA BARAT, Kota.",5,GD.SSM BEKASI
2026-08-01T00:00:00,26JD01053618,26JD01053618,MIO M3 CW,PERAK HIJAU,CASH,0,15200000,15200000,"JAKARTA BARAT, Kota.",15,GD.SSM BEKASI
2026-08-01T00:00:00,26JD01053619,26JD01053619,MIO M3 CW,PERAK HIJAU,CASH,0,15200000,15200000,"JAKARTA BARAT, Kota.",53,GD.SSM BEKASI
2026-08-01T00:00:00,26JD01053620,26JD01053620,MIO M3 CW,PERAK HIJAU,CASH,0,15200000,15200000,"JAKARTA BARAT, Kota.",12,GD.SSM BEKASI
2026-08-01T00:00:00,26JD01053621,26JD01053621,MIO M3 CW,PERAK HIJAU,CASH,0,15200000,15200000,"JAKARTA BARAT, Kota.",5,GD.SSM BEKASI
2026-08-01T00:00:00,26JD01053622,26JD01053622,MIO M3 CW,PERAK HIJAU,CASH,0,15200000,15200000,"JAKARTA BARAT, Kota.",5,GD.SSM BEKASI
2026-08-01T00:00:00,26JD01053623,26JD01053623,MIO M3 CW,PERAK HIJAU,CASH,0,15200000,15200000,"JAKARTA BARAT, Kota.",4,GD.SSM BEKASI
2026-08-01T00:00:00,26JD01053624,26JD01053624,MIO M3 CW,PERAK HIJAU,CASH,0,15200000,15200000,"JAKARTA BARAT, Kota.",5,GD.SSM BEKASI
2026-08-01T00:00:00,26JD01053625,26JD01053625,MIO M3 CW,PUTIH,CASH,0,15200000,15200000,"JAKARTA BARAT, Kota.",12,GD.SSM BEKASI
2026-08-01T00:00:00,26JD01053626,26JD01053626,MIO M3 CW,PERAK HIJAU,CASH,0,15200000,15200000,"JAKARTA BARAT, Kota.",12,GD.SSM BEKASI
2026-08-02T00:00:00,26FJK0102937,26SO01293701,NMAX NEO S SPC LIVERY,HITAM,BAF BHL,23,6700000,36040000,"BEKASI, KOTA.",61,GD.SSM BEKASI
2026-08-02T00:00:00,26FJK0102938,26SO01293801,AEROX ALPHA -TURBO-,PERAK,BAF BHL,11,2800000,40380000,"BEKASI, KOTA.",45,GD.SSM BEKASI
2026-08-02T00:00:00,26FJK0102939,26SO01293901,FAZZIO HYBRID,KUNING,CASH,0,22645000,23095000,"BEKASI, KOTA.",4,GD.SSM BEKASI
2026-08-02T00:00:00,26FJK0102940,26SO01294001,NMAX NEO S,HITAM,CASH,0,35190000,35640000,"BEKASI, KAB.",3,GD.SSM BEKASI
2026-08-03T00:00:00,26FJK0102941,26SO01293401,FAZZIO HYBRID LUX,ABU-ABU TUA,ADR PCRN,30,700000,25095000,"JAKARTA TIMUR, KOTA.",3,GD.SSM BEKASI
2026-08-03T00:00:00,26FJK0102942,26SO01293501,NMAX NEO S,HITAM,BAF CMPK,11,2800000,35640000,"BEKASI, KOTA.",3,GD.SSM BEKASI
2026-08-03T00:00:00,26FJK0102943,26SO01293601,AEROX ALPHA,BIRU,BAF CMPK,30,0,30700000,JAKARTA,3,GD.SSM BEKASI
2026-08-03T00:00:00,26FJK0102944,26SO01294201,ALL NEW AEROX 155,MERAH,ADIRA DMGT,21,1300000,29380000,JAKARTA,33,SSM MOTOR
2026-08-03T00:00:00,26FJK0102945,26SO01294301,NMAX NEO S,PUTIH,BAF CIKUPA,30,400000,35665000,KABUPATEN TANGERANG,9,GD.SSM BEKASI
2026-08-03T00:00:00,26FJK0102946,26SO01294101,G ULTIMA HYBRID SMART,HITAM,CASH,0,22785000,23085000,"BEKASI, KOTA.",14,GD.SSM BEKASI
2026-08-03T00:00:00,26FJK0102947,26SO01294401,FAZZIO HYBRID LUX,HIJAU,ADIRA KLPG,32,2100000,25095000,JAKARTA,4,GD.SSM BEKASI
2026-08-03T00:00:00,26FJK0102948,26SO01294801,ALL NEW AEROX 155,HITAM,BAF CMPK,30,750000,29380000,JAKARTA,17,GD.SSM BEKASI
2026-08-03T00:00:00,26FJK0102949,26SO01294601,NMAX NEO S,HITAM,BAF JAKARTA  2,23,11000000,35640000,"BEKASI, KOTA.",4,GD.SSM BEKASI
2026-08-03T00:00:00,26FJK0102950,26SO01294701,FAZZIO HYBRID NEO,PUTIH,BAF TGR,32,250000,24405000,JAKARTA SELATAN,4,GD.SSM BEKASI
2026-08-03T00:00:00,26FJK0102951,26SO01294901,GRAND FILANO HYBRID NEO,ABU-ABU,ADIRA DMGT,30,100000,28665000,JAKARTA,3,GD.SSM BEKASI
2026-08-03T00:00:00,26FJK0102952,26SO01294501,GRAND FILANO HYBRID LUX,PERAK MUDA,BAF DPK,26,500000,29460000,"DEPOK, KOTA.",96,GD.SSM BEKASI
2026-08-03T00:00:00,26FJK0102953,26SO01289301,AEROX ALPHA CYBERCITY ABS,UNGU,ADIRA DMGT,30,500000,34790000,"JAKARTA BARAT, Kota.",3,SSM MOTOR
2026-08-03T00:00:00,26FJK0102954,26SO01295001,FAZZIO HYBRID NEO,PUTIH,BAF BHL,35,500000,24650000,BEKASI,4,GD.SSM BEKASI
2026-08-03T00:00:00,26FJK0102955,26SO01295101,FAZZIO STARRY NIGHT,PERAK MUDA,BAF BHL,35,600000,25505000,"BEKASI, KOTA.",11,SSM MOTOR
2026-08-03T00:00:00,26FJK0102956,26SO01295201,GRAND FILANO HYBRID LUX,HITAM,BAF CMPK,30,450000,29460000,BEKASI,45,GD.SSM BEKASI
2026-08-03T00:00:00,26FJK0102957,26SO01295401,GRAND FILANO HYBRID LUX,PERAK MUDA,BAF BHL,30,700000,29145000,JAKARTA,96,GD.SSM BEKASI
2026-08-03T00:00:00,26FJK0102958,26SO01295701,G ULTIMA HYBRID,PUTIH,BAF BHL,11,1100000,20240000,JAKARTA,18,SSM MOTOR
2026-08-03T00:00:00,26JD01053701,26JD01053701,XMAX C,HITAM,CASH,0,60500000,60500000,"TANGERANG, Kab.",5,GD.SSM BEKASI
2026-08-03T00:00:00,26JD01053702,26JD01053702,XMAX C,HITAM,CASH,0,60500000,60500000,"TANGERANG, Kab.",5,GD.SSM BEKASI
2026-08-03T00:00:00,26JD01053703,26JD01053703,XMAX C,HITAM,CASH,0,60500000,60500000,"TANGERANG, Kab.",4,GD.SSM BEKASI
2026-08-03T00:00:00,26JD01053801,26JD01053801,XMAX C,PERAK,CASH,0,60500000,60500000,"TANGERANG, Kab.",4,GD.SSM BEKASI
2026-08-03T00:00:00,26JD01053802,26JD01053802,XMAX C,PERAK,CASH,0,60500000,60500000,"TANGERANG, Kab.",4,GD.SSM BEKASI
2026-08-03T00:00:00,26JD01053901,26JD01053901,NMAX -TURBO-,ABU-ABU,CASH,0,32025633,32025633,"JAKARTA BARAT, Kota.",4,GD.SSM BEKASI
2026-08-03T00:00:00,26JD01053902,26JD01053902,AEROX ALPHA,HITAM,CASH,0,24250546,24250546,"JAKARTA BARAT, Kota.",3,GD.SSM BEKASI
2026-08-03T00:00:00,26JD01053903,26JD01053903,NMAX NEO S,BIRU,CASH,0,28523874,28523874,"JAKARTA BARAT, Kota.",11,GD.SSM BEKASI
2026-08-03T00:00:00,26JD01054001,26JD01054001,NMAX NEO,HITAM,CASH,0,27573985,27573985,"JAKARTA BARAT, Kota.",46,GD.SSM BEKASI
2026-08-04T00:00:00,26FJK0102959,26SO01296102,NMAX NEO,HITAM,ADR PCRN,30,700000,34565000,"JAKARTA BARAT, Kota.",26,GD.SSM BEKASI
2026-08-04T00:00:00,26FJK0102960,26SO01295601,NMAX NEO S,PUTIH,BAF BHL,30,100000,35555000,JAKARTA,4,SSM MOTOR
2026-08-04T00:00:00,26FJK0102961,26SO01296001,XMAX C,HITAM,CASH,0,60000000,60500000,"TANGERANG SELATAN, KOTA.",5,GD.SSM BEKASI
2026-08-04T00:00:00,26FJK0102962,26SO01296301,NMAX NEO,HITAM,BAF BHL,21,6700000,34640000,"BEKASI, KOTA.",6,SSM MOTOR
2026-08-04T00:00:00,26FJK0102963,26SO01288001,XMAX TECH MAX,ABU-ABU,CASH,0,78190000,77590000,"BEKASI, KOTA.",4,GD.SSM BEKASI
2026-08-04T00:00:00,26FJK0102964,26SO01295801,XMAX TECH MAX,ABU-ABU,CASH,0,78190000,77590000,TANGERANG,4,GD.SSM BEKASI
2026-08-04T00:00:00,26FJK0102967,26SO01296401,GRAND FILANO HYBRID NEO,UNGU MUDA,BAF JAKARTA  2,30,600000,28710000,"BEKASI, KOTA.",4,GD.SSM BEKASI
2026-08-04T00:00:00,26FJK0102968,26SO01296601,NMAX NEO S,MERAH,BAF CMPK,30,650000,35555000,JAKARTA,57,GD.SSM BEKASI
2026-08-04T00:00:00,26FJK0102969,26SO01246701,XMAX TECH MAX,ABU-ABU,CASH,0,76810000,77410000,JAKARTA UTARA,4,GD.SSM BEKASI
2026-08-04T00:00:00,26FJK0102970,26SO01296801,GRAND FILANO HYBRID LUX,HITAM,BAF BHL,26,2900000,29145000,JAKARTA,1,GD.SSM BEKASI
2026-08-04T00:00:00,26FJK0102971,26SO01296501,G ULTIMA HYBRID,HITAM,CASH,0,19990000,20240000,"JAKARTA PUSAT, KOTA.",15,GD.SSM BEKASI
2026-08-04T00:00:00,26FJK0102972,26SO01296901,GRAND FILANO HYBRID NEO,ABU-ABU,BAF BHL,30,0,28665000,"JAKARTA PUSAT, KOTA.",4,GD.SSM BEKASI
2026-08-04T00:00:00,26FJK0102973,26SO01297001,FAZZIO HYBRID NEO,UNGU MUDA,BAF DPK,30,300000,24650000,"DEPOK, KOTA.",1,GD.SSM BEKASI
2026-08-04T00:00:00,26FJK0102974,26SO01297201,GRAND FILANO HYBRID NEO,HIJAU,BAF BHL,32,0,28910000,"TANGERANG SELATAN, KOTA.",4,GD.SSM BEKASI
2026-08-04T00:00:00,26FJK0102975,26SO01297101,GRAND FILANO HYBRID NEO,PUTIH,BAF BHL,17,1500000,28665000,BEKASI,6,SSM MOTOR
2026-08-04T00:00:00,26FJK0102976,26SO01297301,G ULTIMA HYBRID,HITAM,BAF BHL,32,0,20240000,BEKASI,15,GD.SSM BEKASI
2026-08-04T00:00:00,26FJK0102977,26SO01297401,ALL NEW AEROX 155,HITAM,BAF BHL,30,2000000,29380000,JAKARTA,1,SSM MOTOR
2026-08-04T00:00:00,26FJK0102978,26SO01297501,G ULTIMA HYBRID,HITAM,BAF BHL,35,800000,20240000,JAKARTA BARAT,15,GD.SSM BEKASI
2026-08-04T00:00:00,26FJK0102979,26SO01297601,FAZZIO HYBRID NEO,UNGU MUDA,ADIRA CIPUTAT,32,500000,24825000,"TANGERANG SELATAN, KOTA.",1,GD.SSM BEKASI
2026-08-04T00:00:00,26JD01054101,26JD01054101,MIO M3 CW,HITAM,CASH,0,15550000,15550000,"JAKARTA PUSAT, KOTA.",1,SSM MOTOR
2026-08-04T00:00:00,26JD01054102,26JD01054102,MIO M3 CW,MERAH,CASH,0,15550000,15550000,"JAKARTA PUSAT, KOTA.",14,GD.SSM BEKASI
2026-08-04T00:00:00,26JD01054103,26JD01054103,MIO M3 CW,MERAH,CASH,0,15550000,15550000,"JAKARTA PUSAT, KOTA.",14,GD.SSM BEKASI
2026-08-04T00:00:00,26JD01054104,26JD01054104,MIO M3 CW,MERAH,CASH,0,15550000,15550000,"JAKARTA PUSAT, KOTA.",15,GD.SSM BEKASI
2026-08-04T00:00:00,26JD01054105,26JD01054105,MIO M3 CW,MERAH,CASH,0,15550000,15550000,"JAKARTA PUSAT, KOTA.",14,GD.SSM BEKASI
2026-08-04T00:00:00,26JD01054106,26JD01054106,MIO M3 CW,HITAM,CASH,0,15550000,15550000,"JAKARTA PUSAT, KOTA.",1,GD.SSM BEKASI
2026-08-04T00:00:00,26JD01054107,26JD01054107,MIO M3 CW,MERAH,CASH,0,15550000,15550000,"JAKARTA PUSAT, KOTA.",15,GD.SSM BEKASI
2026-08-04T00:00:00,26JD01054108,26JD01054108,MIO M3 CW,MERAH,CASH,0,15550000,15550000,"JAKARTA PUSAT, KOTA.",8,GD.SSM BEKASI
2026-08-04T00:00:00,26JD01054109,26JD01054109,MIO M3 CW,MERAH,CASH,0,15550000,15550000,"JAKARTA PUSAT, KOTA.",6,GD.SSM BEKASI
2026-08-04T00:00:00,26JD01054110,26JD01054110,MIO M3 CW,PERAK HIJAU,CASH,0,15550000,15550000,"JAKARTA PUSAT, KOTA.",8,GD.SSM BEKASI
2026-08-04T00:00:00,26JD01054111,26JD01054111,MIO M3 CW,PERAK HIJAU,CASH,0,15550000,15550000,"JAKARTA PUSAT, KOTA.",13,GD.SSM BEKASI
2026-08-04T00:00:00,26JD01054112,26JD01054112,MIO M3 CW,PERAK HIJAU,CASH,0,15550000,15550000,"JAKARTA PUSAT, KOTA.",15,GD.SSM BEKASI
2026-08-04T00:00:00,26JD01054113,26JD01054113,MIO M3 CW,PERAK HIJAU,CASH,0,15550000,15550000,"JAKARTA PUSAT, KOTA.",15,GD.SSM BEKASI
2026-08-04T00:00:00,26JD01054114,26JD01054114,MIO M3 CW,PUTIH,CASH,0,15550000,15550000,"JAKARTA PUSAT, KOTA.",4,SSM MOTOR
2026-08-04T00:00:00,26JD01054115,26JD01054115,MIO M3 CW,HITAM,CASH,0,15550000,15550000,"JAKARTA PUSAT, KOTA.",56,GD.SSM BEKASI
2026-08-04T00:00:00,26JD01054116,26JD01054116,MIO M3 CW,PERAK HIJAU,CASH,0,15550000,15550000,"JAKARTA PUSAT, KOTA.",57,GD.SSM BEKASI
2026-08-04T00:00:00,26JD01054117,26JD01054117,MIO M3 CW,PERAK HIJAU,CASH,0,15550000,15550000,"JAKARTA PUSAT, KOTA.",57,SSM MOTOR
2026-08-04T00:00:00,26JD01054118,26JD01054118,MIO M3 CW,HITAM,CASH,0,15550000,15550000,"JAKARTA PUSAT, KOTA.",56,GD.SSM BEKASI
2026-08-04T00:00:00,26JD01054119,26JD01054119,MIO M3 CW,PERAK HIJAU,CASH,0,15550000,15550000,"JAKARTA PUSAT, KOTA.",57,GD.SSM BEKASI
2026-08-04T00:00:00,26JD01054201,26JD01054201,MIO M3 CW,HITAM,CASH,0,15550000,15550000,"JAKARTA PUSAT, KOTA.",14,GD.SSM BEKASI
2026-08-04T00:00:00,26JD01054202,26JD01054202,MIO M3 CW,HITAM,CASH,0,15550000,15550000,"JAKARTA PUSAT, KOTA.",14,GD.SSM BEKASI
2026-08-04T00:00:00,26JD01054203,26JD01054203,MIO M3 CW,HITAM,CASH,0,15550000,15550000,"JAKARTA PUSAT, KOTA.",14,GD.SSM BEKASI
2026-08-04T00:00:00,26JD01054301,26JD01054301,MIO M3 CW,HITAM,CASH,0,15550000,15550000,"JAKARTA PUSAT, KOTA.",14,GD.SSM BEKASI
2026-08-04T00:00:00,26JD01054302,26JD01054302,MIO M3 CW,HITAM,CASH,0,15550000,15550000,"JAKARTA PUSAT, KOTA.",14,GD.SSM BEKASI
2026-08-04T00:00:00,26JD01054303,26JD01054303,MIO M3 CW,MERAH,CASH,0,15550000,15550000,"JAKARTA PUSAT, KOTA.",14,GD.SSM BEKASI
2026-08-04T00:00:00,26JD01054304,26JD01054304,MIO M3 CW,MERAH,CASH,0,15550000,15550000,"JAKARTA PUSAT, KOTA.",14,GD.SSM BEKASI
2026-08-05T00:00:00,26FJK0102980,26SO01297701,ALL NEW AEROX 155,HITAM,BAF BHL,30,500000,29380000,JAKARTA,7,GD.SSM BEKASI
2026-08-05T00:00:00,26FJK0102981,26SO01297801,FAZZIO STARRY NIGHT,PERAK MUDA,BAF BHL,30,100000,25250000,JAKARTA,128,GD.SSM BEKASI
2026-08-05T00:00:00,26FJK0102982,26SO01297901,ALL NEW AEROX 155,HITAM,BAF BHL,30,500000,29380000,JAKARTA,7,GD.SSM BEKASI
2026-08-05T00:00:00,26FJK0102983,26SO01298001,NMAX NEO S,BIRU,BAF JAKARTA  2,35,900000,35640000,"BEKASI, KOTA.",2,SSM MOTOR
2026-08-05T00:00:00,26FJK0102984,26SO01298101,GRAND FILANO HYBRID NEO,ABU-ABU,BAF BHL,26,1100000,28665000,"JAKARTA UTARA, KOTA.",5,GD.SSM BEKASI
2026-08-05T00:00:00,26FJK0102985,26SO01298201,LEXI LX 155 CONNECTED,HIJAU,BAF BHL,30,1100000,27850000,"JAKARTA TIMUR, KOTA.",7,GD.SSM BEKASI
2026-08-05T00:00:00,26FJK0102986,26SO01298501,NMAX NEO S,HITAM,BAF BHL,33,400000,35555000,JAKARTA,6,GD.SSM BEKASI
2026-08-05T00:00:00,26FJK0102987,26SO01298601,FAZZIO HYBRID,HITAM MERAH,ADIRA DMGT,30,0,22820000,JAKARTA,4,GD.SSM BEKASI
2026-08-05T00:00:00,26FJK0102988,26SO01298401,ALL NEW XSR 155,HITAM,ADIRA BKS,23,2100000,40520000,BEKASI,79,GD.SSM BEKASI
2026-08-05T00:00:00,26FJK0102989,26SO01299101,XMAX TECH MAX,ABU-ABU,CASH,0,78190000,77590000,"BEKASI, KAB.",5,GD.SSM BEKASI
2026-08-05T00:00:00,26FJK0102990,26SO01298801,NMAX NEO,HITAM,BAF BHL,30,1700000,34565000,JAKARTA,27,GD.SSM BEKASI
2026-08-05T00:00:00,26FJK0102991,26SO01299001,GEAR 125,BIRU,CASH,0,19710000,19710000,"BEKASI, KAB.",9,GD.SSM BEKASI
2026-08-05T00:00:00,26FJK0102992,26SO01299201,GRAND FILANO HYBRID NEO,UNGU MUDA,BAF BHL,32,3250000,28665000,BEKASI,6,GD.SSM BEKASI
2026-08-05T00:00:00,26FJK0102993,26SO01299401,XMAX SPC LIVERY,HITAM,CASH,0,71810000,71210000,BEKASI,12,GD.SSM BEKASI
2026-08-05T00:00:00,26FJK0102994,26SO01299301,FAZZIO HYBRID,ABU PINK,ADIRA DMGT,20,500000,22820000,JAKARTA,5,GD.SSM BEKASI
2026-08-05T00:00:00,26FJK0102995,26SO01299501,NMAX NEO S,BIRU,ADIRA BKS,30,800000,35640000,BEKASI,13,SSM MOTOR
2026-08-05T00:00:00,26FJK0102996,26SO01298901,WR 155 R,BIRU,BAF BHL,17,7600000,41555000,"BEKASI, KOTA.",1,GD.SSM BEKASI
2026-08-05T00:00:00,26FJK0102998,26SO01299801,G ULTIMA HYBRID S,ABU-ABU TUA,BAF CKR,23,2000000,21950000,"BEKASI, KAB.",173,GD.SSM BEKASI
2026-08-05T00:00:00,26FJK0103000,26SO01299901,AEROX ALPHA,HITAM,ADIRA,30,400000,30850000,SERANG,5,GD.SSM BEKASI
2026-08-05T00:00:00,26FJK0103001,26SO01300001,G ULTIMA HYBRID,HITAM,BAF BHL,35,0,20240000,JAKARTA,51,GD.SSM BEKASI
2026-08-05T00:00:00,26FJK0103002,26SO01300201,NMAX NEO S,HITAM,BAF BHL,23,1600000,35640000,JAKARTA,5,GD.SSM BEKASI
2026-08-05T00:00:00,26JD01054401,26JD01054401,FAZZIO HYBRID,ABU PINK,CASH,0,17489655,17489655,KOTA BEKASI,5,GD.SSM BEKASI
2026-08-05T00:00:00,26JD01054501,26JD01054501,MX KING 150,HITAM,CASH,0,27000000,27000000,"JAKARTA PUSAT, KOTA.",23,GD.SSM BEKASI
2026-08-05T00:00:00,26JD01054502,26JD01054502,MX KING 150,HITAM,CASH,0,27000000,27000000,"JAKARTA PUSAT, KOTA.",23,GD.SSM BEKASI
2026-08-05T00:00:00,26JD01054503,26JD01054503,MX KING 150,HITAM,CASH,0,27000000,27000000,"JAKARTA PUSAT, KOTA.",23,GD.SSM BEKASI
2026-08-05T00:00:00,26JD01054504,26JD01054504,MX KING 150,HITAM,CASH,0,27000000,27000000,"JAKARTA PUSAT, KOTA.",23,GD.SSM BEKASI
2026-08-05T00:00:00,26JD01054505,26JD01054505,MX KING 150,HITAM,CASH,0,27000000,27000000,"JAKARTA PUSAT, KOTA.",23,GD.SSM BEKASI
2026-08-05T00:00:00,26JD01054506,26JD01054506,MX KING 150,HITAM,CASH,0,27000000,27000000,"JAKARTA PUSAT, KOTA.",23,GD.SSM BEKASI
2026-08-05T00:00:00,26JD01054507,26JD01054507,MX KING 150,HITAM,CASH,0,27000000,27000000,"JAKARTA PUSAT, KOTA.",23,GD.SSM BEKASI
2026-08-05T00:00:00,26JD01054508,26JD01054508,MX KING 150,HITAM,CASH,0,27000000,27000000,"JAKARTA PUSAT, KOTA.",23,GD.SSM BEKASI
2026-08-05T00:00:00,26JD01054509,26JD01054509,MX KING 150,HITAM,CASH,0,27000000,27000000,"JAKARTA PUSAT, KOTA.",23,GD.SSM BEKASI
2026-08-05T00:00:00,26JD01054510,26JD01054510,MX KING 150,HITAM,CASH,0,27000000,27000000,"JAKARTA PUSAT, KOTA.",23,GD.SSM BEKASI
2026-08-05T00:00:00,26JD01054511,26JD01054511,MX KING 150,HITAM,CASH,0,27000000,27000000,"JAKARTA PUSAT, KOTA.",23,GD.SSM BEKASI
2026-08-05T00:00:00,26JD01054512,26JD01054512,MX KING 150,HITAM,CASH,0,27000000,27000000,"JAKARTA PUSAT, KOTA.",23,GD.SSM BEKASI
2026-08-05T00:00:00,26JD01054513,26JD01054513,MX KING 150,HITAM,CASH,0,27000000,27000000,"JAKARTA PUSAT, KOTA.",23,GD.SSM BEKASI
2026-08-05T00:00:00,26JD01054514,26JD01054514,MX KING 150,HITAM,CASH,0,27000000,27000000,"JAKARTA PUSAT, KOTA.",23,GD.SSM BEKASI
2026-08-05T00:00:00,26JD01054515,26JD01054515,MX KING 150,HITAM,CASH,0,27000000,27000000,"JAKARTA PUSAT, KOTA.",23,GD.SSM BEKASI
2026-08-05T00:00:00,26JD01054516,26JD01054516,MX KING 150,HITAM,CASH,0,27000000,27000000,"JAKARTA PUSAT, KOTA.",23,GD.SSM BEKASI
2026-08-05T00:00:00,26JD01054517,26JD01054517,MX KING 150,HITAM,CASH,0,27000000,27000000,"JAKARTA PUSAT, KOTA.",23,GD.SSM BEKASI
2026-08-05T00:00:00,26JD01054518,26JD01054518,MX KING 150,HITAM,CASH,0,27000000,27000000,"JAKARTA PUSAT, KOTA.",23,GD.SSM BEKASI
2026-08-05T00:00:00,26JD01054519,26JD01054519,MX KING 150,HITAM,CASH,0,27000000,27000000,"JAKARTA PUSAT, KOTA.",23,GD.SSM BEKASI
2026-08-05T00:00:00,26JD01054520,26JD01054520,MX KING 150,HITAM,CASH,0,27000000,27000000,"JAKARTA PUSAT, KOTA.",23,GD.SSM BEKASI
2026-08-05T00:00:00,26JD01054521,26JD01054521,MX KING 150,HITAM,CASH,0,27000000,27000000,"JAKARTA PUSAT, KOTA.",23,GD.SSM BEKASI
2026-08-05T00:00:00,26JD01054522,26JD01054522,MX KING 150,HITAM,CASH,0,27000000,27000000,"JAKARTA PUSAT, KOTA.",23,GD.SSM BEKASI
2026-08-05T00:00:00,26JD01054523,26JD01054523,MX KING 150,HITAM,CASH,0,27000000,27000000,"JAKARTA PUSAT, KOTA.",2,GD.SSM BEKASI
2026-08-05T00:00:00,26JD01054524,26JD01054524,MX KING 150,HITAM,CASH,0,27000000,27000000,"JAKARTA PUSAT, KOTA.",5,GD.SSM BEKASI
2026-08-05T00:00:00,26JD01054601,26JD01054601,MX KING 150,HITAM,CASH,0,27000000,27000000,"JAKARTA PUSAT, KOTA.",23,GD.SSM BEKASI
2026-08-05T00:00:00,26JD01054602,26JD01054602,MX KING 150,HITAM,CASH,0,27000000,27000000,"JAKARTA PUSAT, KOTA.",23,GD.SSM BEKASI
2026-08-05T00:00:00,26JD01054603,26JD01054603,MX KING 150,HITAM,CASH,0,27000000,27000000,"JAKARTA PUSAT, KOTA.",23,GD.SSM BEKASI
2026-08-05T00:00:00,26JD01054604,26JD01054604,MX KING 150,HITAM,CASH,0,27000000,27000000,"JAKARTA PUSAT, KOTA.",23,GD.SSM BEKASI
2026-08-05T00:00:00,26JD01054605,26JD01054605,MX KING 150,HITAM,CASH,0,27000000,27000000,"JAKARTA PUSAT, KOTA.",23,GD.SSM BEKASI
2026-08-05T00:00:00,26JD01054606,26JD01054606,MX KING 150,HITAM,CASH,0,27000000,27000000,"JAKARTA PUSAT, KOTA.",23,GD.SSM BEKASI
2026-08-05T00:00:00,26JD01054607,26JD01054607,MX KING 150,HITAM,CASH,0,27000000,27000000,"JAKARTA PUSAT, KOTA.",23,GD.SSM BEKASI
2026-08-05T00:00:00,26JD01054608,26JD01054608,MX KING 150,HITAM,CASH,0,27000000,27000000,"JAKARTA PUSAT, KOTA.",23,GD.SSM BEKASI
2026-08-05T00:00:00,26JD01054609,26JD01054609,MX KING 150,HITAM,CASH,0,27000000,27000000,"JAKARTA PUSAT, KOTA.",23,GD.SSM BEKASI
2026-08-05T00:00:00,26JD01054610,26JD01054610,MX KING 150,HITAM,CASH,0,27000000,27000000,"JAKARTA PUSAT, KOTA.",23,GD.SSM BEKASI
2026-08-05T00:00:00,26JD01054611,26JD01054611,MX KING 150,HITAM,CASH,0,27000000,27000000,"JAKARTA PUSAT, KOTA.",23,GD.SSM BEKASI
2026-08-05T00:00:00,26JD01054612,26JD01054612,MX KING 150,HITAM,CASH,0,27000000,27000000,"JAKARTA PUSAT, KOTA.",23,GD.SSM BEKASI
2026-08-05T00:00:00,26JD01054613,26JD01054613,MX KING 150,HITAM,CASH,0,27000000,27000000,"JAKARTA PUSAT, KOTA.",23,GD.SSM BEKASI
2026-08-05T00:00:00,26JD01054614,26JD01054614,MX KING 150,HITAM,CASH,0,27000000,27000000,"JAKARTA PUSAT, KOTA.",23,GD.SSM BEKASI
2026-08-05T00:00:00,26JD01054615,26JD01054615,MX KING 150,HITAM,CASH,0,27000000,27000000,"JAKARTA PUSAT, KOTA.",23,GD.SSM BEKASI
2026-08-05T00:00:00,26JD01054616,26JD01054616,MX KING 150,HITAM,CASH,0,27000000,27000000,"JAKARTA PUSAT, KOTA.",23,GD.SSM BEKASI
2026-08-05T00:00:00,26JD01054617,26JD01054617,MX KING 150,HITAM,CASH,0,27000000,27000000,"JAKARTA PUSAT, KOTA.",23,GD.SSM BEKASI
2026-08-05T00:00:00,26JD01054618,26JD01054618,MX KING 150,HITAM,CASH,0,27000000,27000000,"JAKARTA PUSAT, KOTA.",23,GD.SSM BEKASI
2026-08-05T00:00:00,26JD01054619,26JD01054619,MX KING 150,HITAM,CASH,0,27000000,27000000,"JAKARTA PUSAT, KOTA.",23,GD.SSM BEKASI
2026-08-05T00:00:00,26JD01054620,26JD01054620,MX KING 150,HITAM,CASH,0,27000000,27000000,"JAKARTA PUSAT, KOTA.",23,GD.SSM BEKASI
2026-08-05T00:00:00,26JD01054621,26JD01054621,MX KING 150,HITAM,CASH,0,27000000,27000000,"JAKARTA PUSAT, KOTA.",23,GD.SSM BEKASI
2026-08-05T00:00:00,26JD01054622,26JD01054622,MX KING 150,HITAM,CASH,0,27000000,27000000,"JAKARTA PUSAT, KOTA.",23,GD.SSM BEKASI
2026-08-05T00:00:00,26JD01054623,26JD01054623,MX KING 150,HITAM,CASH,0,27000000,27000000,"JAKARTA PUSAT, KOTA.",23,GD.SSM BEKASI
2026-08-05T00:00:00,26JD01054624,26JD01054624,MX KING 150,HITAM,CASH,0,27000000,27000000,"JAKARTA PUSAT, KOTA.",23,GD.SSM BEKASI
2026-08-05T00:00:00,26JD01054701,26JD01054701,AEROX ALPHA,HITAM,CASH,0,26000000,26000000,"JAKARTA PUSAT, KOTA.",24,GD.SSM BEKASI
2026-08-05T00:00:00,26JD01054702,26JD01054702,AEROX ALPHA,HITAM,CASH,0,26000000,26000000,"JAKARTA PUSAT, KOTA.",24,GD.SSM BEKASI
2026-08-05T00:00:00,26JD01054703,26JD01054703,AEROX ALPHA,HITAM,CASH,0,26000000,26000000,"JAKARTA PUSAT, KOTA.",24,GD.SSM BEKASI
2026-08-05T00:00:00,26JD01054704,26JD01054704,AEROX ALPHA,HITAM,CASH,0,26000000,26000000,"JAKARTA PUSAT, KOTA.",40,GD.SSM BEKASI
2026-08-05T00:00:00,26JD01054705,26JD01054705,AEROX ALPHA,HITAM,CASH,0,26000000,26000000,"JAKARTA PUSAT, KOTA.",24,GD.SSM BEKASI
2026-08-05T00:00:00,26JD01054706,26JD01054706,AEROX ALPHA,HITAM,CASH,0,26000000,26000000,"JAKARTA PUSAT, KOTA.",24,GD.SSM BEKASI
2026-08-05T00:00:00,26JD01054707,26JD01054707,AEROX ALPHA,HITAM,CASH,0,26000000,26000000,"JAKARTA PUSAT, KOTA.",24,GD.SSM BEKASI
2026-08-05T00:00:00,26JD01054708,26JD01054708,AEROX ALPHA,HITAM,CASH,0,26000000,26000000,"JAKARTA PUSAT, KOTA.",24,GD.SSM BEKASI
2026-08-05T00:00:00,26JD01054709,26JD01054709,AEROX ALPHA,HITAM,CASH,0,26000000,26000000,"JAKARTA PUSAT, KOTA.",24,GD.SSM BEKASI
2026-08-05T00:00:00,26JD01054710,26JD01054710,AEROX ALPHA,HITAM,CASH,0,26000000,26000000,"JAKARTA PUSAT, KOTA.",24,GD.SSM BEKASI
2026-08-05T00:00:00,26JD01054711,26JD01054711,AEROX ALPHA,HITAM,CASH,0,26000000,26000000,"JAKARTA PUSAT, KOTA.",24,GD.SSM BEKASI
2026-08-05T00:00:00,26JD01054712,26JD01054712,AEROX ALPHA,MERAH,CASH,0,26000000,26000000,"JAKARTA PUSAT, KOTA.",24,GD.SSM BEKASI
2026-08-05T00:00:00,26JD01054713,26JD01054713,AEROX ALPHA,MERAH,CASH,0,26000000,26000000,"JAKARTA PUSAT, KOTA.",24,GD.SSM BEKASI
2026-08-05T00:00:00,26JD01054714,26JD01054714,AEROX ALPHA,MERAH,CASH,0,26000000,26000000,"JAKARTA PUSAT, KOTA.",24,GD.SSM BEKASI
2026-08-05T00:00:00,26JD01054715,26JD01054715,AEROX ALPHA,MERAH,CASH,0,26000000,26000000,"JAKARTA PUSAT, KOTA.",24,GD.SSM BEKASI
2026-08-05T00:00:00,26JD01054716,26JD01054716,AEROX ALPHA,MERAH,CASH,0,26000000,26000000,"JAKARTA PUSAT, KOTA.",24,GD.SSM BEKASI
2026-08-05T00:00:00,26JD01054717,26JD01054717,AEROX ALPHA,HITAM,CASH,0,26000000,26000000,"JAKARTA PUSAT, KOTA.",24,GD.SSM BEKASI
2026-08-05T00:00:00,26JD01054718,26JD01054718,AEROX ALPHA,HITAM,CASH,0,26000000,26000000,"JAKARTA PUSAT, KOTA.",24,GD.SSM BEKASI
2026-08-05T00:00:00,26JD01054801,26JD01054801,MX KING 150,HITAM,CASH,0,27000000,27000000,"JAKARTA PUSAT, KOTA.",23,GD.SSM BEKASI
2026-08-05T00:00:00,26JD01054802,26JD01054802,MX KING 150,HITAM,CASH,0,27000000,27000000,"JAKARTA PUSAT, KOTA.",23,GD.SSM BEKASI
2026-08-05T00:00:00,26JD01054803,26JD01054803,MX KING 150,HITAM,CASH,0,27000000,27000000,"JAKARTA PUSAT, KOTA.",23,GD.SSM BEKASI
2026-08-05T00:00:00,26JD01054804,26JD01054804,MX KING 150,HITAM,CASH,0,27000000,27000000,"JAKARTA PUSAT, KOTA.",23,GD.SSM BEKASI
2026-08-05T00:00:00,26JD01054805,26JD01054805,MX KING 150,HITAM,CASH,0,27000000,27000000,"JAKARTA PUSAT, KOTA.",23,GD.SSM BEKASI
2026-08-05T00:00:00,26JD01054806,26JD01054806,MX KING 150,HITAM,CASH,0,27000000,27000000,"JAKARTA PUSAT, KOTA.",23,GD.SSM BEKASI
2026-08-05T00:00:00,26JD01054807,26JD01054807,MX KING 150,HITAM,CASH,0,27000000,27000000,"JAKARTA PUSAT, KOTA.",23,GD.SSM BEKASI
2026-08-05T00:00:00,26JD01054808,26JD01054808,MX KING 150,HITAM,CASH,0,27000000,27000000,"JAKARTA PUSAT, KOTA.",23,GD.SSM BEKASI
2026-08-05T00:00:00,26JD01054809,26JD01054809,MX KING 150,HITAM,CASH,0,27000000,27000000,"JAKARTA PUSAT, KOTA.",23,GD.SSM BEKASI
2026-08-05T00:00:00,26JD01054810,26JD01054810,MX KING 150,HITAM,CASH,0,27000000,27000000,"JAKARTA PUSAT, KOTA.",23,GD.SSM BEKASI
2026-08-05T00:00:00,26JD01054811,26JD01054811,MX KING 150,HITAM,CASH,0,27000000,27000000,"JAKARTA PUSAT, KOTA.",23,GD.SSM BEKASI
2026-08-05T00:00:00,26JD01054812,26JD01054812,MX KING 150,HITAM,CASH,0,27000000,27000000,"JAKARTA PUSAT, KOTA.",23,GD.SSM BEKASI
2026-08-05T00:00:00,26JD01054813,26JD01054813,MX KING 150,HITAM,CASH,0,27000000,27000000,"JAKARTA PUSAT, KOTA.",23,GD.SSM BEKASI
2026-08-05T00:00:00,26JD01054814,26JD01054814,MX KING 150,HITAM,CASH,0,27000000,27000000,"JAKARTA PUSAT, KOTA.",23,GD.SSM BEKASI
2026-08-05T00:00:00,26JD01054815,26JD01054815,MX KING 150,HITAM,CASH,0,27000000,27000000,"JAKARTA PUSAT, KOTA.",23,GD.SSM BEKASI
2026-08-05T00:00:00,26JD01054816,26JD01054816,MX KING 150,HITAM,CASH,0,27000000,27000000,"JAKARTA PUSAT, KOTA.",23,GD.SSM BEKASI
2026-08-05T00:00:00,26JD01054817,26JD01054817,MX KING 150,HITAM,CASH,0,27000000,27000000,"JAKARTA PUSAT, KOTA.",23,GD.SSM BEKASI
2026-08-05T00:00:00,26JD01054818,26JD01054818,MX KING 150,HITAM,CASH,0,27000000,27000000,"JAKARTA PUSAT, KOTA.",23,GD.SSM BEKASI
2026-08-05T00:00:00,26JD01054819,26JD01054819,MX KING 150,HITAM,CASH,0,27000000,27000000,"JAKARTA PUSAT, KOTA.",23,GD.SSM BEKASI
2026-08-05T00:00:00,26JD01054820,26JD01054820,MX KING 150,HITAM,CASH,0,27000000,27000000,"JAKARTA PUSAT, KOTA.",23,GD.SSM BEKASI
2026-08-05T00:00:00,26JD01054821,26JD01054821,MX KING 150,PERAK,CASH,0,27000000,27000000,"JAKARTA PUSAT, KOTA.",23,GD.SSM BEKASI
2026-08-05T00:00:00,26JD01054901,26JD01054901,MIO M3 CW,PERAK HIJAU,CASH,0,15600000,15600000,"JAKARTA SELATAN, KOTA.",24,GD.SSM BEKASI
2026-08-05T00:00:00,26JD01054902,26JD01054902,MIO M3 CW,PERAK HIJAU,CASH,0,15600000,15600000,"JAKARTA SELATAN, KOTA.",24,GD.SSM BEKASI
2026-08-05T00:00:00,26JD01054903,26JD01054903,MIO M3 CW,PERAK HIJAU,CASH,0,15600000,15600000,"JAKARTA SELATAN, KOTA.",24,GD.SSM BEKASI
2026-08-05T00:00:00,26JD01054904,26JD01054904,MIO M3 CW,PERAK HIJAU,CASH,0,15600000,15600000,"JAKARTA SELATAN, KOTA.",24,GD.SSM BEKASI
2026-08-05T00:00:00,26JD01054905,26JD01054905,MIO M3 CW,PERAK HIJAU,CASH,0,15600000,15600000,"JAKARTA SELATAN, KOTA.",24,GD.SSM BEKASI
2026-08-05T00:00:00,26JD01054906,26JD01054906,MIO M3 CW,PERAK HIJAU,CASH,0,15600000,15600000,"JAKARTA SELATAN, KOTA.",24,GD.SSM BEKASI
2026-08-05T00:00:00,26JD01054907,26JD01054907,MIO M3 CW,PERAK HIJAU,CASH,0,15600000,15600000,"JAKARTA SELATAN, KOTA.",24,GD.SSM BEKASI
2026-08-05T00:00:00,26JD01054908,26JD01054908,MIO M3 CW,PERAK HIJAU,CASH,0,15600000,15600000,"JAKARTA SELATAN, KOTA.",24,GD.SSM BEKASI
2026-08-05T00:00:00,26JD01054909,26JD01054909,MIO M3 CW,HITAM,CASH,0,15600000,15600000,"JAKARTA SELATAN, KOTA.",24,GD.SSM BEKASI
2026-08-05T00:00:00,26JD01054910,26JD01054910,MIO M3 CW,HITAM,CASH,0,15600000,15600000,"JAKARTA SELATAN, KOTA.",24,GD.SSM BEKASI
2026-08-05T00:00:00,26JD01054911,26JD01054911,MIO M3 CW,HITAM,CASH,0,15600000,15600000,"JAKARTA SELATAN, KOTA.",24,GD.SSM BEKASI
2026-08-05T00:00:00,26JD01054912,26JD01054912,MIO M3 CW,HITAM,CASH,0,15600000,15600000,"JAKARTA SELATAN, KOTA.",24,GD.SSM BEKASI
2026-08-05T00:00:00,26JD01054913,26JD01054913,MIO M3 CW,HITAM,CASH,0,15600000,15600000,"JAKARTA SELATAN, KOTA.",24,GD.SSM BEKASI
2026-08-05T00:00:00,26JD01054914,26JD01054914,MIO M3 CW,HITAM,CASH,0,15600000,15600000,"JAKARTA SELATAN, KOTA.",24,GD.SSM BEKASI
2026-08-05T00:00:00,26JD01054915,26JD01054915,MIO M3 CW,HITAM,CASH,0,15600000,15600000,"JAKARTA SELATAN, KOTA.",24,GD.SSM BEKASI
2026-08-05T00:00:00,26JD01054916,26JD01054916,MIO M3 CW,MERAH,CASH,0,15600000,15600000,"JAKARTA SELATAN, KOTA.",24,GD.SSM BEKASI
2026-08-05T00:00:00,26JD01054917,26JD01054917,MIO M3 CW,MERAH,CASH,0,15600000,15600000,"JAKARTA SELATAN, KOTA.",24,GD.SSM BEKASI
2026-08-05T00:00:00,26JD01054918,26JD01054918,MIO M3 CW,MERAH,CASH,0,15600000,15600000,"JAKARTA SELATAN, KOTA.",24,GD.SSM BEKASI
2026-08-05T00:00:00,26JD01054919,26JD01054919,MIO M3 CW,MERAH,CASH,0,15600000,15600000,"JAKARTA SELATAN, KOTA.",24,GD.SSM BEKASI
2026-08-05T00:00:00,26JD01054920,26JD01054920,MIO M3 CW,MERAH,CASH,0,15600000,15600000,"JAKARTA SELATAN, KOTA.",24,GD.SSM BEKASI
2026-08-05T00:00:00,26JD01055001,26JD01055001,MIO M3 CW,MERAH,CASH,0,15600000,15600000,"JAKARTA SELATAN, KOTA.",24,GD.SSM BEKASI
2026-08-05T00:00:00,26JD01055002,26JD01055002,MIO M3 CW,MERAH,CASH,0,15600000,15600000,"JAKARTA SELATAN, KOTA.",24,GD.SSM BEKASI
2026-08-05T00:00:00,26JD01055003,26JD01055003,MIO M3 CW,MERAH,CASH,0,15600000,15600000,"JAKARTA SELATAN, KOTA.",24,GD.SSM BEKASI
2026-08-05T00:00:00,26JD01055004,26JD01055004,MIO M3 CW,MERAH,CASH,0,15600000,15600000,"JAKARTA SELATAN, KOTA.",24,GD.SSM BEKASI
2026-08-05T00:00:00,26JD01055005,26JD01055005,MIO M3 CW,MERAH,CASH,0,15600000,15600000,"JAKARTA SELATAN, KOTA.",24,GD.SSM BEKASI
2026-08-05T00:00:00,26JD01055006,26JD01055006,MIO M3 CW,MERAH,CASH,0,15600000,15600000,"JAKARTA SELATAN, KOTA.",24,GD.SSM BEKASI
2026-08-05T00:00:00,26JD01055007,26JD01055007,MIO M3 CW,MERAH,CASH,0,15600000,15600000,"JAKARTA SELATAN, KOTA.",24,GD.SSM BEKASI
2026-08-05T00:00:00,26JD01055008,26JD01055008,MIO M3 CW,PERAK HIJAU,CASH,0,15600000,15600000,"JAKARTA SELATAN, KOTA.",24,GD.SSM BEKASI
2026-08-05T00:00:00,26JD01055009,26JD01055009,MIO M3 CW,PERAK HIJAU,CASH,0,15600000,15600000,"JAKARTA SELATAN, KOTA.",24,GD.SSM BEKASI
2026-08-05T00:00:00,26JD01055010,26JD01055010,MIO M3 CW,PERAK HIJAU,CASH,0,15600000,15600000,"JAKARTA SELATAN, KOTA.",24,GD.SSM BEKASI
2026-08-05T00:00:00,26JD01055011,26JD01055011,MIO M3 CW,PERAK HIJAU,CASH,0,15600000,15600000,"JAKARTA SELATAN, KOTA.",24,GD.SSM BEKASI
2026-08-05T00:00:00,26JD01055012,26JD01055012,MIO M3 CW,PERAK HIJAU,CASH,0,15600000,15600000,"JAKARTA SELATAN, KOTA.",24,GD.SSM BEKASI
2026-08-05T00:00:00,26JD01055013,26JD01055013,MIO M3 CW,MERAH,CASH,0,15600000,15600000,"JAKARTA SELATAN, KOTA.",24,GD.SSM BEKASI
2026-08-05T00:00:00,26JD01055014,26JD01055014,MIO M3 CW,MERAH,CASH,0,15600000,15600000,"JAKARTA SELATAN, KOTA.",24,GD.SSM BEKASI
2026-08-05T00:00:00,26JD01055015,26JD01055015,MIO M3 CW,MERAH,CASH,0,15600000,15600000,"JAKARTA SELATAN, KOTA.",24,GD.SSM BEKASI
2026-08-05T00:00:00,26JD01055016,26JD01055016,MIO M3 CW,PERAK HIJAU,CASH,0,15600000,15600000,"JAKARTA SELATAN, KOTA.",24,GD.SSM BEKASI
2026-08-05T00:00:00,26JD01055017,26JD01055017,MIO M3 CW,PERAK HIJAU,CASH,0,15600000,15600000,"JAKARTA SELATAN, KOTA.",24,GD.SSM BEKASI
2026-08-05T00:00:00,26JD01055018,26JD01055018,MIO M3 CW,MERAH,CASH,0,15600000,15600000,"JAKARTA SELATAN, KOTA.",24,GD.SSM BEKASI
2026-08-05T00:00:00,26JD01055019,26JD01055019,MIO M3 CW,PERAK HIJAU,CASH,0,15600000,15600000,"JAKARTA SELATAN, KOTA.",24,GD.SSM BEKASI
2026-08-05T00:00:00,26JD01055201,26JD01055201,GRAND FILANO HYBRID LUX,HITAM,CASH,0,23522889,23522889,"BEKASI, KOTA.",2,GD.SSM BEKASI
2026-08-05T00:00:00,26JD01055301,26JD01055301,MX KING 150,HITAM,CASH,0,27000000,27000000,"JAKARTA TIMUR, KOTA.",23,GD.SSM BEKASI
2026-08-05T00:00:00,26JD01055302,26JD01055302,MX KING 150,HITAM,CASH,0,27000000,27000000,"JAKARTA TIMUR, KOTA.",23,GD.SSM BEKASI
2026-08-05T00:00:00,26JD01055303,26JD01055303,MX KING 150,HITAM,CASH,0,27000000,27000000,"JAKARTA TIMUR, KOTA.",23,GD.SSM BEKASI
2026-08-05T00:00:00,26JD01055304,26JD01055304,MX KING 150,HITAM,CASH,0,27000000,27000000,"JAKARTA TIMUR, KOTA.",23,GD.SSM BEKASI
2026-08-05T00:00:00,26JD01055305,26JD01055305,MX KING 150,HITAM,CASH,0,27000000,27000000,"JAKARTA TIMUR, KOTA.",23,GD.SSM BEKASI
2026-08-05T00:00:00,26JD01055306,26JD01055306,MX KING 150,HITAM,CASH,0,27000000,27000000,"JAKARTA TIMUR, KOTA.",23,GD.SSM BEKASI
2026-08-05T00:00:00,26JD01055307,26JD01055307,MX KING 150,HITAM,CASH,0,27000000,27000000,"JAKARTA TIMUR, KOTA.",23,GD.SSM BEKASI
2026-08-05T00:00:00,26JD01055308,26JD01055308,MX KING 150,HITAM,CASH,0,27000000,27000000,"JAKARTA TIMUR, KOTA.",23,GD.SSM BEKASI
2026-08-05T00:00:00,26JD01055309,26JD01055309,MX KING 150,HITAM,CASH,0,27000000,27000000,"JAKARTA TIMUR, KOTA.",23,GD.SSM BEKASI
2026-08-05T00:00:00,26JD01055401,26JD01055401,AEROX ALPHA,BIRU,CASH,0,26000000,26000000,"JAKARTA PUSAT, KOTA.",14,GD.SSM BEKASI
2026-08-05T00:00:00,26JD01055402,26JD01055402,AEROX ALPHA,BIRU,CASH,0,26000000,26000000,"JAKARTA PUSAT, KOTA.",5,GD.SSM BEKASI
2026-08-05T00:00:00,26JD01055403,26JD01055403,AEROX ALPHA,BIRU,CASH,0,26000000,26000000,"JAKARTA PUSAT, KOTA.",5,GD.SSM BEKASI
2026-08-05T00:00:00,26JD01055404,26JD01055404,AEROX ALPHA,BIRU,CASH,0,26000000,26000000,"JAKARTA PUSAT, KOTA.",23,GD.SSM BEKASI
2026-08-05T00:00:00,26JD01055405,26JD01055405,AEROX ALPHA,BIRU,CASH,0,26000000,26000000,"JAKARTA PUSAT, KOTA.",5,GD.SSM BEKASI
2026-08-05T00:00:00,26JD01055406,26JD01055406,AEROX ALPHA,MERAH,CASH,0,26000000,26000000,"JAKARTA PUSAT, KOTA.",16,GD.SSM BEKASI
2026-08-05T00:00:00,26JD01055407,26JD01055407,AEROX ALPHA,MERAH,CASH,0,26000000,26000000,"JAKARTA PUSAT, KOTA.",16,GD.SSM BEKASI
2026-08-05T00:00:00,26JD01055408,26JD01055408,AEROX ALPHA,MERAH,CASH,0,26000000,26000000,"JAKARTA PUSAT, KOTA.",16,GD.SSM BEKASI
2026-08-05T00:00:00,26JD01055409,26JD01055409,AEROX ALPHA,MERAH,CASH,0,26000000,26000000,"JAKARTA PUSAT, KOTA.",16,GD.SSM BEKASI
2026-08-05T00:00:00,26JD01055410,26JD01055410,AEROX ALPHA,HITAM,CASH,0,26000000,26000000,"JAKARTA PUSAT, KOTA.",14,GD.SSM BEKASI
2026-08-05T00:00:00,26JD01055411,26JD01055411,AEROX ALPHA,HITAM,CASH,0,26000000,26000000,"JAKARTA PUSAT, KOTA.",5,GD.SSM BEKASI
2026-08-05T00:00:00,26JD01055412,26JD01055412,AEROX ALPHA,HITAM,CASH,0,26000000,26000000,"JAKARTA PUSAT, KOTA.",5,GD.SSM BEKASI
2026-08-05T00:00:00,26JD01055413,26JD01055413,AEROX ALPHA,HITAM,CASH,0,26000000,26000000,"JAKARTA PUSAT, KOTA.",5,GD.SSM BEKASI
2026-08-05T00:00:00,26JD01055414,26JD01055414,AEROX ALPHA,MERAH,CASH,0,26000000,26000000,"JAKARTA PUSAT, KOTA.",11,GD.SSM BEKASI
2026-08-05T00:00:00,26JD01055415,26JD01055415,AEROX ALPHA,MERAH,CASH,0,26000000,26000000,"JAKARTA PUSAT, KOTA.",16,GD.SSM BEKASI
2026-08-05T00:00:00,26JD01055416,26JD01055416,AEROX ALPHA,BIRU,CASH,0,26000000,26000000,"JAKARTA PUSAT, KOTA.",23,GD.SSM BEKASI
2026-08-05T00:00:00,26JD01055417,26JD01055417,MX KING 150,HITAM,CASH,0,27000000,27000000,"JAKARTA PUSAT, KOTA.",23,GD.SSM BEKASI
2026-08-05T00:00:00,26JD01055418,26JD01055418,MX KING 150,PERAK,CASH,0,27000000,27000000,"JAKARTA PUSAT, KOTA.",23,GD.SSM BEKASI
2026-08-05T00:00:00,26JD01055419,26JD01055419,MX KING 150,PERAK,CASH,0,27000000,27000000,"JAKARTA PUSAT, KOTA.",23,GD.SSM BEKASI
2026-08-05T00:00:00,26JD01055420,26JD01055420,MX KING 150,HITAM,CASH,0,27000000,27000000,"JAKARTA PUSAT, KOTA.",5,GD.SSM BEKASI
2026-08-05T00:00:00,26JD01055421,26JD01055421,MX KING 150,HITAM,CASH,0,27000000,27000000,"JAKARTA PUSAT, KOTA.",5,GD.SSM BEKASI
2026-08-05T00:00:00,26JD01055422,26JD01055422,MX KING 150,HITAM,CASH,0,27000000,27000000,"JAKARTA PUSAT, KOTA.",5,GD.SSM BEKASI
2026-08-05T00:00:00,26JD01055501,26JD01055501,G ULTIMA HYBRID,PUTIH,CASH,0,17200000,17200000,"JAKARTA TIMUR, KOTA.",72,GD.SSM BEKASI
2026-08-05T00:00:00,26JD01055502,26JD01055502,G ULTIMA HYBRID,PUTIH,CASH,0,17200000,17200000,"JAKARTA TIMUR, KOTA.",72,SSM MOTOR
2026-08-05T00:00:00,26JD01055503,26JD01055503,G ULTIMA HYBRID,PUTIH,CASH,0,17200000,17200000,"JAKARTA TIMUR, KOTA.",72,GD.SSM BEKASI
2026-08-05T00:00:00,26JD01055504,26JD01055504,G ULTIMA HYBRID,PUTIH,CASH,0,17200000,17200000,"JAKARTA TIMUR, KOTA.",79,SSM MOTOR
2026-08-05T00:00:00,26JD01055505,26JD01055505,G ULTIMA HYBRID,PUTIH,CASH,0,17200000,17200000,"JAKARTA TIMUR, KOTA.",72,SSM MOTOR
2026-08-05T00:00:00,26JD01055506,26JD01055506,G ULTIMA HYBRID,PUTIH,CASH,0,17200000,17200000,"JAKARTA TIMUR, KOTA.",72,SSM MOTOR
2026-08-05T00:00:00,26JD01055507,26JD01055507,G ULTIMA HYBRID,HITAM,CASH,0,17200000,17200000,"JAKARTA TIMUR, KOTA.",16,GD.SSM BEKASI
2026-08-05T00:00:00,26JD01055508,26JD01055508,G ULTIMA HYBRID,PUTIH,CASH,0,17200000,17200000,"JAKARTA TIMUR, KOTA.",72,GD.SSM BEKASI
2026-08-05T00:00:00,26JD01055509,26JD01055509,G ULTIMA HYBRID,PUTIH,CASH,0,17200000,17200000,"JAKARTA TIMUR, KOTA.",12,GD.SSM BEKASI
2026-08-05T00:00:00,26JD01055510,26JD01055510,G ULTIMA HYBRID,PUTIH,CASH,0,17200000,17200000,"JAKARTA TIMUR, KOTA.",27,SSM MOTOR
2026-08-05T00:00:00,26JD01055511,26JD01055511,G ULTIMA HYBRID,PUTIH,CASH,0,17200000,17200000,"JAKARTA TIMUR, KOTA.",89,GD.SSM BEKASI
2026-08-05T00:00:00,26JD01055512,26JD01055512,G ULTIMA HYBRID,PUTIH,CASH,0,17200000,17200000,"JAKARTA TIMUR, KOTA.",90,GD.SSM BEKASI
2026-08-05T00:00:00,26JD01055513,26JD01055513,G ULTIMA HYBRID,PUTIH,CASH,0,17200000,17200000,"JAKARTA TIMUR, KOTA.",91,GD.SSM BEKASI
2026-08-05T00:00:00,26JD01055514,26JD01055514,G ULTIMA HYBRID,PUTIH,CASH,0,17200000,17200000,"JAKARTA TIMUR, KOTA.",48,GD.SSM BEKASI
2026-08-05T00:00:00,26JD01055515,26JD01055515,G ULTIMA HYBRID,PUTIH,CASH,0,17200000,17200000,"JAKARTA TIMUR, KOTA.",48,GD.SSM BEKASI
2026-08-05T00:00:00,26JD01055516,26JD01055516,G ULTIMA HYBRID,PUTIH,CASH,0,17200000,17200000,"JAKARTA TIMUR, KOTA.",35,SSM MOTOR
2026-08-05T00:00:00,26JD01055517,26JD01055517,G ULTIMA HYBRID,PUTIH,CASH,0,17200000,17200000,"JAKARTA TIMUR, KOTA.",86,SSM MOTOR
2026-08-05T00:00:00,26JD01055518,26JD01055518,G ULTIMA HYBRID,PUTIH,CASH,0,17200000,17200000,"JAKARTA TIMUR, KOTA.",92,SSM MOTOR
2026-08-05T00:00:00,26JD01055519,26JD01055519,G ULTIMA HYBRID,PUTIH,CASH,0,17200000,17200000,"JAKARTA TIMUR, KOTA.",89,GD.SSM BEKASI
2026-08-05T00:00:00,26JD01055520,26JD01055520,G ULTIMA HYBRID,HITAM,CASH,0,17200000,17200000,"JAKARTA TIMUR, KOTA.",16,GD.SSM BEKASI
2026-08-05T00:00:00,26JD01055521,26JD01055521,G ULTIMA HYBRID,PUTIH,CASH,0,17200000,17200000,"JAKARTA TIMUR, KOTA.",125,GD.SSM BEKASI
2026-08-05T00:00:00,26JD01055522,26JD01055522,G ULTIMA HYBRID,HITAM,CASH,0,17200000,17200000,"JAKARTA TIMUR, KOTA.",72,GD.SSM BEKASI
2026-08-05T00:00:00,26JD01055523,26JD01055523,G ULTIMA HYBRID,HITAM,CASH,0,17200000,17200000,"JAKARTA TIMUR, KOTA.",16,GD.SSM BEKASI
2026-08-05T00:00:00,26JD01055524,26JD01055524,G ULTIMA HYBRID,PUTIH,CASH,0,17200000,17200000,"JAKARTA TIMUR, KOTA.",1,GD.SSM BEKASI
2026-08-06T00:00:00,26FJK0103003,26SO01300301,NMAX NEO S,BIRU,BAF TGR,30,0,35665000,"TANGERANG, Kab.",15,GD.SSM BEKASI
2026-08-06T00:00:00,26FJK0103004,26SO01300401,NMAX -TURBO-,HITAM,CASH,0,28000000,33866000,"BEKASI, KOTA.",729,GD.SSM BEKASI
2026-08-06T00:00:00,26FJK0103005,26SO01300501,AEROX ALPHA,HITAM,BAF JAKARTA  2,35,1000000,30820000,"BEKASI, KAB.",1,GD.SSM BEKASI
2026-08-06T00:00:00,26FJK0103006,26SO01300601,GRAND FILANO HYBRID NEO,PUTIH,ADIRA CKRG,32,0,28710000,KAB BEKASI,8,SSM MOTOR
2026-08-06T00:00:00,26FJK0103007,26SO01300402,NMAX -TURBO-,PERAK,CASH,0,28000000,33866000,"BEKASI, KOTA.",735,GD.SSM BEKASI
2026-08-06T00:00:00,26FJK0103008,26SO01300403,NMAX -TURBO-,PERAK,CASH,0,28000000,33866000,"BEKASI, KOTA.",735,GD.SSM BEKASI
2026-08-06T00:00:00,26FJK0103010,26SO01300901,WR 155 R,HITAM,CASH,0,35015000,35515000,"TANGERANG SELATAN, KOTA.",7,GD.SSM BEKASI
2026-08-06T00:00:00,26FJK0103011,26SO01300902,WR 155 R,HITAM,CASH,0,35015000,35515000,"TANGERANG SELATAN, KOTA.",6,GD.SSM BEKASI
2026-08-06T00:00:00,26FJK0103012,26SO01300903,WR 155 R,HITAM,CASH,0,35015000,35515000,"TANGERANG SELATAN, KOTA.",6,GD.SSM BEKASI
2026-08-06T00:00:00,26FJK0103013,26SO01301001,AEROX ALPHA CYBERCITY ABS,PUTIH,BAF BHL,30,800000,34940000,"TANGERANG, Kab.",3,SSM MOTOR
2026-08-06T00:00:00,26FJK0103014,26SO01301101,AEROX ALPHA CYBERCITY,BIRU,ADIRA DEPOK,30,500000,31250000,"JAKARTA SELATAN, KOTA.",14,SSM MOTOR
2026-08-06T00:00:00,26FJK0103015,26SO01301901,NMAX NEO,HITAM,BAF JAKARTA  2,35,100000,34640000,BEKASI,49,GD.SSM BEKASI
2026-08-06T00:00:00,26FJK0103016,26SO01301301,FAZZIO HYBRID LUX,HIJAU,BAF CKR,20,1300000,25350000,"BEKASI, KAB.",7,GD.SSM BEKASI
2026-08-06T00:00:00,26FJK0103017,26SO01301401,GRAND FILANO HYBRID NEO,ABU-ABU,BAF BHL,32,600000,28665000,JAKARTA,6,GD.SSM BEKASI
2026-08-06T00:00:00,26FJK0103018,26SO01301801,GRAND FILANO HYBRID NEO,UNGU MUDA,BAF CKR,26,2600000,28710000,KAB BEKASI,6,GD.SSM BEKASI
2026-08-06T00:00:00,26FJK0103020,26SO01302001,FAZZIO HYBRID NEO,HIJAU MUDA,BAF JAKARTA  2,17,4200000,24650000,"BEKASI, KOTA.",6,GD.SSM BEKASI
2026-08-06T00:00:00,26FJK0103022,26SO01301501,NMAX NEO S,HITAM,BAF BHL,30,900000,35555000,"JAKARTA TIMUR, KOTA.",7,GD.SSM BEKASI
2026-08-06T00:00:00,26FJK0103023,26SO01302101,AEROX ALPHA,MERAH,BAF BHL,30,0,30700000,JAKARTA TIMUR,12,GD.SSM BEKASI
2026-08-06T00:00:00,26FJK0103024,26SO01301601,AEROX ALPHA CYBERCITY ABS,UNGU,ADIRA PDGD,17,10500000,34790000,JAKARTA,17,GD.SSM BEKASI
2026-08-06T00:00:00,26FJK0103025,26SO01302201,FAZZIO HYBRID,ABU PINK,ADIRA PDGD,23,1100000,23095000,KAB BEKASI,17,GD.SSM BEKASI
2026-08-07T00:00:00,26FJK0103026,26SO01302301,GRAND FILANO HYBRID NEO,UNGU MUDA,BAF BHL,26,850000,28665000,JAKARTA SELATAN,8,GD.SSM BEKASI
2026-08-07T00:00:00,26FJK0103027,26SO01302401,GRAND FILANO HYBRID NEO,UNGU MUDA,BAF BHL,30,0,28665000,"JAKARTA TIMUR, KOTA.",8,GD.SSM BEKASI
2026-08-07T00:00:00,26FJK0103028,26SO01302601,NMAX -TURBO- TECH MAX,ABU-ABU,CASH,0,44565000,45015000,BEKASI,78,GD.SSM BEKASI
2026-08-07T00:00:00,26FJK0103029,26SO01302701,AEROX ALPHA CYBERCITY,BIRU,OTO CMPK,30,1900000,31250000,"JAKARTA UTARA, KOTA.",21,GD.SSM BEKASI
2026-08-07T00:00:00,26FJK0103030,26SO01300101,FAZZIO HYBRID,KUNING,ADIRA DMGT,26,900000,23195000,TANGERANG,1,GD.SSM BEKASI
2026-08-07T00:00:00,26FJK0103031,26SO01302501,GRAND FILANO HYBRID LUX,HITAM,CASH,0,28760000,29460000,BEKASI,161,GD.SSM BEKASI
2026-08-07T00:00:00,26FJK0103032,26SO01302901,FAZZIO HYBRID NEO,UNGU MUDA,BAF CMPK,30,250000,24405000,JAKARTA,2,GD.SSM BEKASI
2026-08-07T00:00:00,26FJK0103033,26SO01303001,NMAX NEO S SPC LIVERY,HITAM,CASH,0,35590000,36040000,"BEKASI, KOTA.",66,GD.SSM BEKASI
2026-08-07T00:00:00,26FJK0103034,26SO01303201,GRAND FILANO HYBRID NEO,PUTIH,BAF CMPK,35,350000,28710000,BEKASI,4,GD.SSM BEKASI
2026-08-07T00:00:00,26FJK0103035,26SO01303301,XMAX C,ABU-ABU,BAF TGR,33,11700000,70880000,KABUPATEN TANGERANG,3,GD.SSM BEKASI
2026-08-07T00:00:00,26FJK0103036,26SO01303101,NMAX NEO S,HITAM,ADIRA KLPG,30,400000,35555000,JAKARTA,7,GD.SSM BEKASI
2026-08-07T00:00:00,26FJK0103037,26SO01303401,NMAX NEO,HITAM,BAF JAKARTA  2,35,800000,34565000,JAKARTA TIMUR,30,GD.SSM BEKASI
2026-08-07T00:00:00,26FJK0103038,26SO01303501,G ULTIMA HYBRID SMART,HITAM,CASH,0,22585000,23085000,BEKASI,18,GD.SSM BEKASI
2026-08-07T00:00:00,26FJK0103039,26SO01303601,XMAX TECH MAX,ABU-ABU,BAF BHL,23,11200000,77410000,JAKARTA,7,GD.SSM BEKASI
2026-08-07T00:00:00,26FJK0103040,26SO01303801,GRAND FILANO HYBRID LUX,HITAM,BAF JAKARTA  2,35,0,29460000,"BEKASI, KOTA.",161,GD.SSM BEKASI
2026-08-07T00:00:00,26FJK0103041,26SO01303701,NMAX NEO S,HITAM,BAF DPK,35,650000,35790000,BOGOR,7,GD.SSM BEKASI
2026-08-08T00:00:00,26FJK0103042,26SO01303901,FAZZIO HYBRID,HITAM MERAH,ADIRA BKS,23,1300000,23095000,"BEKASI, KOTA.",15,GD.SSM BEKASI
2026-08-08T00:00:00,26FJK0103043,26SO01304001,AEROX ALPHA CYBERCITY,BIRU,BAF BHL,30,200000,31250000,JAKARTA TIMUR,16,GD.SSM BEKASI
2026-08-08T00:00:00,26FJK0103044,26SO01304201,GRAND FILANO HYBRID NEO,ABU-ABU,BAF BHL,35,600000,28710000,BEKASI,8,GD.SSM BEKASI
2026-08-08T00:00:00,26FJK0103045,26SO01304301,FAZZIO HYBRID,ABU PINK,BAF CKR,30,0,23095000,"BEKASI, KAB.",19,GD.SSM BEKASI
2026-08-08T00:00:00,26FJK0103046,26SO01304401,GRAND FILANO HYBRID NEO,UNGU MUDA,BAF BHL,30,0,28665000,JAKARTA BARAT,8,GD.SSM BEKASI
2026-08-08T00:00:00,26FJK0103047,26SO01304601,G ULTIMA HYBRID,MERAH,BAF BHL,32,800000,20240000,JAKARTA TIMUR,228,GD.SSM BEKASI
2026-08-08T00:00:00,26FJK0103048,26SO01301201,G ULTIMA HYBRID SOLID,COKLAT,BAF CKR,23,3900000,20660000,"JAKARTA BARAT, Kota.",0,GD.SSM BEKASI
2026-08-08T00:00:00,26FJK0103049,26SO01304501,G ULTIMA HYBRID,HITAM,BAF JAKARTA  2,32,100000,20550000,KOTA BEKASI,4,GD.SSM BEKASI
2026-08-08T00:00:00,26FJK0103050,26SO01304801,NMAX NEO S,BIRU,BAF CMPK,35,900000,35640000,"BEKASI, KOTA.",61,GD.SSM BEKASI
2026-08-08T00:00:00,26FJK0103051,26SO01304701,G ULTIMA HYBRID,PUTIH,BAF CKR,32,800000,20550000,KABUPATEN BEKASI,4,GD.SSM BEKASI
2026-08-08T00:00:00,26FJK0103052,26SO01304901,NMAX NEO S,HITAM,BAF BHL,35,900000,35640000,BEKASI,8,GD.SSM BEKASI
2026-08-08T00:00:00,26JD01055601,26JD01055601,MIO M3 CW,MERAH,CASH,0,15550000,15550000,"JAKARTA PUSAT, KOTA.",0,GD.SSM BEKASI
2026-08-08T00:00:00,26JD01055602,26JD01055602,MIO M3 CW,MERAH,CASH,0,15550000,15550000,"JAKARTA PUSAT, KOTA.",0,GD.SSM BEKASI
2026-08-08T00:00:00,26JD01055603,26JD01055603,MIO M3 CW,MERAH,CASH,0,15550000,15550000,"JAKARTA PUSAT, KOTA.",0,GD.SSM BEKASI
2026-08-08T00:00:00,26JD01055604,26JD01055604,MIO M3 CW,MERAH,CASH,0,15550000,15550000,"JAKARTA PUSAT, KOTA.",0,GD.SSM BEKASI
2026-08-08T00:00:00,26JD01055605,26JD01055605,MIO M3 CW,MERAH,CASH,0,15550000,15550000,"JAKARTA PUSAT, KOTA.",0,GD.SSM BEKASI
2026-08-08T00:00:00,26JD01055606,26JD01055606,MIO M3 CW,MERAH,CASH,0,15550000,15550000,"JAKARTA PUSAT, KOTA.",0,GD.SSM BEKASI
2026-08-08T00:00:00,26JD01055607,26JD01055607,MIO M3 CW,MERAH,CASH,0,15550000,15550000,"JAKARTA PUSAT, KOTA.",0,GD.SSM BEKASI
2026-08-08T00:00:00,26JD01055608,26JD01055608,MIO M3 CW,MERAH,CASH,0,15550000,15550000,"JAKARTA PUSAT, KOTA.",0,GD.SSM BEKASI
2026-08-08T00:00:00,26JD01055609,26JD01055609,MIO M3 CW,PERAK HIJAU,CASH,0,15550000,15550000,"JAKARTA PUSAT, KOTA.",0,GD.SSM BEKASI
2026-08-08T00:00:00,26JD01055610,26JD01055610,MIO M3 CW,PERAK HIJAU,CASH,0,15550000,15550000,"JAKARTA PUSAT, KOTA.",0,GD.SSM BEKASI
2026-08-08T00:00:00,26JD01055611,26JD01055611,MIO M3 CW,PERAK HIJAU,CASH,0,15550000,15550000,"JAKARTA PUSAT, KOTA.",0,GD.SSM BEKASI
2026-08-08T00:00:00,26JD01055612,26JD01055612,MIO M3 CW,PERAK HIJAU,CASH,0,15550000,15550000,"JAKARTA PUSAT, KOTA.",0,GD.SSM BEKASI
2026-08-08T00:00:00,26JD01055613,26JD01055613,MIO M3 CW,PERAK HIJAU,CASH,0,15550000,15550000,"JAKARTA PUSAT, KOTA.",0,GD.SSM BEKASI
2026-08-08T00:00:00,26JD01055614,26JD01055614,MIO M3 CW,PERAK HIJAU,CASH,0,15550000,15550000,"JAKARTA PUSAT, KOTA.",0,GD.SSM BEKASI
2026-08-08T00:00:00,26JD01055615,26JD01055615,MIO M3 CW,PERAK HIJAU,CASH,0,15550000,15550000,"JAKARTA PUSAT, KOTA.",0,GD.SSM BEKASI
2026-08-08T00:00:00,26JD01055616,26JD01055616,MIO M3 CW,PERAK HIJAU,CASH,0,15550000,15550000,"JAKARTA PUSAT, KOTA.",0,GD.SSM BEKASI
2026-08-08T00:00:00,26JD01055617,26JD01055617,MIO M3 CW,PERAK HIJAU,CASH,0,15550000,15550000,"JAKARTA PUSAT, KOTA.",0,GD.SSM BEKASI
2026-08-08T00:00:00,26JD01055618,26JD01055618,MIO M3 CW,PERAK HIJAU,CASH,0,15550000,15550000,"JAKARTA PUSAT, KOTA.",0,GD.SSM BEKASI
2026-08-08T00:00:00,26JD01055619,26JD01055619,MIO M3 CW,PERAK HIJAU,CASH,0,15550000,15550000,"JAKARTA PUSAT, KOTA.",0,GD.SSM BEKASI
2026-08-08T00:00:00,26JD01055620,26JD01055620,MIO M3 CW,PERAK HIJAU,CASH,0,15550000,15550000,"JAKARTA PUSAT, KOTA.",0,GD.SSM BEKASI
2026-08-08T00:00:00,26JD01055621,26JD01055621,MIO M3 CW,PERAK HIJAU,CASH,0,15550000,15550000,"JAKARTA PUSAT, KOTA.",0,GD.SSM BEKASI
2026-08-08T00:00:00,26JD01055622,26JD01055622,MIO M3 CW,PERAK HIJAU,CASH,0,15550000,15550000,"JAKARTA PUSAT, KOTA.",0,GD.SSM BEKASI
2026-08-08T00:00:00,26JD01055623,26JD01055623,MIO M3 CW,PERAK HIJAU,CASH,0,15550000,15550000,"JAKARTA PUSAT, KOTA.",0,GD.SSM BEKASI
2026-08-08T00:00:00,26JD01055624,26JD01055624,MIO M3 CW,PUTIH,CASH,0,15550000,15550000,"JAKARTA PUSAT, KOTA.",0,GD.SSM BEKASI
2026-08-08T00:00:00,26JD01055625,26JD01055625,MIO M3 CW,PUTIH,CASH,0,15550000,15550000,"JAKARTA PUSAT, KOTA.",0,GD.SSM BEKASI
2026-08-08T00:00:00,26JD01055626,26JD01055626,MIO M3 CW,PUTIH,CASH,0,15550000,15550000,"JAKARTA PUSAT, KOTA.",0,GD.SSM BEKASI
2026-08-08T00:00:00,26JD01055627,26JD01055627,MIO M3 CW,PUTIH,CASH,0,15550000,15550000,"JAKARTA PUSAT, KOTA.",0,GD.SSM BEKASI
2026-08-08T00:00:00,26JD01055628,26JD01055628,MIO M3 CW,PUTIH,CASH,0,15550000,15550000,"JAKARTA PUSAT, KOTA.",0,GD.SSM BEKASI
2026-08-09T00:00:00,26FJK0103053,26SO01305301,AEROX ALPHA CYBERCITY ABS,PUTIH,ADIRA CPT,30,500000,34940000,TANGERANG SELATAN,3,GD.SSM BEKASI
2026-08-09T00:00:00,26FJK0103054,26SO01305201,NMAX NEO,MERAH,BAF CKR,30,800000,34640000,KAB BEKASI,10,GD.SSM BEKASI
2026-08-09T00:00:00,26FJK0103055,26SO01305001,AEROX ALPHA CYBERCITY ABS,UNGU,BAF CKR,21,8500000,34910000,"BEKASI, KAB.",20,GD.SSM BEKASI
2026-08-09T00:00:00,26FJK0103056,26SO01305101,G ULTIMA HYBRID SMART,BIRU,CASH,0,22285000,22785000,"JAKARTA BARAT, Kota.",3,GD.SSM BEKASI
2026-08-09T00:00:00,26FJK0103057,26SO01305401,AEROX ALPHA,MERAH,BAF BHL,30,400000,30700000,JAKARTA,20,GD.SSM BEKASI
2026-08-09T00:00:00,26FJK0103058,26SO01305501,NMAX NEO S,HITAM,BAF BHL,30,200000,35640000,BEKASI,20,GD.SSM BEKASI
2026-08-10T00:00:00,26FJK0103059,26SO01305601,NMAX NEO S,HITAM,ADIRA HI,35,900000,35640000,"BEKASI, KAB.",10,GD.SSM BEKASI
2026-08-10T00:00:00,26FJK0103060,26SO01295501,G ULTIMA HYBRID SOLID,ABU-ABU,BAF CMPK,35,550000,20660000,"JAKARTA TIMUR, KOTA.",3,GD.SSM BEKASI
2026-08-10T00:00:00,26FJK0103061,26SO01305701,FAZZIO HYBRID,HITAM MERAH,BAF BHL,30,0,22820000,"JAKARTA TIMUR, KOTA.",9,GD.SSM BEKASI
2026-08-10T00:00:00,26FJK0103062,26SO01305901,GRAND FILANO HYBRID NEO,HIJAU,BAF JAKARTA  2,32,4200000,28710000,"BEKASI, KAB.",10,GD.SSM BEKASI
2026-08-10T00:00:00,26FJK0103063,26SO01306001,GRAND FILANO HYBRID NEO,ABU-ABU,ADR KTPG,30,2400000,28665000,JAKARTA,11,GD.SSM BEKASI
2026-08-10T00:00:00,26FJK0103064,26SO01306201,FAZZIO HYBRID,ABU PINK,BAF CKR,35,600000,23095000,"BEKASI, KOTA.",53,GD.SSM BEKASI
2026-08-10T00:00:00,26FJK0103065,26SO01305801,NMAX NEO S,PUTIH,BAF BHL,30,900000,35555000,"JAKARTA SELATAN, KOTA.",7,GD.SSM BEKASI
2026-08-10T00:00:00,26FJK0103066,26SO01306101,NMAX NEO S,PUTIH,BAF BHL,26,1600000,35555000,JAKARTA,7,GD.SSM BEKASI
2026-08-10T00:00:00,26FJK0103067,26SO01306301,ALL NEW AEROX 155,BIRU ORANGE,CASH,0,28980000,29430000,BEKASI,56,SSM MOTOR
2026-08-10T00:00:00,26FJK0103068,26SO01306401,NMAX NEO S,HITAM,BAF JAKARTA  2,30,100000,35555000,JAKARTA,21,GD.SSM BEKASI
2026-08-10T00:00:00,26FJK0103069,26SO01306501,G ULTIMA HYBRID SMART,BIRU,BAF CKR,23,1100000,23085000,KOTA BEKASI,11,GD.SSM BEKASI
2026-08-10T00:00:00,26FJK0103070,26SO01296201,G ULTIMA HYBRID SOLID,COKLAT,BAF JAKARTA  2,35,800000,20970000,KOTA BEKASI,2,SSM MOTOR
2026-08-10T00:00:00,26FJK0103071,26SO01306701,FAZZIO HYBRID,ABU PINK,BAF BHL,32,0,23095000,BEKASI,2,SSM MOTOR
2026-08-10T00:00:00,26FJK0103072,26SO01306801,FAZZIO HYBRID,ABU PINK,BAF BHL,30,0,22820000,"JAKARTA TIMUR, KOTA.",21,GD.SSM BEKASI
2026-08-10T00:00:00,26FJK0103073,26SO01306901,FAZZIO HYBRID NEO,HIJAU MUDA,BAF BHL,30,1700000,24405000,JAKARTA UTARA,6,GD.SSM BEKASI
2026-08-10T00:00:00,26FJK0103074,26SO01307001,ALL NEW AEROX 155,HITAM,BAF BHL,30,500000,29380000,JAKARTA UTARA,12,GD.SSM BEKASI
2026-08-10T00:00:00,26FJK0103075,26SO01307101,G ULTIMA HYBRID SMART,HITAM,CASH,0,22535000,22785000,"JAKARTA TIMUR, KOTA.",21,GD.SSM BEKASI
2026-08-11T00:00:00,26FJK0103076,26SO01307501,GRAND FILANO HYBRID NEO,UNGU MUDA,BAF JAKARTA  2,30,800000,28710000,"BEKASI, KAB.",10,GD.SSM BEKASI
2026-08-11T00:00:00,26FJK0103077,26SO01307201,G ULTIMA HYBRID,PUTIH,BAF BHL,35,0,20240000,JAKARTA BARAT,96,GD.SSM BEKASI
2026-08-11T00:00:00,26FJK0103078,26SO01307301,NMAX NEO S,BIRU,BAF BHL,30,900000,35555000,"JAKARTA TIMUR, KOTA.",8,SSM MOTOR
2026-08-11T00:00:00,26FJK0103079,26SO01307401,NMAX NEO,BIRU,BAF JAKARTA  2,35,800000,34640000,BEKASI,13,SSM MOTOR
2026-08-11T00:00:00,26FJK0103080,26SO01307601,NMAX NEO S,PUTIH,BAF TGR,30,2700000,35665000,TANGERANG SELATAN,52,GD.SSM BEKASI
2026-08-11T00:00:00,26FJK0103081,26SO01307801,NMAX NEO S,BIRU,BAF BHL,30,900000,35555000,"JAKARTA UTARA, KOTA.",19,GD.SSM BEKASI
2026-08-11T00:00:00,26FJK0103082,26SO01307901,NMAX -TURBO- TECH MAX,ABU-ABU,CASH,0,46495000,46945000,"JAKARTA UTARA, KOTA.",43,GD.SSM BEKASI
2026-08-11T00:00:00,26FJK0103083,26SO01308001,NMAX NEO,HITAM,ADIRA BKS,35,800000,34565000,"JAKARTA TIMUR, KOTA.",52,GD.SSM BEKASI
2026-08-11T00:00:00,26FJK0103084,26SO01308301,GRAND FILANO HYBRID NEO,UNGU MUDA,BAF CMPK,35,350000,28665000,JAKARTA,10,GD.SSM BEKASI
2026-08-11T00:00:00,26FJK0103085,26SO01308101,NMAX NEO S,BIRU,ADIRA PDGD,30,4400000,35555000,JAKARTA,19,SSM MOTOR
2026-08-11T00:00:00,26FJK0103086,26SO01306601,G ULTIMA HYBRID,PUTIH,BAF BHL,32,800000,20240000,JAKARTA,64,SSM MOTOR
2026-08-11T00:00:00,26FJK0103087,26SO01308201,ALL NEW AEROX 155,HITAM,BAF CMPK,30,2250000,29380000,JAKARTA,85,GD.SSM BEKASI
2026-08-11T00:00:00,26FJK0103088,26SO01308501,FAZZIO HYBRID,BIRU PUTIH,BAF JAKARTA  2,30,500000,22820000,"JAKARTA TIMUR, KOTA.",3,SSM MOTOR
2026-08-11T00:00:00,26FJK0103089,26SO01308601,FAZZIO HYBRID LUX,ABU-ABU TUA,CASH,0,24645000,25095000,"JAKARTA UTARA, KOTA.",6,GD.SSM BEKASI
2026-08-11T00:00:00,26FJK0103090,26SO01308701,NMAX NEO S,BIRU,BAF BHL,30,2200000,35555000,JAKARTA SELATAN,20,GD.SSM BEKASI
2026-08-11T00:00:00,26FJK0103091,26SO01308801,NMAX NEO S,HITAM,ADIRA KLPG,30,4800000,35640000,BEKASI,52,GD.SSM BEKASI
2026-08-11T00:00:00,26FJK0103092,26SO01308901,NMAX NEO S,HITAM,ADIRA TBN,35,900000,35640000,BEKASI,11,GD.SSM BEKASI
2026-08-11T00:00:00,26FJK0103093,26SO01309101,NMAX NEO,HITAM,BAF BHL,26,500000,34565000,"JAKARTA SELATAN, KOTA.",22,GD.SSM BEKASI
2026-08-11T00:00:00,26FJK0103094,26SO01309301,FAZZIO HYBRID,ABU PINK,ADR KTPG,26,800000,22820000,"JAKARTA UTARA, KOTA.",22,GD.SSM BEKASI
2026-08-11T00:00:00,26FJK0103095,26SO01309201,LEXI LX 155 CONNECTED,HIJAU,BAF DPK,30,500000,27850000,JAKARTA,0,GD.SSM BEKASI
2026-08-11T00:00:00,26FJK0103096,26SO01304102,XMAX C,HITAM,BAF JAKARTA  2,35,7500000,70810000,"BEKASI, KOTA.",1,GD.SSM BEKASI
2026-08-11T00:00:00,26FJK0103097,26SO01308401,G ULTIMA HYBRID,HITAM,ADIRA CPT,32,550000,20550000,TANGERANG SELATAN,1,GD.SSM BEKASI
2026-08-11T00:00:00,26FJK0103098,26SO01309401,GRAND FILANO HYBRID NEO,ABU-ABU,BAF BHL,30,0,28665000,JAKARTA,11,GD.SSM BEKASI
2026-08-11T00:00:00,26FJK0103099,26SO01309601,AEROX ALPHA -TURBO-,PERAK,PT OTO BEKASI,35,3400000,40380000,BEKASI,11,GD.SSM BEKASI
2026-08-11T00:00:00,26JD01055701,26JD01055701,NMAX NEO S SPC LIVERY,HITAM,CASH,0,28979511,28979511,INDONESIA,70,GD.SSM BEKASI
2026-08-11T00:00:00,26JD01055801,26JD01055801,G ULTIMA HYBRID,MERAH,CASH,0,15812667,15812667,"JAKARTA BARAT, Kota.",231,GD.SSM BEKASI
2026-08-11T00:00:00,26JD01055802,26JD01055802,G ULTIMA HYBRID,MERAH,CASH,0,15812667,15812667,"JAKARTA BARAT, Kota.",231,GD.SSM BEKASI
2026-08-11T00:00:00,26JD01055803,26JD01055803,G ULTIMA HYBRID,PUTIH,CASH,0,15812667,15812667,"JAKARTA BARAT, Kota.",97,GD.SSM BEKASI
2026-08-11T00:00:00,26JD01055804,26JD01055804,G ULTIMA HYBRID,PUTIH,CASH,0,15812667,15812667,"JAKARTA BARAT, Kota.",96,GD.SSM BEKASI
2026-08-11T00:00:00,26JD01055805,26JD01055805,G ULTIMA HYBRID,PUTIH,CASH,0,15812667,15812667,"JAKARTA BARAT, Kota.",60,SSM MOTOR
2026-08-12T00:00:00,26FJK0103100,26SO01309801,MT15,ABU-ABU,ADIRA DMGT,17,14000000,41215000,JAKARTA,16,GD.SSM BEKASI
2026-08-12T00:00:00,26FJK0103102,26SO01285501,WR 155 R,BIRU,CASH,0,41555000,41555000,"BEKASI, KAB.",1,GD.SSM BEKASI
2026-08-12T00:00:00,26FJK0103103,26SO01309901,GRAND FILANO HYBRID NEO,UNGU MUDA,ADIRA KLPG,32,100000,28665000,JAKARTA,11,GD.SSM BEKASI
2026-08-12T00:00:00,26FJK0103105,26SO01295301,G ULTIMA HYBRID SOLID,ABU-ABU,BAF BHL,11,1350000,20970000,BEKASI,1,GD.SSM BEKASI
2026-08-12T00:00:00,26FJK0103106,26SO01310001,FAZZIO HYBRID,ABU PINK,ADIRA KLPG,30,0,22820000,JAKARTA,1,GD.SSM BEKASI
2026-08-12T00:00:00,26FJK0103107,26SO01310501,GRAND FILANO HYBRID NEO,ABU-ABU,CASH,0,28215000,28665000,BEKASI,13,GD.SSM BEKASI
2026-08-12T00:00:00,26FJK0103108,26SO01310201,FAZZIO STARRY NIGHT,PERAK MUDA,CASH,0,25105000,25705000,"TANGERANG, KOTA.",135,GD.SSM BEKASI
2026-08-12T00:00:00,26FJK0103109,26SO01310601,NMAX NEO S,PUTIH,BAF BHL,33,0,35640000,"DEPOK, KOTA.",2,GD.SSM BEKASI
2026-08-12T00:00:00,26FJK0103110,26SO01310801,GRAND FILANO HYBRID NEO,PUTIH,BAF JAKARTA  2,35,0,28710000,KOTA BEKASI,9,GD.SSM BEKASI
2026-08-12T00:00:00,26FJK0103111,26SO01310901,NMAX NEO S,BIRU,ADIRA KLPG,30,1300000,35555000,JAKARTA,18,GD.SSM BEKASI
2026-08-12T00:00:00,26FJK0103112,26SO01311301,NMAX NEO S,BIRU,BAF JAKARTA  2,35,1600000,35640000,BEKASI,8,GD.SSM BEKASI
2026-08-12T00:00:00,26FJK0103113,26SO01311501,AEROX ALPHA -TURBO-,PERAK,OTO KDY,30,1400000,40050000,"JAKARTA UTARA, KOTA.",107,GD.SSM BEKASI
2026-08-12T00:00:00,26FJK0103114,26SO01311601,AEROX ALPHA CYBERCITY ABS,UNGU,BAF DPK,30,600000,35040000,BEKASI,5,GD.SSM BEKASI
2026-08-12T00:00:00,26JD01055901,26JD01055901,AEROX ALPHA,MERAH,CASH,0,26000000,26000000,"JAKARTA SELATAN, KOTA.",4,SSM MOTOR
2026-08-12T00:00:00,26JD01055902,26JD01055902,AEROX ALPHA,MERAH,CASH,0,26000000,26000000,"JAKARTA SELATAN, KOTA.",8,GD.SSM BEKASI
2026-08-12T00:00:00,26JD01055903,26JD01055903,AEROX ALPHA,MERAH,CASH,0,26000000,26000000,"JAKARTA SELATAN, KOTA.",18,GD.SSM BEKASI
2026-08-12T00:00:00,26JD01056001,26JD01056001,NMAX NEO S,HITAM,CASH,0,28523874,28523874,"JAKARTA BARAT, Kota.",4,GD.SSM BEKASI
2026-08-12T00:00:00,26JD01056002,26JD01056002,NMAX NEO S,BIRU,CASH,0,28523874,28523874,"JAKARTA BARAT, Kota.",1,GD.SSM BEKASI
2026-08-12T00:00:00,26JD01056101,26JD01056101,AEROX ALPHA,HITAM,CASH,0,26000000,26000000,"JAKARTA SELATAN, KOTA.",31,GD.SSM BEKASI
2026-08-12T00:00:00,26JD01056102,26JD01056102,AEROX ALPHA,HITAM,CASH,0,26000000,26000000,"JAKARTA SELATAN, KOTA.",31,GD.SSM BEKASI
2026-08-12T00:00:00,26JD01056103,26JD01056103,AEROX ALPHA,HITAM,CASH,0,26000000,26000000,"JAKARTA SELATAN, KOTA.",31,GD.SSM BEKASI
2026-08-12T00:00:00,26JD01056104,26JD01056104,AEROX ALPHA,HITAM,CASH,0,26000000,26000000,"JAKARTA SELATAN, KOTA.",31,GD.SSM BEKASI
2026-08-12T00:00:00,26JD01056201,26JD01056201,AEROX ALPHA,HITAM,CASH,0,26000000,26000000,"JAKARTA SELATAN, KOTA.",31,GD.SSM BEKASI
2026-08-12T00:00:00,26JD01056202,26JD01056202,AEROX ALPHA,HITAM,CASH,0,26000000,26000000,"JAKARTA SELATAN, KOTA.",31,GD.SSM BEKASI
2026-08-12T00:00:00,26JD01056203,26JD01056203,AEROX ALPHA,HITAM,CASH,0,26000000,26000000,"JAKARTA SELATAN, KOTA.",31,GD.SSM BEKASI
2026-08-13T00:00:00,26FJK0103115,26SO01312101,FAZZIO HYBRID LUX,HIJAU,BAF BHL,20,600000,25095000,"JAKARTA SELATAN, KOTA.",7,GD.SSM BEKASI
2026-08-13T00:00:00,26FJK0103116,26SO01312201,FAZZIO HYBRID LUX,ABU-ABU TUA,CASH,0,24900000,25350000,"BEKASI, KOTA.",8,GD.SSM BEKASI
2026-08-13T00:00:00,26FJK0103117,26SO01311701,NMAX -TURBO-,ABU-ABU,CASH,0,38865000,39465000,"JAKARTA BARAT, Kota.",14,GD.SSM BEKASI
2026-08-13T00:00:00,26FJK0103120,26SO01309001,G ULTIMA HYBRID,HITAM,BAF CMPK,32,800000,20240000,JAKARTA,1,GD.SSM BEKASI
2026-08-13T00:00:00,26FJK0103121,26SO01312001,ALL NEW XSR 155,HITAM,ADIRA KLPG,29,6500000,40265000,JAKARTA,0,GD.SSM BEKASI
2026-08-13T00:00:00,26FJK0103122,26SO01309701,G ULTIMA HYBRID SOLID,COKLAT,BAF BHL,32,300000,20660000,JAKARTA,0,GD.SSM BEKASI
2026-08-13T00:00:00,26FJK0103123,26SO01310701,G ULTIMA HYBRID,HITAM,BAF CKR,32,300000,20550000,KAB BEKASI,1,GD.SSM BEKASI
2026-08-13T00:00:00,26FJK0103124,26SO01312301,NMAX NEO,HITAM,ADIRA PDGD,35,550000,34640000,JAKARTA,24,GD.SSM BEKASI
2026-08-13T00:00:00,26FJK0103125,26SO01296701,G ULTIMA HYBRID SMART,HITAM,BAF JAKARTA  2,35,1100000,23085000,"BEKASI, KOTA.",3,GD.SSM BEKASI
2026-08-13T00:00:00,26FJK0103126,26SO01312401,FAZZIO HYBRID,ABU PINK,BAF BHL,30,500000,22820000,"JAKARTA BARAT, Kota.",24,GD.SSM BEKASI
2026-08-13T00:00:00,26FJK0103127,26SO01312501,AEROX ALPHA CYBERCITY ABS,UNGU,ADIRA KLPG,30,800000,34790000,"JAKARTA BARAT, Kota.",2,GD.SSM BEKASI
2026-08-13T00:00:00,26FJK0103128,26SO01312701,AEROX ALPHA CYBERCITY,BIRU,BAF TGR,33,500000,31400000,KAB TANGERANG,3,GD.SSM BEKASI
2026-08-13T00:00:00,26FJK0103129,26SO01312801,AEROX ALPHA,HITAM,BAF CMPK,35,1000000,30820000,BEKASI,6,GD.SSM BEKASI
2026-08-13T00:00:00,26FJK0103130,26SO01312601,NMAX NEO S,BIRU,ADIRA KLPG,30,4000000,35555000,JAKARTA,1,GD.SSM BEKASI
2026-08-13T00:00:00,26FJK0103131,26SO01312901,AEROX ALPHA,MERAH,BAF JAKARTA  2,23,5600000,30820000,"BEKASI, KAB.",24,GD.SSM BEKASI
2026-08-13T00:00:00,26FJK0103132,26SO01313001,NMAX NEO S,HITAM,ADIRA TBN,35,100000,35640000,KAB BEKASI,2,GD.SSM BEKASI
2026-08-13T00:00:00,26FJK0103133,26SO01313101,NMAX NEO S,HITAM,BAF JAKARTA  2,30,400000,35640000,"BEKASI, KOTA.",3,GD.SSM BEKASI
2026-08-13T00:00:00,26FJK0103134,26SO01309501,G ULTIMA HYBRID S,ABU-ABU TUA,BAF BHL,35,400000,21950000,BEKASI,161,GD.SSM BEKASI
2026-08-13T00:00:00,26FJK0103135,26SO01313201,GRAND FILANO HYBRID NEO,ABU-ABU,BAF CMPK,30,350000,28665000,JAKARTA,13,GD.SSM BEKASI
2026-08-13T00:00:00,26JD01056301,26JD01056301,MX KING 150 CYBERCITY,BIRU,CASH,0,27000000,27000000,"JAKARTA TIMUR, KOTA.",8,GD.SSM BEKASI
2026-08-13T00:00:00,26JD01056302,26JD01056302,MX KING 70TH LIVERY,PUTIH MERAH,CASH,0,27000000,27000000,"JAKARTA TIMUR, KOTA.",10,GD.SSM BEKASI
2026-08-13T00:00:00,26JD01056303,26JD01056303,MX KING 150,HITAM,CASH,0,27000000,27000000,"JAKARTA TIMUR, KOTA.",22,GD.SSM BEKASI
2026-08-13T00:00:00,26JD01056304,26JD01056304,MX KING 150,HITAM,CASH,0,27000000,27000000,"JAKARTA TIMUR, KOTA.",1,GD.SSM BEKASI
2026-08-13T00:00:00,26JD01056305,26JD01056305,MT15,ABU-ABU,CASH,0,36000000,36000000,"JAKARTA TIMUR, KOTA.",17,GD.SSM BEKASI
2026-08-13T00:00:00,26JD01056401,26JD01056401,GEAR 125,HIJAU PERAK,CASH,0,16500000,16500000,"JAKARTA SELATAN, KOTA.",2,GD.SSM BEKASI
2026-08-13T00:00:00,26JD01056402,26JD01056402,GEAR 125,BIRU,CASH,0,16500000,16500000,"JAKARTA SELATAN, KOTA.",2,GD.SSM BEKASI
2026-08-13T00:00:00,26JD01056403,26JD01056403,GEAR 125,HIJAU PERAK,CASH,0,16500000,16500000,"JAKARTA SELATAN, KOTA.",2,GD.SSM BEKASI
2026-08-13T00:00:00,26JD01056404,26JD01056404,GEAR 125,HIJAU,CASH,0,16500000,16500000,"JAKARTA SELATAN, KOTA.",3,GD.SSM BEKASI
2026-08-13T00:00:00,26JD01056405,26JD01056405,GEAR 125,HITAM,CASH,0,16500000,16500000,"JAKARTA SELATAN, KOTA.",3,GD.SSM BEKASI
2026-08-13T00:00:00,26JD01056406,26JD01056406,GEAR 125,HIJAU PERAK,CASH,0,16500000,16500000,"JAKARTA SELATAN, KOTA.",2,GD.SSM BEKASI
2026-08-13T00:00:00,26JD01056407,26JD01056407,GEAR 125,HIJAU PERAK,CASH,0,16500000,16500000,"JAKARTA SELATAN, KOTA.",2,GD.SSM BEKASI
2026-08-13T00:00:00,26JD01056408,26JD01056408,GEAR 125,BIRU,CASH,0,16500000,16500000,"JAKARTA SELATAN, KOTA.",2,GD.SSM BEKASI
2026-08-13T00:00:00,26JD01056409,26JD01056409,GEAR 125,HITAM,CASH,0,16500000,16500000,"JAKARTA SELATAN, KOTA.",9,GD.SSM BEKASI
2026-08-13T00:00:00,26JD01056410,26JD01056410,GEAR 125,HITAM,CASH,0,16500000,16500000,"JAKARTA SELATAN, KOTA.",2,GD.SSM BEKASI
2026-08-13T00:00:00,26JD01056411,26JD01056411,GEAR 125,HITAM,CASH,0,16500000,16500000,"JAKARTA SELATAN, KOTA.",3,GD.SSM BEKASI
2026-08-13T00:00:00,26JD01056412,26JD01056412,GEAR 125,HIJAU,CASH,0,16500000,16500000,"JAKARTA SELATAN, KOTA.",3,GD.SSM BEKASI
2026-08-13T00:00:00,26JD01056413,26JD01056413,GEAR 125,BIRU,CASH,0,16500000,16500000,"JAKARTA SELATAN, KOTA.",17,GD.SSM BEKASI
2026-08-13T00:00:00,26JD01056414,26JD01056414,GEAR 125,HIJAU,CASH,0,16500000,16500000,"JAKARTA SELATAN, KOTA.",17,GD.SSM BEKASI
2026-08-13T00:00:00,26JD01056415,26JD01056415,GEAR 125,HIJAU,CASH,0,16500000,16500000,"JAKARTA SELATAN, KOTA.",5,SSM MOTOR
2026-08-13T00:00:00,26JD01056416,26JD01056416,GEAR 125,HITAM,CASH,0,16500000,16500000,"JAKARTA SELATAN, KOTA.",14,GD.SSM BEKASI
2026-08-13T00:00:00,26JD01056417,26JD01056417,GEAR 125,HIJAU PERAK,CASH,0,16500000,16500000,"JAKARTA SELATAN, KOTA.",21,GD.SSM BEKASI
2026-08-13T00:00:00,26JD01056418,26JD01056418,GEAR 125,HIJAU PERAK,CASH,0,16500000,16500000,"JAKARTA SELATAN, KOTA.",21,GD.SSM BEKASI
2026-08-13T00:00:00,26JD01056419,26JD01056419,GEAR 125,HITAM,CASH,0,16500000,16500000,"JAKARTA SELATAN, KOTA.",15,GD.SSM BEKASI
2026-08-13T00:00:00,26JD01056420,26JD01056420,GEAR 125,HITAM,CASH,0,16500000,16500000,"JAKARTA SELATAN, KOTA.",15,GD.SSM BEKASI
2026-08-13T00:00:00,26JD01056421,26JD01056421,GEAR 125,HITAM,CASH,0,16500000,16500000,"JAKARTA SELATAN, KOTA.",15,GD.SSM BEKASI
2026-08-13T00:00:00,26JD01056422,26JD01056422,GEAR 125,HITAM,CASH,0,16500000,16500000,"JAKARTA SELATAN, KOTA.",17,GD.SSM BEKASI
2026-08-13T00:00:00,26JD01056501,26JD01056501,GEAR 125,HITAM,CASH,0,16500000,16500000,"JAKARTA SELATAN, KOTA.",14,GD.SSM BEKASI
2026-08-13T00:00:00,26JD01056502,26JD01056502,GEAR 125,HIJAU,CASH,0,16500000,16500000,"JAKARTA SELATAN, KOTA.",17,GD.SSM BEKASI
2026-08-13T00:00:00,26JD01056503,26JD01056503,GEAR 125,HITAM,CASH,0,16500000,16500000,"JAKARTA SELATAN, KOTA.",14,GD.SSM BEKASI
2026-08-13T00:00:00,26JD01056504,26JD01056504,GEAR 125,HITAM,CASH,0,16500000,16500000,"JAKARTA SELATAN, KOTA.",15,GD.SSM BEKASI
2026-08-13T00:00:00,26JD01056505,26JD01056505,GEAR 125,HITAM,CASH,0,16500000,16500000,"JAKARTA SELATAN, KOTA.",15,GD.SSM BEKASI
2026-08-13T00:00:00,26JD01056506,26JD01056506,GEAR 125,MERAH,CASH,0,16500000,16500000,"JAKARTA SELATAN, KOTA.",10,GD.SSM BEKASI
2026-08-13T00:00:00,26JD01056507,26JD01056507,GEAR 125,HITAM,CASH,0,16500000,16500000,"JAKARTA SELATAN, KOTA.",15,GD.SSM BEKASI
2026-08-13T00:00:00,26JD01056508,26JD01056508,GEAR 125,HITAM,CASH,0,16500000,16500000,"JAKARTA SELATAN, KOTA.",9,GD.SSM BEKASI
2026-08-13T00:00:00,26JD01056509,26JD01056509,GEAR 125,HIJAU PERAK,CASH,0,16500000,16500000,"JAKARTA SELATAN, KOTA.",21,SSM MOTOR
2026-08-13T00:00:00,26JD01056510,26JD01056510,GEAR 125,BIRU,CASH,0,16500000,16500000,"JAKARTA SELATAN, KOTA.",21,GD.SSM BEKASI
2026-08-13T00:00:00,26JD01056511,26JD01056511,GEAR 125,MERAH,CASH,0,16500000,16500000,"JAKARTA SELATAN, KOTA.",10,GD.SSM BEKASI
2026-08-13T00:00:00,26JD01056512,26JD01056512,GEAR 125,HIJAU,CASH,0,16500000,16500000,"JAKARTA SELATAN, KOTA.",17,GD.SSM BEKASI
2026-08-13T00:00:00,26JD01056513,26JD01056513,GEAR 125,HIJAU PERAK,CASH,0,16500000,16500000,"JAKARTA SELATAN, KOTA.",22,GD.SSM BEKASI
2026-08-13T00:00:00,26JD01056514,26JD01056514,GEAR 125,HITAM,CASH,0,16500000,16500000,"JAKARTA SELATAN, KOTA.",6,GD.SSM BEKASI
2026-08-13T00:00:00,26JD01056515,26JD01056515,GEAR 125,HITAM,CASH,0,16500000,16500000,"JAKARTA SELATAN, KOTA.",6,GD.SSM BEKASI
2026-08-13T00:00:00,26JD01056516,26JD01056516,GEAR 125,HIJAU PERAK,CASH,0,16500000,16500000,"JAKARTA SELATAN, KOTA.",22,GD.SSM BEKASI
2026-08-13T00:00:00,26JD01056517,26JD01056517,GEAR 125,HITAM,CASH,0,16500000,16500000,"JAKARTA SELATAN, KOTA.",6,GD.SSM BEKASI
2026-08-13T00:00:00,26JD01056518,26JD01056518,GEAR 125,HITAM,CASH,0,16500000,16500000,"JAKARTA SELATAN, KOTA.",6,GD.SSM BEKASI
2026-08-13T00:00:00,26JD01056519,26JD01056519,GEAR 125,HITAM,CASH,0,16500000,16500000,"JAKARTA SELATAN, KOTA.",6,GD.SSM BEKASI
2026-08-13T00:00:00,26JD01056520,26JD01056520,GEAR 125,MERAH,CASH,0,16500000,16500000,"JAKARTA SELATAN, KOTA.",24,GD.SSM BEKASI
2026-08-13T00:00:00,26JD01056521,26JD01056521,GEAR 125,HIJAU PERAK,CASH,0,16500000,16500000,"JAKARTA SELATAN, KOTA.",5,GD.SSM BEKASI
2026-08-13T00:00:00,26JD01056601,26JD01056601,MX KING 150,HITAM,CASH,0,27000000,27000000,"JAKARTA TIMUR, KOTA.",31,GD.SSM BEKASI
2026-08-13T00:00:00,26JD01056602,26JD01056602,MX KING 150,HITAM,CASH,0,27000000,27000000,"JAKARTA TIMUR, KOTA.",31,GD.SSM BEKASI
2026-08-13T00:00:00,26JD01056603,26JD01056603,MX KING 150,HITAM,CASH,0,27000000,27000000,"JAKARTA TIMUR, KOTA.",31,GD.SSM BEKASI
2026-08-13T00:00:00,26JD01056604,26JD01056604,MX KING 150,HITAM,CASH,0,27000000,27000000,"JAKARTA TIMUR, KOTA.",31,GD.SSM BEKASI
2026-08-13T00:00:00,26JD01056605,26JD01056605,MX KING 150,HITAM,CASH,0,27000000,27000000,"JAKARTA TIMUR, KOTA.",31,GD.SSM BEKASI
2026-08-13T00:00:00,26JD01056701,26JD01056701,GRAND FILANO HYBRID NEO,PUTIH,CASH,0,22810947,22810947,"JAKARTA BARAT, Kota.",10,GD.SSM BEKASI
2026-08-13T00:00:00,26JD01056801,26JD01056801,ALL NEW VIXION,HITAM,CASH,0,24291560,24291560,"JAKARTA BARAT, Kota.",3,GD.SSM BEKASI
2026-08-14T00:00:00,26FJK0103136,26SO01311101,G ULTIMA HYBRID,HITAM,BAF DPK,29,300000,20240000,JAKARTA SELATAN,1,GD.SSM BEKASI
2026-08-14T00:00:00,26FJK0103137,26SO01313701,G ULTIMA HYBRID SMART,HITAM,CASH,0,22285000,22785000,JAKARTA TIMUR,25,GD.SSM BEKASI
2026-08-14T00:00:00,26FJK0103138,26SO01313601,NMAX NEO S,BIRU,BAF BHL,30,900000,35555000,"JAKARTA BARAT, Kota.",23,GD.SSM BEKASI
2026-08-14T00:00:00,26FJK0103139,26SO01311201,G ULTIMA HYBRID SOLID,COKLAT,BAF CKR,35,300000,20970000,KOTA BEKASI,1,GD.SSM BEKASI
2026-08-14T00:00:00,26FJK0103140,26SO01313301,NMAX NEO,HITAM,BAF BGR,35,800000,34790000,"BOGOR, KAB.",1,SSM MOTOR
2026-08-14T00:00:00,26FJK0103141,26SO01313401,AEROX ALPHA,HITAM,ADIRA DMGT,21,1100000,30700000,"JAKARTA BARAT, Kota.",1,SSM MOTOR
2026-08-14T00:00:00,26FJK0103142,26SO01313901,NMAX NEO S,HITAM,BAF BHL,30,4000000,35555000,JAKARTA SELATAN,3,GD.SSM BEKASI
2026-08-14T00:00:00,26FJK0103143,26SO01314001,NMAX NEO,BIRU,ADIRA TBN,30,2900000,34640000,"BEKASI, KAB.",3,GD.SSM BEKASI
2026-08-14T00:00:00,26FJK0103144,26SO01314101,FAZZIO HYBRID,ABU PINK,BAF JAKARTA  2,32,600000,23095000,"BEKASI, KOTA.",1,SSM MOTOR
2026-08-14T00:00:00,26FJK0103146,26SO01314301,LEXI LX 155 S CONNECTED,PERAK,CASH,0,28900000,29650000,JAKARTA,0,GD.SSM BEKASI
2026-08-14T00:00:00,26FJK0103147,26SO01314201,GRAND FILANO HYBRID NEO,UNGU MUDA,BAF CKR,35,100000,28710000,"BEKASI, KAB.",2,GD.SSM BEKASI
2026-08-14T00:00:00,26FJK0103148,26SO01314401,FAZZIO HYBRID NEO,HIJAU MUDA,BAF BHL,30,500000,24405000,JAKARTA BARAT,10,GD.SSM BEKASI
2026-08-14T00:00:00,26FJK0103149,26SO01314501,ALL NEW AEROX 155,PERAK,BAF BHL,30,1000000,29380000,JAKARTA,28,GD.SSM BEKASI
2026-08-14T00:00:00,26FJK0103150,26SO01314601,NMAX NEO S,BIRU,CASH,0,35190000,35640000,BEKASI,23,GD.SSM BEKASI
2026-08-14T00:00:00,26FJK0103151,26SO01314701,G ULTIMA HYBRID SMART,HITAM,BAF BHL,35,300000,23085000,BEKASI,1,SSM MOTOR
2026-08-14T00:00:00,26FJK0103152,26SO01314801,FAZZIO HYBRID NEO,UNGU MUDA,BAF CKR,30,500000,24650000,BEKASI,9,GD.SSM BEKASI
2026-08-14T00:00:00,26FJK0103153,26SO01314901,FAZZIO HYBRID NEO,PUTIH,BAF BHL,30,0,24405000,JAKARTA,2,GD.SSM BEKASI
2026-08-14T00:00:00,26FJK0103154,26SO01313501,G ULTIMA HYBRID,HITAM,BAF BHL,17,1100000,20240000,JAKARTA,0,GD.SSM BEKASI
2026-08-14T00:00:00,26JD01056901,26JD01056901,AEROX ALPHA,HITAM,CASH,0,24250546,24250546,"JAKARTA BARAT, Kota.",2,SSM MOTOR
2026-08-14T00:00:00,26JD01056902,26JD01056902,AEROX ALPHA,MERAH,CASH,0,24250546,24250546,"JAKARTA BARAT, Kota.",7,GD.SSM BEKASI
2026-08-14T00:00:00,26JD01056903,26JD01056903,NMAX NEO S,HITAM,CASH,0,28523874,28523874,"JAKARTA BARAT, Kota.",3,GD.SSM BEKASI
2026-08-15T00:00:00,26FJK0103155,26SO01307701,LEXI LX 155 CONNECTED,HITAM,BAF BHL,30,500000,27850000,"JAKARTA PUSAT, KOTA.",61,GD.SSM BEKASI
2026-08-15T00:00:00,26FJK0103156,26SO01315001,FAZZIO HYBRID NEO,UNGU MUDA,ADIRA DMGT,30,0,24405000,JAKARTA,4,SSM MOTOR
2026-08-15T00:00:00,26FJK0103157,26SO01315101,GRAND FILANO HYBRID NEO,UNGU MUDA,BAF BHL,30,100000,28665000,JAKAKARTA,16,GD.SSM BEKASI
2026-08-15T00:00:00,26FJK0103158,26SO01315301,NMAX NEO,HITAM,BAF BHL,30,700000,34565000,"JAKARTA BARAT, Kota.",50,SSM MOTOR
2026-08-15T00:00:00,26FJK0103159,26SO01315201,NMAX -TURBO- TECH MAX,ABU-ABU,CASH,0,46495000,46945000,"JAKARTA SELATAN, KOTA.",33,GD.SSM BEKASI
2026-08-15T00:00:00,26FJK0103160,26SO01315501,NMAX -TURBO-,ABU-ABU,CASH,0,38965000,39465000,JAKARATA BARAT,16,GD.SSM BEKASI
2026-08-15T00:00:00,26FJK0103161,26SO01315601,XMAX C,ABU-ABU,CASH,0,70015000,70015000,JAKARTA TIMUR,4,GD.SSM BEKASI
2026-08-15T00:00:00,26FJK0103162,26SO01315401,FAZZIO HYBRID NEO,UNGU MUDA,BAF CKR,30,3700000,24650000,BEKASI,9,GD.SSM BEKASI
2026-08-15T00:00:00,26FJK0103163,26SO01315701,G ULTIMA HYBRID SMART,BIRU,BAF CMPK,32,750000,22785000,JAKARTA,2,SSM MOTOR
2026-08-15T00:00:00,26FJK0103164,26SO01315801,NMAX NEO,HITAM,BAF BHL,30,300000,34565000,JAKARTA,58,GD.SSM BEKASI
2026-08-15T00:00:00,26FJK0103165,26SO01316001,GRAND FILANO HYBRID NEO,ABU-ABU,ADIRA KLPG,30,800000,28665000,JAKARTA,5,GD.SSM BEKASI
2026-08-15T00:00:00,26FJK0103166,26SO01316201,FAZZIO HYBRID,HITAM MERAH,BAF BHL,30,0,22820000,"JAKARTA BARAT, Kota.",22,GD.SSM BEKASI
2026-08-15T00:00:00,26FJK0103167,26SO01316401,ALL NEW AEROX 155,HITAM,BAF BHL,35,200000,29430000,BEKASI,3,GD.SSM BEKASI
2026-08-15T00:00:00,26FJK0103168,26SO01316501,GRAND FILANO HYBRID LUX,HITAM,BAF BHL,30,0,29145000,JAKARTA,66,SSM MOTOR
2026-08-15T00:00:00,26FJK0103169,26SO01316601,NMAX NEO S SPC LIVERY,HITAM,BAF CMPK,35,750000,36040000,BEKASI,74,GD.SSM BEKASI
2026-08-15T00:00:00,26FJK0103170,26SO01316701,AEROX ALPHA,HITAM,CASH,0,31390000,30820000,"BEKASI, KOTA.",8,GD.SSM BEKASI
2026-08-15T00:00:00,26JD01057001,26JD01057001,NMAX NEO S SPC LIVERY,HITAM,CASH,0,30000000,30000000,"JAKARTA BARAT, Kota.",74,GD.SSM BEKASI
2026-08-15T00:00:00,26JD01057002,26JD01057002,NMAX NEO S SPC LIVERY,HITAM,CASH,0,30000000,30000000,"JAKARTA BARAT, Kota.",74,GD.SSM BEKASI
2026-08-15T00:00:00,26JD01057003,26JD01057003,NMAX NEO S SPC LIVERY,HITAM,CASH,0,30000000,30000000,"JAKARTA BARAT, Kota.",74,GD.SSM BEKASI
2026-08-15T00:00:00,26JD01057004,26JD01057004,NMAX NEO S SPC LIVERY,HITAM,CASH,0,30000000,30000000,"JAKARTA BARAT, Kota.",74,GD.SSM BEKASI
2026-08-15T00:00:00,26JD01057005,26JD01057005,NMAX NEO S SPC LIVERY,HITAM,CASH,0,30000000,30000000,"JAKARTA BARAT, Kota.",74,GD.SSM BEKASI
2026-08-15T00:00:00,26JD01057101,26JD01057101,NMAX NEO S SPC LIVERY,HITAM,CASH,0,30000000,30000000,"JAKARTA BARAT, Kota.",74,GD.SSM BEKASI
2026-08-15T00:00:00,26JD01057102,26JD01057102,NMAX NEO S SPC LIVERY,HITAM,CASH,0,30000000,30000000,"JAKARTA BARAT, Kota.",74,GD.SSM BEKASI
2026-08-15T00:00:00,26JD01057103,26JD01057103,NMAX NEO S SPC LIVERY,HITAM,CASH,0,30000000,30000000,"JAKARTA BARAT, Kota.",74,GD.SSM BEKASI
2026-08-15T00:00:00,26JD01057104,26JD01057104,NMAX NEO S SPC LIVERY,HITAM,CASH,0,30000000,30000000,"JAKARTA BARAT, Kota.",74,GD.SSM BEKASI
2026-08-15T00:00:00,26JD01057201,26JD01057201,XMAX C,HITAM,CASH,0,60500000,60500000,"TANGERANG, Kab.",4,GD.SSM BEKASI
2026-08-15T00:00:00,26JD01057202,26JD01057202,XMAX C,HITAM,CASH,0,60500000,60500000,"TANGERANG, Kab.",4,GD.SSM BEKASI
2026-08-15T00:00:00,26JD01057203,26JD01057203,XMAX C,HITAM,CASH,0,60500000,60500000,"TANGERANG, Kab.",4,GD.SSM BEKASI
2026-08-15T00:00:00,26JD01057301,26JD01057301,NMAX NEO S SPC LIVERY,HITAM,CASH,0,30000000,30000000,"JAKARTA BARAT, Kota.",74,GD.SSM BEKASI
2026-08-16T00:00:00,26FJK0103171,26SO01316801,ALL NEW AEROX 155,HITAM,ADIRA DMGT,30,500000,29380000,JAKARTA,4,SSM MOTOR
2026-08-16T00:00:00,26FJK0103172,26SO01316901,NMAX NEO S,MERAH,BAF CKR,30,900000,35640000,"BEKASI, KAB.",52,GD.SSM BEKASI
2026-08-18T00:00:00,26FJK0103173,26SO01317101,FAZZIO HYBRID LUX,HIJAU,ADIRA CIPUTAT,30,600000,25350000,DEPOK,19,GD.SSM BEKASI
2026-08-18T00:00:00,26FJK0103174,26SO01317201,FAZZIO HYBRID,KUNING,BAF BHL,35,600000,23095000,BEKASI,12,GD.SSM BEKASI
2026-08-18T00:00:00,26FJK0103175,26SO01317301,FAZZIO HYBRID LUX,ABU-ABU TUA,ADIRA KLPG,35,300000,25095000,JAKARTA,18,GD.SSM BEKASI
2026-08-18T00:00:00,26FJK0103176,26SO01317401,GRAND FILANO HYBRID NEO,UNGU MUDA,ADIRA BKS,30,5900000,28710000,"BEKASI, KOTA.",18,GD.SSM BEKASI
2026-08-18T00:00:00,26FJK0103178,26SO01316301,AEROX ALPHA,MERAH,BAF BHL,30,1000000,30700000,JAKARTA UTARA,4,GD.SSM BEKASI
2026-08-18T00:00:00,26FJK0103179,26SO01317001,G ULTIMA HYBRID SOLID,COKLAT,BAF BHL,29,1400000,20660000,JAKARTA,4,GD.SSM BEKASI
2026-08-18T00:00:00,26FJK0103180,26SO01317701,AEROX ALPHA,MERAH,BAF BHL,30,1200000,30700000,"JAKARTA TIMUR, KOTA.",4,SSM MOTOR
2026-08-18T00:00:00,26FJK0103181,26SO01317801,NMAX NEO S,HITAM,BAF BHL,35,900000,35640000,BEKASI,8,GD.SSM BEKASI
2026-08-18T00:00:00,26FJK0103182,26SO01317901,NMAX NEO S,BIRU,CASH,0,35000000,35640000,"BEKASI, KOTA.",11,GD.SSM BEKASI
2026-08-18T00:00:00,26FJK0103183,26SO01318101,NMAX -TURBO-,ABU-ABU,BAF BHL,30,1300000,39465000,JAKARTA SELATAN,19,GD.SSM BEKASI
2026-08-18T00:00:00,26FJK0103184,26SO01318201,ALL NEW XSR 155,HITAM,CASH,0,40020000,40520000,KOTA BEKASI,4,GD.SSM BEKASI
2026-08-18T00:00:00,26FJK0103185,26SO01318001,G ULTIMA HYBRID,HITAM,BAF CMPK,35,550000,20240000,BEKASI,138,GD.SSM BEKASI
2026-08-18T00:00:00,26FJK0103186,26SO01318301,AEROX ALPHA,HITAM,BAF BHL,30,1200000,30700000,TANGERANG,5,GD.SSM BEKASI
2026-08-18T00:00:00,26FJK0103187,26SO01318401,FAZZIO HYBRID NEO,UNGU MUDA,BAF JAKARTA  2,26,700000,24405000,JAKARTA SELATAN,7,GD.SSM BEKASI
2026-08-18T00:00:00,26JD01057401,26JD01057401,NMAX NEO,HITAM,CASH,0,27573985,27573985,"JAKARTA BARAT, Kota.",35,SSM MOTOR
2026-08-18T00:00:00,26JD01057402,26JD01057402,NMAX NEO S,HITAM,CASH,0,28523874,28523874,"JAKARTA BARAT, Kota.",61,GD.SSM BEKASI
2026-08-18T00:00:00,26JD01057403,26JD01057403,AEROX ALPHA CYBERCITY ABS,UNGU,CASH,0,27917586,27917586,"JAKARTA BARAT, Kota.",10,SSM MOTOR
2026-08-18T00:00:00,26JD01057404,26JD01057404,NMAX -TURBO-,ABU-ABU,CASH,0,32025633,32025633,"JAKARTA BARAT, Kota.",19,GD.SSM BEKASI
2026-08-19T00:00:00,26FJK0103188,26SO01318501,WR 155 R,BIRU,CASH,0,35015000,35515000,"TANGERANG SELATAN, Kota.",5,GD.SSM BEKASI
2026-08-19T00:00:00,26FJK0103189,26SO01318502,WR 155 R,BIRU,CASH,0,35015000,35515000,"TANGERANG SELATAN, Kota.",5,GD.SSM BEKASI
2026-08-19T00:00:00,26FJK0103190,26SO01318503,WR 155 R,BIRU,CASH,0,35015000,35515000,"TANGERANG SELATAN, Kota.",5,GD.SSM BEKASI
2026-08-19T00:00:00,26FJK0103191,26SO01318601,FAZZIO HYBRID LUX,ABU-ABU TUA,ADIRA BKS,32,300000,25350000,"BEKASI, KOTA.",5,GD.SSM BEKASI
2026-08-19T00:00:00,26FJK0103192,26SO01318701,NMAX NEO,HITAM,BAF TGR,30,700000,34665000,"TANGERANG, KAB.",30,GD.SSM BEKASI
2026-08-19T00:00:00,26FJK0103193,26SO01318801,XMAX C,HITAM,ADIRA DMGT,23,13800000,70880000,TANGERANG,8,GD.SSM BEKASI
2026-08-19T00:00:00,26FJK0103194,26SO01318901,GRAND FILANO HYBRID NEO,HIJAU,BAF CMPK,26,850000,28710000,"BEKASI, KOTA.",165,GD.SSM BEKASI
2026-08-19T00:00:00,26FJK0103195,26SO01319001,FAZZIO HYBRID NEO,HIJAU MUDA,BAF JAKARTA  2,11,2000000,24650000,"BEKASI, KAB.",19,GD.SSM BEKASI
2026-08-19T00:00:00,26FJK0103196,26SO01319101,GRAND FILANO HYBRID LUX,PERAK MUDA,ADIRA KLPG,30,200000,29145000,"JAKARTA PUSAT, KOTA.",112,GD.SSM BEKASI
2026-08-19T00:00:00,26FJK0103197,26SO01319201,ALL NEW XSR 155,HITAM,CASH,0,40020000,40520000,BEKASI,6,GD.SSM BEKASI
2026-08-19T00:00:00,26FJK0103198,26SO01319301,FAZZIO HYBRID,KUNING,ADIRA BKS,30,600000,23095000,"BEKASI, KOTA.",13,GD.SSM BEKASI
2026-08-19T00:00:00,26FJK0103199,26SO01319601,GRAND FILANO HYBRID NEO,HIJAU,BAF JAKARTA  2,35,400000,28710000,BEKASI,19,GD.SSM BEKASI
2026-08-19T00:00:00,26FJK0103200,26SO01319401,NMAX NEO S,HITAM,BAF CKR,11,2900000,35640000,BEKASI,9,GD.SSM BEKASI
2026-08-19T00:00:00,26FJK0103201,26SO01319501,LEXI LX 155 S CONNECTED,COKLAT,ADIRA BKS,35,800000,29650000,"JAKARTA TIMUR, KOTA.",8,SSM MOTOR
2026-08-19T00:00:00,26FJK0103202,26SO01319701,FREEGO 125 C,PERAK,CASH,0,24650000,24650000,"JAKARTA UTARA, KOTA.",99,GD.SSM BEKASI
2026-08-19T00:00:00,26FJK0103203,26SO01319801,ALL NEW XRIDE 125,COKLAT,CASH,0,20835000,21135000,"JAKARTA TIMUR, KOTA.",9,GD.SSM BEKASI
2026-08-19T00:00:00,26FJK0103204,26SO01315901,LEXI LX 155 CONNECTED,HIJAU,BAF CMPK,30,500000,27850000,JAKARTA,0,GD.SSM BEKASI
2026-08-19T00:00:00,26FJK0103205,26SO01319901,NMAX NEO S,BIRU,BAF CKR,35,900000,35640000,BEKASI,28,GD.SSM BEKASI
2026-08-19T00:00:00,26JD01057501,26JD01057501,AEROX ALPHA,HITAM,CASH,0,26000000,26000000,"JAKARTA SELATAN, Kota.",1,GD.SSM BEKASI
2026-08-19T00:00:00,26JD01057502,26JD01057502,AEROX ALPHA,HITAM,CASH,0,26000000,26000000,"JAKARTA SELATAN, Kota.",1,GD.SSM BEKASI
2026-08-19T00:00:00,26JD01057503,26JD01057503,AEROX ALPHA,HITAM,CASH,0,26000000,26000000,"JAKARTA SELATAN, Kota.",5,GD.SSM BEKASI
2026-08-19T00:00:00,26JD01057504,26JD01057504,AEROX ALPHA,HITAM,CASH,0,26000000,26000000,"JAKARTA SELATAN, Kota.",5,GD.SSM BEKASI
2026-08-19T00:00:00,26JD01057601,26JD01057601,AEROX ALPHA,HITAM,CASH,0,26000000,26000000,"JAKARTA SELATAN, Kota.",5,GD.SSM BEKASI
2026-08-19T00:00:00,26JD01057602,26JD01057602,AEROX ALPHA,HITAM,CASH,0,26000000,26000000,"JAKARTA SELATAN, Kota.",5,GD.SSM BEKASI
2026-08-19T00:00:00,26JD01057603,26JD01057603,AEROX ALPHA,HITAM,CASH,0,26000000,26000000,"JAKARTA SELATAN, Kota.",5,GD.SSM BEKASI
2026-08-19T00:00:00,26JD01057604,26JD01057604,AEROX ALPHA,HITAM,CASH,0,26000000,26000000,"JAKARTA SELATAN, Kota.",5,GD.SSM BEKASI
2026-08-19T00:00:00,26JD01057701,26JD01057701,AEROX ALPHA,HITAM,CASH,0,26000000,26000000,"JAKARTA SELATAN, Kota.",5,GD.SSM BEKASI
2026-08-19T00:00:00,26JD01057702,26JD01057702,AEROX ALPHA,HITAM,CASH,0,26000000,26000000,"JAKARTA SELATAN, Kota.",5,GD.SSM BEKASI
2026-08-19T00:00:00,26JD01057703,26JD01057703,AEROX ALPHA,HITAM,CASH,0,26000000,26000000,"JAKARTA SELATAN, Kota.",5,GD.SSM BEKASI
2026-08-19T00:00:00,26JD01057704,26JD01057704,AEROX ALPHA,HITAM,CASH,0,26000000,26000000,"JAKARTA SELATAN, Kota.",7,SSM MOTOR
2026-08-19T00:00:00,26JD01057801,26JD01057801,AEROX ALPHA,HITAM,CASH,0,26000000,26000000,"JAKARTA SELATAN, Kota.",5,GD.SSM BEKASI
2026-08-19T00:00:00,26JD01057802,26JD01057802,AEROX ALPHA,HITAM,CASH,0,26000000,26000000,"JAKARTA SELATAN, Kota.",7,SSM MOTOR
2026-08-19T00:00:00,26JD01057803,26JD01057803,AEROX ALPHA,HITAM,CASH,0,26000000,26000000,"JAKARTA SELATAN, Kota.",5,GD.SSM BEKASI
2026-08-19T00:00:00,26JD01057901,26JD01057901,AEROX ALPHA,BIRU,CASH,0,26000000,26000000,"JAKARTA BARAT, Kota.",5,SSM MOTOR
2026-08-19T00:00:00,26JD01057902,26JD01057902,AEROX ALPHA,BIRU,CASH,0,26000000,26000000,"JAKARTA BARAT, Kota.",5,GD.SSM BEKASI
2026-08-19T00:00:00,26JD01057903,26JD01057903,AEROX ALPHA,BIRU,CASH,0,26000000,26000000,"JAKARTA BARAT, Kota.",5,SSM MOTOR
2026-08-19T00:00:00,26JD01057904,26JD01057904,AEROX ALPHA,BIRU,CASH,0,26000000,26000000,"JAKARTA BARAT, Kota.",5,SSM MOTOR
2026-08-19T00:00:00,26JD01058001,26JD01058001,AEROX ALPHA,BIRU,CASH,0,26000000,26000000,"JAKARTA BARAT, Kota.",6,SSM MOTOR
2026-08-19T00:00:00,26JD01058002,26JD01058002,AEROX ALPHA,BIRU,CASH,0,26000000,26000000,"JAKARTA BARAT, Kota.",5,GD.SSM BEKASI
2026-08-19T00:00:00,26JD01058003,26JD01058003,AEROX ALPHA,BIRU,CASH,0,26000000,26000000,"JAKARTA BARAT, Kota.",5,GD.SSM BEKASI
2026-08-19T00:00:00,26JD01058101,26JD01058101,NMAX -TURBO- TECH MAX,ABU-ABU,CASH,0,38000000,38000000,"JAKARTA BARAT, Kota.",8,GD.SSM BEKASI
2026-08-19T00:00:00,26JD01058102,26JD01058102,NMAX -TURBO- TECH MAX,ABU-ABU,CASH,0,38000000,38000000,"JAKARTA BARAT, Kota.",30,GD.SSM BEKASI
2026-08-19T00:00:00,26JD01058103,26JD01058103,NMAX -TURBO- TECH MAX,ABU-ABU,CASH,0,38000000,38000000,"JAKARTA BARAT, Kota.",30,GD.SSM BEKASI
2026-08-19T00:00:00,26JD01058104,26JD01058104,NMAX -TURBO- TECH MAX,ABU-ABU,CASH,0,38000000,38000000,"JAKARTA BARAT, Kota.",130,GD.SSM BEKASI
2026-08-19T00:00:00,26JD01058105,26JD01058105,NMAX -TURBO- TECH MAX,ABU-ABU,CASH,0,38000000,38000000,"JAKARTA BARAT, Kota.",165,GD.SSM BEKASI
2026-08-19T00:00:00,26JD01058106,26JD01058106,NMAX -TURBO- TECH MAX,ABU-ABU,CASH,0,38000000,38000000,"JAKARTA BARAT, Kota.",68,SSM MOTOR
2026-08-19T00:00:00,26JD01058107,26JD01058107,NMAX -TURBO- TECH MAX,ABU-ABU,CASH,0,38000000,38000000,"JAKARTA BARAT, Kota.",34,GD.SSM BEKASI
2026-08-19T00:00:00,26JD01058108,26JD01058108,NMAX -TURBO- TECH MAX,ABU-ABU,CASH,0,38000000,38000000,"JAKARTA BARAT, Kota.",51,GD.SSM BEKASI
2026-08-19T00:00:00,26JD01058109,26JD01058109,NMAX -TURBO- TECH MAX,ABU-ABU,CASH,0,38000000,38000000,"JAKARTA BARAT, Kota.",62,GD.SSM BEKASI
2026-08-19T00:00:00,26JD01058110,26JD01058110,NMAX -TURBO- TECH MAX,ABU-ABU,CASH,0,38000000,38000000,"JAKARTA BARAT, Kota.",62,GD.SSM BEKASI
2026-08-19T00:00:00,26JD01058111,26JD01058111,NMAX -TURBO- TECH MAX,ABU-ABU,CASH,0,38000000,38000000,"JAKARTA BARAT, Kota.",15,GD.SSM BEKASI
2026-08-19T00:00:00,26JD01058112,26JD01058112,NMAX -TURBO- TECH MAX,ABU-ABU,CASH,0,38000000,38000000,"JAKARTA BARAT, Kota.",177,GD.SSM BEKASI
2026-08-19T00:00:00,26JD01058113,26JD01058113,NMAX -TURBO- TECH MAX,ABU-ABU,CASH,0,38000000,38000000,"JAKARTA BARAT, Kota.",29,GD.SSM BEKASI
2026-08-19T00:00:00,26JD01058114,26JD01058114,NMAX -TURBO- TECH MAX,ABU-ABU,CASH,0,38000000,38000000,"JAKARTA BARAT, Kota.",182,GD.SSM BEKASI
2026-08-19T00:00:00,26JD01058115,26JD01058115,NMAX -TURBO- TECH MAX,ABU-ABU,CASH,0,38000000,38000000,"JAKARTA BARAT, Kota.",69,GD.SSM BEKASI
2026-08-19T00:00:00,26JD01058116,26JD01058116,NMAX -TURBO- TECH MAX,ABU-ABU,CASH,0,38000000,38000000,"JAKARTA BARAT, Kota.",75,SSM MOTOR
2026-08-19T00:00:00,26JD01058117,26JD01058117,NMAX -TURBO- TECH MAX,ABU-ABU,CASH,0,38000000,38000000,"JAKARTA BARAT, Kota.",69,GD.SSM BEKASI
2026-08-19T00:00:00,26JD01058118,26JD01058118,NMAX -TURBO- TECH MAX,ABU-ABU,CASH,0,38000000,38000000,"JAKARTA BARAT, Kota.",69,GD.SSM BEKASI
2026-08-19T00:00:00,26JD01058119,26JD01058119,NMAX -TURBO- TECH MAX,ABU-ABU,CASH,0,38000000,38000000,"JAKARTA BARAT, Kota.",75,GD.SSM BEKASI
2026-08-19T00:00:00,26JD01058120,26JD01058120,NMAX -TURBO- TECH MAX,PERAK,CASH,0,38000000,38000000,"JAKARTA BARAT, Kota.",113,GD.SSM BEKASI
2026-08-19T00:00:00,26JD01058121,26JD01058121,NMAX -TURBO- TECH MAX,PERAK,CASH,0,38000000,38000000,"JAKARTA BARAT, Kota.",104,GD.SSM BEKASI
2026-08-19T00:00:00,26JD01058122,26JD01058122,NMAX -TURBO- TECH MAX,PERAK,CASH,0,38000000,38000000,"JAKARTA BARAT, Kota.",93,GD.SSM BEKASI
2026-08-19T00:00:00,26JD01058123,26JD01058123,NMAX -TURBO- TECH MAX,PERAK,CASH,0,38000000,38000000,"JAKARTA BARAT, Kota.",123,GD.SSM BEKASI
2026-08-19T00:00:00,26JD01058124,26JD01058124,NMAX -TURBO- TECH MAX,PERAK,CASH,0,38000000,38000000,"JAKARTA BARAT, Kota.",93,GD.SSM BEKASI
2026-08-19T00:00:00,26JD01058201,26JD01058201,NMAX -TURBO- TECH MAX,PERAK,CASH,0,38000000,38000000,"JAKARTA BARAT, Kota.",118,SSM MOTOR
2026-08-19T00:00:00,26JD01058202,26JD01058202,NMAX -TURBO- TECH MAX,ABU-ABU,CASH,0,38000000,38000000,"JAKARTA BARAT, Kota.",49,GD.SSM BEKASI
2026-08-19T00:00:00,26JD01058203,26JD01058203,NMAX -TURBO- TECH MAX,PERAK,CASH,0,38000000,38000000,"JAKARTA BARAT, Kota.",128,GD.SSM BEKASI
2026-08-19T00:00:00,26JD01058204,26JD01058204,NMAX -TURBO- TECH MAX,PERAK,CASH,0,38000000,38000000,"JAKARTA BARAT, Kota.",167,GD.SSM BEKASI
2026-08-19T00:00:00,26JD01058301,26JD01058301,NMAX -TURBO- TECH MAX,PERAK,CASH,0,38000000,38000000,"JAKARTA BARAT, Kota.",113,GD.SSM BEKASI
2026-08-19T00:00:00,26JD01058302,26JD01058302,NMAX -TURBO- TECH MAX,PERAK,CASH,0,38000000,38000000,"JAKARTA BARAT, Kota.",130,GD.SSM BEKASI
2026-08-19T00:00:00,26JD01058303,26JD01058303,NMAX -TURBO- TECH MAX,PERAK,CASH,0,38000000,38000000,"JAKARTA BARAT, Kota.",105,GD.SSM BEKASI
2026-08-19T00:00:00,26JD01058401,26JD01058401,NMAX -TURBO- TECH MAX,PERAK,CASH,0,38000000,38000000,"JAKARTA BARAT, Kota.",113,GD.SSM BEKASI
2026-08-19T00:00:00,26JD01058402,26JD01058402,NMAX -TURBO- TECH MAX,ABU-ABU,CASH,0,38000000,38000000,"JAKARTA BARAT, Kota.",42,GD.SSM BEKASI
2026-08-19T00:00:00,26JD01058403,26JD01058403,NMAX -TURBO- TECH MAX,ABU-ABU,CASH,0,38000000,38000000,"JAKARTA BARAT, Kota.",75,GD.SSM BEKASI
2026-08-20T00:00:00,26FJK0103206,26SO01320001,FAZZIO STARRY NIGHT,PERAK MUDA,BAF BHL,32,900000,25250000,BEKASI,143,GD.SSM BEKASI
2026-08-20T00:00:00,26FJK0103207,26SO01320101,ALL NEW AEROX 155,HITAM,BAF BHL,30,0,29380000,"JAKARTA SELATAN, KOTA.",94,GD.SSM BEKASI
2026-08-20T00:00:00,26FJK0103208,26SO01320301,G ULTIMA HYBRID SMART,BIRU,CASH,0,22835000,23085000,BEKASI,9,GD.SSM BEKASI
2026-08-20T00:00:00,26FJK0103209,26SO01320401,GRAND FILANO HYBRID NEO,HIJAU,ADIRA HI,35,600000,28710000,"BEKASI, KOTA.",9,GD.SSM BEKASI
2026-08-20T00:00:00,26FJK0103210,26SO01311001,FREEGO 125,HITAM,CASH,0,22905000,23355000,BEKASI,1,GD.SSM BEKASI
2026-08-20T00:00:00,26FJK0103211,26SO01320601,GRAND FILANO HYBRID LUX,PERAK MUDA,BAF CKR,26,1200000,29460000,"BEKASI, KAB.",9,GD.SSM BEKASI
2026-08-20T00:00:00,26FJK0103212,26SO01320701,FAZZIO STARRY NIGHT,PERAK MUDA,BAF BHL,30,0,25250000,"JAKARTA UTARA, KOTA.",127,GD.SSM BEKASI
2026-08-20T00:00:00,26FJK0103213,26SO01320801,NMAX NEO S,HITAM,BAF CKR,23,2100000,35640000,BEKASI,10,GD.SSM BEKASI
2026-08-20T00:00:00,26FJK0103214,26SO01320501,LEXI LX 155 CONNECTED,HITAM,BAF CKR,35,350000,28320000,BEKASI,1,SSM MOTOR
2026-08-20T00:00:00,26FJK0103215,26SO01320901,NMAX NEO S,PUTIH,BAF BHL,35,3800000,35640000,"BEKASI, KOTA.",61,GD.SSM BEKASI
2026-08-20T00:00:00,26FJK0103216,26SO01321001,NMAX NEO S,BIRU,BAF BHL,30,900000,35555000,"JAKARTA UTARA, KOTA.",29,GD.SSM BEKASI
2026-08-20T00:00:00,26FJK0103217,26SO01321101,FAZZIO HYBRID NEO,UNGU,BAF JAKARTA  2,35,0,24650000,BEKASI,89,GD.SSM BEKASI
2026-08-20T00:00:00,26FJK0103218,26SO01321201,G ULTIMA HYBRID SMART,BIRU,ADIRA TBN,29,800000,23085000,KOTA BEKASI,9,GD.SSM BEKASI
2026-08-20T00:00:00,26FJK0103219,26SO01321301,AEROX ALPHA,BIRU,ADIRA HI,17,7000000,30820000,"BEKASI, KOTA.",13,GD.SSM BEKASI
2026-08-20T00:00:00,26FJK0103220,26SO01321401,NMAX NEO S,BIRU,ADIRA HI,35,100000,35555000,"JAKARTA TIMUR, KOTA.",1,SSM MOTOR
2026-08-20T00:00:00,26FJK0103221,26SO01321501,GRAND FILANO HYBRID NEO,ABU-ABU,BAF BHL,32,0,28665000,BEKASI,20,GD.SSM BEKASI
2026-08-20T00:00:00,26FJK0103222,26SO01321601,GRAND FILANO HYBRID NEO,HIJAU,ADIRA DMGT,30,0,28665000,JAKARTA BARAT,20,GD.SSM BEKASI
2026-08-20T00:00:00,26FJK0103223,26SO01321701,NMAX NEO S,BIRU,BAF JAKARTA  2,35,2200000,35640000,"BEKASI, KOTA.",6,GD.SSM BEKASI
2026-08-20T00:00:00,26JD01058501,26JD01058501,AEROX ALPHA,MERAH,CASH,0,26000000,26000000,"JAKARTA SELATAN, Kota.",6,GD.SSM BEKASI
2026-08-20T00:00:00,26JD01058502,26JD01058502,AEROX ALPHA,MERAH,CASH,0,26000000,26000000,"JAKARTA SELATAN, Kota.",33,GD.SSM BEKASI
2026-08-20T00:00:00,26JD01058503,26JD01058503,AEROX ALPHA,HITAM,CASH,0,26000000,26000000,"JAKARTA SELATAN, Kota.",6,GD.SSM BEKASI
2026-08-20T00:00:00,26JD01058504,26JD01058504,AEROX ALPHA,HITAM,CASH,0,26000000,26000000,"JAKARTA SELATAN, Kota.",6,GD.SSM BEKASI
2026-08-20T00:00:00,26JD01058505,26JD01058505,AEROX ALPHA,HITAM,CASH,0,26000000,26000000,"JAKARTA SELATAN, Kota.",6,GD.SSM BEKASI
2026-08-20T00:00:00,26JD01058601,26JD01058601,FAZZIO HYBRID,HITAM MERAH,CASH,0,17489655,17489655,"JAKARTA BARAT, Kota.",10,GD.SSM BEKASI
2026-08-20T00:00:00,26JD01058602,26JD01058602,NMAX -TURBO-,PERAK,CASH,0,32025633,32025633,"JAKARTA BARAT, Kota.",17,GD.SSM BEKASI
2026-08-21T00:00:00,26FJK0103224,26SO01317601,G ULTIMA HYBRID S,ABU-ABU TUA,BAF CIKUPA,35,800000,21650000,JAKARTA BARAT,189,GD.SSM BEKASI
2026-08-21T00:00:00,26FJK0103225,26SO01321801,NMAX NEO,HITAM,BAF BHL,30,300000,34565000,JAKARTA,32,GD.SSM BEKASI
2026-08-21T00:00:00,26FJK0103226,26SO01321902,FREEGO 125 C,HITAM,BAF BHL,35,700000,24650000,"JAKARTA BARAT, KOTA.",3,GD.SSM BEKASI
2026-08-21T00:00:00,26FJK0103227,26SO01322001,FAZZIO HYBRID NEO,UNGU,ADIRA CIBINONG,30,0,24850000,"BOGOR, KAB.",104,GD.SSM BEKASI
2026-08-21T00:00:00,26FJK0103228,26SO01322201,G ULTIMA HYBRID SMART,BIRU,BAF BHL,32,500000,22785000,JAKARTA,18,SSM MOTOR
2026-08-21T00:00:00,26FJK0103229,26SO01322401,FAZZIO HYBRID NEO,UNGU,BAF BHL,30,0,24405000,"JAKARTA BARAT, KOTA.",97,GD.SSM BEKASI
2026-08-21T00:00:00,26FJK0103230,26SO01322101,GRAND FILANO HYBRID LUX,HITAM,BAF BHL,30,0,29145000,JAKARTA TIMUR,1,GD.SSM BEKASI
2026-08-21T00:00:00,26FJK0103231,26SO01322301,AEROX ALPHA,HITAM,OTO KDY,17,1800000,30700000,JAKARTA,1,GD.SSM BEKASI
2026-08-21T00:00:00,26FJK0103232,26SO01322501,AEROX ALPHA CYBERCITY,BIRU,ADIRA BKS,28,1400000,31370000,"BEKASI, KOTA.",1,GD.SSM BEKASI
2026-08-21T00:00:00,26FJK0103233,26SO01317501,G ULTIMA HYBRID,HITAM,BAF DPK,35,800000,20240000,JAKARTA TIMUR,1,GD.SSM BEKASI
2026-08-21T00:00:00,26FJK0103234,26SO01322601,NMAX NEO S,HITAM,BAF BHL,30,400000,35555000,JAKARTA,10,GD.SSM BEKASI
2026-08-21T00:00:00,26FJK0103235,26SO01322701,AEROX ALPHA,HITAM,BAF BHL,30,2000000,30700000,"JAKARTA UTARA, KOTA.",1,GD.SSM BEKASI
2026-08-21T00:00:00,26FJK0103236,26SO01322901,GRAND FILANO HYBRID NEO,ABU-ABU,BAF BHL,35,1500000,28710000,BEKASI,21,GD.SSM BEKASI
2026-08-21T00:00:00,26FJK0103238,26SO01323001,NMAX NEO,HITAM,BAF BHL,33,800000,34565000,JAKARTA,62,GD.SSM BEKASI
2026-08-21T00:00:00,26FJK0103239,26SO01323201,NMAX NEO S,HITAM,BAF BHL,35,100000,35640000,BEKASI,1,GD.SSM BEKASI
2026-08-21T00:00:00,26FJK0103240,26SO01323401,MIO M3 CW,MERAH,CASH,0,14965000,14865000,"BEKASI, Kota.",16,GD.SSM BEKASI
2026-08-21T00:00:00,26FJK0103241,26SO01323402,MIO M3 CW,HITAM,CASH,0,14965000,14865000,"BEKASI, Kota.",1,GD.SSM BEKASI
2026-08-21T00:00:00,26FJK0103242,26SO01323403,MIO M3 CW,PERAK HIJAU,CASH,0,14965000,14865000,"BEKASI, Kota.",10,GD.SSM BEKASI
2026-08-21T00:00:00,26FJK0103243,26SO01323404,MIO M3 CW,MERAH,CASH,0,14965000,14865000,"BEKASI, Kota.",1,GD.SSM BEKASI
2026-08-21T00:00:00,26FJK0103244,26SO01323405,MIO M3 CW,PERAK HIJAU,CASH,0,14965000,14865000,"BEKASI, Kota.",10,SSM MOTOR
2026-08-21T00:00:00,26FJK0103245,26SO01323406,MIO M3 CW,HITAM,CASH,0,14965000,14865000,"BEKASI, Kota.",8,GD.SSM BEKASI
2026-08-21T00:00:00,26FJK0103246,26SO01323407,MIO M3 CW,PERAK HIJAU,CASH,0,14965000,14865000,"BEKASI, Kota.",8,GD.SSM BEKASI
2026-08-21T00:00:00,26FJK0103247,26SO01323408,MIO M3 CW,MERAH,CASH,0,14965000,14865000,"BEKASI, Kota.",1,GD.SSM BEKASI
2026-08-21T00:00:00,26FJK0103248,26SO01323409,MIO M3 CW,HITAM,CASH,0,14965000,14865000,"BEKASI, Kota.",8,SSM MOTOR
2026-08-21T00:00:00,26FJK0103249,26SO01323501,MIO M3 CW,PERAK HIJAU,CASH,0,14965000,14865000,"BEKASI, Kota.",1,GD.SSM BEKASI
2026-08-21T00:00:00,26JD01058701,26JD01058701,ALL NEW XSR 155,HITAM,CASH,0,32737018,32737018,"JAKARTA BARAT, Kota.",8,GD.SSM BEKASI
2026-08-21T00:00:00,26JD01058702,26JD01058702,G ULTIMA HYBRID SOLID,COKLAT,CASH,0,16211658,16211658,"JAKARTA BARAT, Kota.",7,SSM MOTOR
2026-08-21T00:00:00,26JD01058703,26JD01058703,AEROX ALPHA,HITAM,CASH,0,24250546,24250546,"JAKARTA BARAT, Kota.",1,GD.SSM BEKASI
2026-08-21T00:00:00,26JD01058801,26JD01058801,NMAX NEO S,HITAM,CASH,0,29400000,29400000,"JAKARTA BARAT, Kota.",32,GD.SSM BEKASI
2026-08-21T00:00:00,26JD01058802,26JD01058802,NMAX NEO S,HITAM,CASH,0,29400000,29400000,"JAKARTA BARAT, Kota.",32,SSM MOTOR
2026-08-21T00:00:00,26JD01058803,26JD01058803,NMAX NEO S,HITAM,CASH,0,29400000,29400000,"JAKARTA BARAT, Kota.",21,GD.SSM BEKASI
2026-08-21T00:00:00,26JD01058804,26JD01058804,NMAX NEO S,HITAM,CASH,0,29400000,29400000,"JAKARTA BARAT, Kota.",21,GD.SSM BEKASI
2026-08-21T00:00:00,26JD01058901,26JD01058901,NMAX NEO S,HITAM,CASH,0,29400000,29400000,"JAKARTA BARAT, Kota.",56,GD.SSM BEKASI
2026-08-21T00:00:00,26JD01058902,26JD01058902,NMAX NEO S,HITAM,CASH,0,29400000,29400000,"JAKARTA BARAT, Kota.",62,GD.SSM BEKASI
2026-08-21T00:00:00,26JD01058903,26JD01058903,NMAX NEO S,HITAM,CASH,0,29400000,29400000,"JAKARTA BARAT, Kota.",62,GD.SSM BEKASI
2026-08-21T00:00:00,26JD01059001,26JD01059001,AEROX ALPHA -TURBO-,PERAK,CASH,0,34500000,34500000,"JAKARTA BARAT, Kota.",72,GD.SSM BEKASI
2026-08-21T00:00:00,26JD01059002,26JD01059002,AEROX ALPHA -TURBO-,PERAK,CASH,0,34500000,34500000,"JAKARTA BARAT, Kota.",62,GD.SSM BEKASI
2026-08-21T00:00:00,26JD01059003,26JD01059003,AEROX ALPHA -TURBO-,PERAK,CASH,0,34500000,34500000,"JAKARTA BARAT, Kota.",97,GD.SSM BEKASI
2026-08-21T00:00:00,26JD01059004,26JD01059004,AEROX ALPHA -TURBO-,PERAK,CASH,0,34500000,34500000,"JAKARTA BARAT, Kota.",97,GD.SSM BEKASI
2026-08-22T00:00:00,26FJK0103250,26SO01323301,FAZZIO STARRY NIGHT,PERAK MUDA,BAF JAKARTA  2,20,500000,25250000,"JAKARTA TIMUR, KOTA.",142,GD.SSM BEKASI
2026-08-22T00:00:00,26FJK0103251,26SO01323701,NMAX NEO S,HITAM,BAF JAKARTA  2,30,7100000,35555000,"JAKARTA TIMUR, KOTA.",22,GD.SSM BEKASI
2026-08-22T00:00:00,26FJK0103252,26SO01322801,G ULTIMA HYBRID SOLID,COKLAT,BAF BHL,32,0,20660000,"JAKARTA SELATAN, KOTA.",8,GD.SSM BEKASI
2026-08-22T00:00:00,26FJK0103253,26SO01323601,FAZZIO HYBRID NEO,PUTIH,CASH,0,24200000,24650000,"BEKASI, KAB.",23,GD.SSM BEKASI
2026-08-22T00:00:00,26FJK0103255,26SO01323901,G ULTIMA HYBRID SMART,BIRU,ADIRA TBN,29,1400000,23085000,KAB,45,GD.SSM BEKASI
2026-08-22T00:00:00,26FJK0103256,26SO01323101,G ULTIMA HYBRID SOLID,COKLAT,BAF JAKARTA  2,35,0,20660000,"JAKARTA TIMUR, KOTA.",8,GD.SSM BEKASI
2026-08-22T00:00:00,26FJK0103257,26SO01324001,GRAND FILANO HYBRID NEO,UNGU MUDA,BAF CMPK,30,4200000,28665000,"JAKARTA TIMUR, KOTA.",10,SSM MOTOR
2026-08-22T00:00:00,26FJK0103258,26SO01324101,FAZZIO HYBRID,BIRU PUTIH,BAF CMPK,32,250000,22820000,BEKASI,121,GD.SSM BEKASI
2026-08-22T00:00:00,26FJK0103259,26SO01324301,FAZZIO HYBRID NEO,UNGU MUDA,BAF JAKARTA  2,35,0,24650000,BEKASI,17,GD.SSM BEKASI
2026-08-22T00:00:00,26JD01059101,26JD01059101,FAZZIO HYBRID,BIRU PUTIH,CASH,0,17489655,17489655,KOTA BEKASI,18,GD.SSM BEKASI
2026-08-23T00:00:00,26FJK0103260,26SO01324701,FAZZIO HYBRID NEO,UNGU MUDA,BAF BHL,30,0,24405000,JAKARTA BARAT,18,GD.SSM BEKASI
2026-08-23T00:00:00,26FJK0103261,26SO01324801,FAZZIO HYBRID LUX,ABU-ABU TUA,ADIRA DMGT,11,5300000,25550000,"TANGERANG, KAB.",23,GD.SSM BEKASI
2026-08-23T00:00:00,26FJK0103262,26SO01324901,GRAND FILANO HYBRID LUX,PERAK MUDA,BAF BHL,30,200000,29145000,BEKASI,20,GD.SSM BEKASI
2026-08-23T00:00:00,26FJK0103263,26SO01325001,NMAX NEO S,HITAM,BAF BHL,35,400000,35640000,BEKASI,4,SSM MOTOR
2026-08-23T00:00:00,26FJK0103264,26SO01324401,NMAX NEO S,HITAM,BAF BHL,35,900000,35640000,BEKASI,3,SSM MOTOR
2026-08-23T00:00:00,26FJK0103265,26SO01324501,GRAND FILANO HYBRID NEO,UNGU MUDA,BAF BHL,35,600000,28710000,"BEKASI, KOTA.",64,GD.SSM BEKASI
2026-08-23T00:00:00,26FJK0103266,26SO01325101,GRAND FILANO HYBRID NEO,UNGU MUDA,BAF CKR,32,0,28710000,BEKASI,24,GD.SSM BEKASI
2026-08-23T00:00:00,26FJK0103267,26SO01325201,FAZZIO HYBRID,HITAM,ADR KTPG,32,0,22820000,"JAKARTA UTARA, KOTA.",215,GD.SSM BEKASI
2026-08-23T00:00:00,26FJK0103268,26SO01324601,AEROX ALPHA,HITAM,BAF JAKARTA  2,17,3600000,30700000,"JAKARTA UTARA, KOTA.",3,GD.SSM BEKASI
2026-08-24T00:00:00,26FJK0103269,26SO01325401,G ULTIMA HYBRID,PUTIH,BAF JAKARTA  2,32,0,20240000,"JAKARTA BARAT, KOTA.",4,SSM MOTOR
2026-08-24T00:00:00,26FJK0103270,26SO01325701,G ULTIMA HYBRID SOLID,ABU-ABU,ADR KTPG,35,800000,20660000,"JAKARTA BARAT, KOTA.",3,GD.SSM BEKASI
2026-08-24T00:00:00,26FJK0103271,26SO01325501,FAZZIO HYBRID,HITAM MERAH,ADIRA KLPG,32,0,22820000,"JAKARTA UTARA, KOTA.",23,GD.SSM BEKASI
2026-08-24T00:00:00,26FJK0103272,26SO01325301,FAZZIO HYBRID NEO,PUTIH,BAF BHL,35,250000,24650000,"BEKASI, KOTA.",25,GD.SSM BEKASI
2026-08-24T00:00:00,26FJK0103273,26SO01325601,NMAX NEO S,BIRU,ADIRA DMGT,30,1800000,35555000,JAKARTA BARAT,2,GD.SSM BEKASI
2026-08-24T00:00:00,26FJK0103274,26SO01325901,ALL NEW AEROX 155,MERAH,ADIRA TBN,23,3500000,29625000,"BOGOR, KAB.",66,GD.SSM BEKASI
2026-08-24T00:00:00,26FJK0103275,26SO01326001,G ULTIMA HYBRID SMART,BIRU,BAF BHL,35,300000,22785000,JAKARTA SELATAN,47,SSM MOTOR
2026-08-24T00:00:00,26FJK0103276,26SO01327101,WR 155 R,BIRU,CASH,0,35515000,35515000,"JAKARTA BARAT, Kota.",6,GD.SSM BEKASI
2026-08-24T00:00:00,26FJK0103277,26SO01327102,WR 155 R,BIRU,CASH,0,35515000,35515000,"JAKARTA BARAT, Kota.",6,GD.SSM BEKASI
2026-08-24T00:00:00,26FJK0103278,26SO01327103,WR 155 R,BIRU,CASH,0,35515000,35515000,"JAKARTA BARAT, Kota.",6,GD.SSM BEKASI
2026-08-24T00:00:00,26FJK0103279,26SO01327104,WR 155 R,BIRU,CASH,0,35515000,35515000,"JAKARTA BARAT, Kota.",2,GD.SSM BEKASI
2026-08-24T00:00:00,26FJK0103280,26SO01326101,GRAND FILANO HYBRID NEO,PUTIH,BAF BHL,30,600000,28665000,JAKARTA PUSAT,21,GD.SSM BEKASI
2026-08-24T00:00:00,26FJK0103281,26SO01326301,NMAX NEO S,PUTIH,BAF CKR,11,2300000,35640000,KAB BEKASI,16,SSM MOTOR
2026-08-24T00:00:00,26FJK0103282,26SO01326401,FAZZIO HYBRID,ABU PINK,BAF BHL,32,0,22820000,"JAKARTA PUSAT, KOTA.",35,GD.SSM BEKASI
2026-08-24T00:00:00,26FJK0103283,26SO01326601,FAZZIO HYBRID,HITAM MERAH,BAF BHL,35,600000,23095000,"DEPOK, KOTA.",23,GD.SSM BEKASI
2026-08-24T00:00:00,26FJK0103284,26SO01326901,FAZZIO HYBRID,HITAM MERAH,BAF JAKARTA  2,32,600000,23095000,"BEKASI, KOTA.",23,GD.SSM BEKASI
2026-08-24T00:00:00,26FJK0103285,26SO01327201,FAZZIO HYBRID NEO,UNGU MUDA,BAF BHL,30,400000,24650000,BEKASI,16,SSM MOTOR
2026-08-24T00:00:00,26FJK0103286,26SO01327301,MIO M3 CW,PERAK HIJAU,CASH,0,19060000,19060000,BEKASI,18,GD.SSM BEKASI
2026-08-24T00:00:00,26FJK0103287,26SO01326701,FAZZIO HYBRID,BIRU PUTIH,BAF BHL,32,0,22820000,JAKARTA,123,GD.SSM BEKASI
2026-08-24T00:00:00,26FJK0103288,26SO01327401,FAZZIO HYBRID,HITAM MERAH,BAF BHL,32,500000,22820000,JAKARTA,42,SSM MOTOR
2026-08-24T00:00:00,26FJK0103289,26SO01326801,AEROX ALPHA,HITAM,BAF CMPK,30,750000,30700000,JAKARTA,3,GD.SSM BEKASI
2026-08-24T00:00:00,26FJK0103290,26SO01327001,AEROX ALPHA,HITAM,BAF BHL,23,1100000,30850000,"TANGERANG, KOTA.",3,GD.SSM BEKASI
2026-08-24T00:00:00,26FJK0103291,26SO01327501,AEROX ALPHA,BIRU,BAF JAKARTA  2,35,100000,30700000,JAKARTA,3,SSM MOTOR
2026-08-24T00:00:00,26FJK0103292,26SO01326201,NMAX NEO S,HITAM,BAF JAKARTA  2,30,400000,35640000,"BEKASI, KOTA.",2,GD.SSM BEKASI
2026-08-24T00:00:00,26FJK0103293,26SO01327601,ALL NEW AEROX 155,HITAM,BAF CMPK,35,1000000,29430000,BEKASI,5,GD.SSM BEKASI
2026-08-24T00:00:00,26FJK0103294,26SO01327801,AEROX ALPHA CYBERCITY,BIRU,CASH,0,30920000,31370000,"BEKASI, KAB.",14,GD.SSM BEKASI
2026-08-24T00:00:00,26JD01059201,26JD01059201,GEAR 125,HIJAU PERAK,CASH,0,16500000,16500000,"JAKARTA SELATAN, Kota.",5,GD.SSM BEKASI
2026-08-24T00:00:00,26JD01059202,26JD01059202,GEAR 125,HITAM,CASH,0,16500000,16500000,"JAKARTA SELATAN, Kota.",5,GD.SSM BEKASI
2026-08-24T00:00:00,26JD01059203,26JD01059203,GEAR 125,HITAM,CASH,0,16500000,16500000,"JAKARTA SELATAN, Kota.",5,GD.SSM BEKASI
2026-08-24T00:00:00,26JD01059204,26JD01059204,GEAR 125,MERAH,CASH,0,16500000,16500000,"JAKARTA SELATAN, Kota.",10,GD.SSM BEKASI
2026-08-24T00:00:00,26JD01059205,26JD01059205,GEAR 125,HIJAU,CASH,0,16500000,16500000,"JAKARTA SELATAN, Kota.",10,GD.SSM BEKASI
2026-08-24T00:00:00,26JD01059206,26JD01059206,GEAR 125,HITAM,CASH,0,16500000,16500000,"JAKARTA SELATAN, Kota.",11,SSM MOTOR
2026-08-24T00:00:00,26JD01059207,26JD01059207,GEAR 125,HITAM,CASH,0,16500000,16500000,"JAKARTA SELATAN, Kota.",5,SSM MOTOR
2026-08-24T00:00:00,26JD01059208,26JD01059208,GEAR 125,HITAM,CASH,0,16500000,16500000,"JAKARTA SELATAN, Kota.",11,SSM MOTOR
2026-08-24T00:00:00,26JD01059209,26JD01059209,GEAR 125,HITAM,CASH,0,16500000,16500000,"JAKARTA SELATAN, Kota.",5,GD.SSM BEKASI
2026-08-24T00:00:00,26JD01059210,26JD01059210,GEAR 125,MERAH,CASH,0,16500000,16500000,"JAKARTA SELATAN, Kota.",10,GD.SSM BEKASI
2026-08-24T00:00:00,26JD01059211,26JD01059211,GEAR 125,HITAM,CASH,0,16500000,16500000,"JAKARTA SELATAN, Kota.",11,SSM MOTOR
2026-08-24T00:00:00,26JD01059212,26JD01059212,GEAR 125,HIJAU PERAK,CASH,0,16500000,16500000,"JAKARTA SELATAN, Kota.",5,GD.SSM BEKASI
2026-08-24T00:00:00,26JD01059213,26JD01059213,GEAR 125,HIJAU,CASH,0,16500000,16500000,"JAKARTA SELATAN, Kota.",10,SSM MOTOR
2026-08-24T00:00:00,26JD01059214,26JD01059214,GEAR 125,HITAM,CASH,0,16500000,16500000,"JAKARTA SELATAN, Kota.",11,SSM MOTOR
2026-08-24T00:00:00,26JD01059215,26JD01059215,AEROX ALPHA,MERAH,CASH,0,26000000,26000000,"JAKARTA SELATAN, Kota.",3,GD.SSM BEKASI
2026-08-24T00:00:00,26JD01059216,26JD01059216,AEROX ALPHA,MERAH,CASH,0,26000000,26000000,"JAKARTA SELATAN, Kota.",3,GD.SSM BEKASI
2026-08-24T00:00:00,26JD01059217,26JD01059217,AEROX ALPHA,MERAH,CASH,0,26000000,26000000,"JAKARTA SELATAN, Kota.",3,GD.SSM BEKASI
2026-08-24T00:00:00,26JD01059218,26JD01059218,AEROX ALPHA,MERAH,CASH,0,26000000,26000000,"JAKARTA SELATAN, Kota.",3,GD.SSM BEKASI
2026-08-24T00:00:00,26JD01059219,26JD01059219,AEROX ALPHA,MERAH,CASH,0,26000000,26000000,"JAKARTA SELATAN, Kota.",3,GD.SSM BEKASI
2026-08-24T00:00:00,26JD01059220,26JD01059220,AEROX ALPHA,MERAH,CASH,0,26000000,26000000,"JAKARTA SELATAN, Kota.",3,GD.SSM BEKASI
2026-08-24T00:00:00,26JD01059221,26JD01059221,AEROX ALPHA,MERAH,CASH,0,26000000,26000000,"JAKARTA SELATAN, Kota.",3,GD.SSM BEKASI
2026-08-24T00:00:00,26JD01059222,26JD01059222,AEROX ALPHA,MERAH,CASH,0,26000000,26000000,"JAKARTA SELATAN, Kota.",3,GD.SSM BEKASI
2026-08-24T00:00:00,26JD01059301,26JD01059301,GRAND FILANO HYBRID NEO,ABU-ABU,CASH,0,22810947,22810947,"JAKARTA BARAT, Kota.",25,GD.SSM BEKASI
2026-08-24T00:00:00,26JD01059302,26JD01059302,XMAX SPC LIVERY,HITAM,CASH,0,57208986,57208986,"JAKARTA BARAT, Kota.",4,GD.SSM BEKASI
2026-08-24T00:00:00,26JD01059303,26JD01059303,AEROX ALPHA -TURBO-,PERAK,CASH,0,34969473,34969473,"JAKARTA BARAT, Kota.",86,GD.SSM BEKASI
2026-08-26T00:00:00,26FJK0103295,26SO01327901,FAZZIO HYBRID,ABU PINK,BAF BHL,30,100000,23195000,"TANGERANG, KAB.",6,GD.SSM BEKASI
2026-08-26T00:00:00,26FJK0103296,26SO01328001,FAZZIO STARRY NIGHT,PERAK MUDA,CASH,0,25305000,25755000,"BOGOR, KAB.",146,SSM MOTOR
2026-08-26T00:00:00,26FJK0103297,26SO01328101,GRAND FILANO HYBRID NEO,HIJAU,BAF BHL,30,100000,28665000,JAKARTA,21,GD.SSM BEKASI
2026-08-26T00:00:00,26FJK0103298,26SO01328201,NMAX NEO S,BIRU,ADIRA TBN,35,400000,35640000,"BEKASI, KAB.",4,GD.SSM BEKASI
2026-08-26T00:00:00,26FJK0103299,26SO01328401,NMAX NEO S,HITAM,BAF CMPK,26,1350000,35555000,JAKARTA,4,GD.SSM BEKASI
2026-08-26T00:00:00,26FJK0103300,26SO01328501,ALL NEW AEROX 155,HITAM,BAF BHL,30,500000,29380000,"JAKARTA BARAT, KOTA.",37,GD.SSM BEKASI
2026-08-26T00:00:00,26FJK0103301,26SO01327701,NMAX -TURBO- TECH MAX,ABU-ABU,CASH,0,46565000,47015000,"BEKASI, Kota.",15,GD.SSM BEKASI
2026-08-26T00:00:00,26FJK0103302,26SO01328301,NMAX NEO S,HITAM,BAF JAKARTA  2,21,2900000,35555000,"JAKARTA TIMUR, KOTA.",4,GD.SSM BEKASI
2026-08-26T00:00:00,26FJK0103303,26SO01328601,GRAND FILANO HYBRID NEO,UNGU MUDA,BAF BHL,17,1600000,28710000,BEKASI,27,GD.SSM BEKASI
2026-08-26T00:00:00,26FJK0103304,26SO01328701,FAZZIO HYBRID,ABU PINK,BAF BHL,30,500000,22820000,"JAKARTA BARAT, KOTA.",37,GD.SSM BEKASI
2026-08-26T00:00:00,26FJK0103305,26SO01328801,NMAX NEO S,BIRU,BAF BHL,33,900000,35555000,JAKARTA,5,GD.SSM BEKASI
2026-08-26T00:00:00,26FJK0103306,26SO01329001,FAZZIO HYBRID NEO,UNGU MUDA,BAF CMPK,35,500000,24650000,BEKASI,23,GD.SSM BEKASI
2026-08-26T00:00:00,26JD01059401,26JD01059401,AEROX ALPHA,HITAM,CASH,0,26000000,26000000,"JAKARTA SELATAN, Kota.",5,SSM MOTOR
2026-08-26T00:00:00,26JD01059402,26JD01059402,AEROX ALPHA,HITAM,CASH,0,26000000,26000000,"JAKARTA SELATAN, Kota.",6,GD.SSM BEKASI
2026-08-26T00:00:00,26JD01059403,26JD01059403,AEROX ALPHA,HITAM,CASH,0,26000000,26000000,"JAKARTA SELATAN, Kota.",6,GD.SSM BEKASI
2026-08-26T00:00:00,26JD01059404,26JD01059404,AEROX ALPHA,HITAM,CASH,0,26000000,26000000,"JAKARTA SELATAN, Kota.",6,GD.SSM BEKASI
2026-08-26T00:00:00,26JD01059405,26JD01059405,AEROX ALPHA,HITAM,CASH,0,26000000,26000000,"JAKARTA SELATAN, Kota.",6,GD.SSM BEKASI
2026-08-26T00:00:00,26JD01059406,26JD01059406,AEROX ALPHA,HITAM,CASH,0,26000000,26000000,"JAKARTA SELATAN, Kota.",6,GD.SSM BEKASI
2026-08-26T00:00:00,26JD01059407,26JD01059407,AEROX ALPHA,HITAM,CASH,0,26000000,26000000,"JAKARTA SELATAN, Kota.",6,GD.SSM BEKASI
2026-08-26T00:00:00,26JD01059408,26JD01059408,AEROX ALPHA,HITAM,CASH,0,26000000,26000000,"JAKARTA SELATAN, Kota.",6,GD.SSM BEKASI
2026-08-26T00:00:00,26JD01059409,26JD01059409,AEROX ALPHA,HITAM,CASH,0,26000000,26000000,"JAKARTA SELATAN, Kota.",5,GD.SSM BEKASI
2026-08-26T00:00:00,26JD01059410,26JD01059410,AEROX ALPHA,HITAM,CASH,0,26000000,26000000,"JAKARTA SELATAN, Kota.",5,SSM MOTOR
2026-08-26T00:00:00,26JD01059411,26JD01059411,AEROX ALPHA,HITAM,CASH,0,26000000,26000000,"JAKARTA SELATAN, Kota.",12,GD.SSM BEKASI
2026-08-26T00:00:00,26JD01059412,26JD01059412,AEROX ALPHA,HITAM,CASH,0,26000000,26000000,"JAKARTA SELATAN, Kota.",6,GD.SSM BEKASI
2026-08-26T00:00:00,26JD01059413,26JD01059413,AEROX ALPHA,HITAM,CASH,0,26000000,26000000,"JAKARTA SELATAN, Kota.",6,GD.SSM BEKASI
2026-08-26T00:00:00,26JD01059414,26JD01059414,AEROX ALPHA,HITAM,CASH,0,26000000,26000000,"JAKARTA SELATAN, Kota.",6,GD.SSM BEKASI
2026-08-26T00:00:00,26JD01059415,26JD01059415,GEAR 125,HIJAU,CASH,0,16500000,16500000,"JAKARTA SELATAN, Kota.",6,GD.SSM BEKASI
2026-08-26T00:00:00,26JD01059416,26JD01059416,GEAR 125,BIRU,CASH,0,16500000,16500000,"JAKARTA SELATAN, Kota.",6,GD.SSM BEKASI
2026-08-26T00:00:00,26JD01059417,26JD01059417,GEAR 125,BIRU,CASH,0,16500000,16500000,"JAKARTA SELATAN, Kota.",5,GD.SSM BEKASI
2026-08-26T00:00:00,26JD01059418,26JD01059418,GEAR 125,HIJAU,CASH,0,16500000,16500000,"JAKARTA SELATAN, Kota.",6,GD.SSM BEKASI
2026-08-26T00:00:00,26JD01059419,26JD01059419,GEAR 125,BIRU,CASH,0,16500000,16500000,"JAKARTA SELATAN, Kota.",6,GD.SSM BEKASI
2026-08-26T00:00:00,26JD01059420,26JD01059420,GEAR 125,BIRU,CASH,0,16500000,16500000,"JAKARTA SELATAN, Kota.",6,GD.SSM BEKASI
2026-08-26T00:00:00,26JD01059421,26JD01059421,GEAR 125,HIJAU,CASH,0,16500000,16500000,"JAKARTA SELATAN, Kota.",5,SSM MOTOR
2026-08-26T00:00:00,26JD01059422,26JD01059422,GEAR 125,BIRU,CASH,0,16500000,16500000,"JAKARTA SELATAN, Kota.",5,GD.SSM BEKASI
2026-08-26T00:00:00,26JD01059501,26JD01059501,NMAX NEO S SPC LIVERY,HITAM,CASH,0,28879511,28879511,"JAKARTA BARAT, Kota.",85,GD.SSM BEKASI
2026-08-26T00:00:00,26JD01059502,26JD01059502,NMAX -TURBO-,ABU-ABU,CASH,0,32025633,32025633,"JAKARTA BARAT, Kota.",7,GD.SSM BEKASI
2026-08-26T00:00:00,26JD01059503,26JD01059503,NMAX -TURBO- TECH MAX,ABU-ABU,CASH,0,37084794,37084794,"JAKARTA BARAT, Kota.",6,GD.SSM BEKASI
2026-08-27T00:00:00,26FJK0103307,26SO01329701,XMAX C,HITAM,CASH,0,70810000,70810000,JAKARTA,6,GD.SSM BEKASI
2026-08-27T00:00:00,26FJK0103308,26SO01328901,FREEGO 125,PUTIH,BAF JAKARTA  2,35,1200000,22865000,BEKASI,1,GD.SSM BEKASI
2026-08-27T00:00:00,26FJK0103309,26SO01329201,G ULTIMA HYBRID S,PERAK,BAF JAKARTA  2,35,650000,21950000,BEKASI,175,GD.SSM BEKASI
2026-08-27T00:00:00,26FJK0103310,26SO01329301,G ULTIMA HYBRID SOLID,ABU-ABU,BAF BHL,32,300000,20660000,JAKARTA,6,GD.SSM BEKASI
2026-08-27T00:00:00,26FJK0103311,26SO01329401,GRAND FILANO HYBRID NEO,UNGU MUDA,BAF BHL,20,700000,28665000,"JAKARTA TIMUR, KOTA.",28,GD.SSM BEKASI
2026-08-27T00:00:00,26FJK0103312,26SO01329501,GRAND FILANO HYBRID NEO,UNGU MUDA,CASH,0,28165000,28665000,"JAKARTA UTARA, KOTA.",26,GD.SSM BEKASI
2026-08-27T00:00:00,26FJK0103313,26SO01329601,NMAX NEO,HITAM,BAF JAKARTA  2,35,800000,34640000,"BEKASI, KOTA.",68,GD.SSM BEKASI
2026-08-27T00:00:00,26FJK0103314,26SO01329801,G ULTIMA HYBRID SMART,HITAM,ADR KTPG,29,5900000,22785000,"JAKARTA PUSAT, KOTA.",7,GD.SSM BEKASI
2026-08-27T00:00:00,26FJK0103315,26SO01329901,GRAND FILANO HYBRID NEO,ABU-ABU,ADIRA KLPG,30,600000,28665000,JAKARTA UTARA,28,GD.SSM BEKASI
2026-08-27T00:00:00,26FJK0103316,26SO01330001,ALL NEW AEROX 155,MERAH,BAF CKR,35,3200000,29430000,KABUPATEN BEKASI,69,GD.SSM BEKASI
2026-08-27T00:00:00,26FJK0103317,26SO01330101,FAZZIO HYBRID LUX,ABU-ABU TUA,BAF BHL,30,600000,25095000,JAKARTA UTARA,70,GD.SSM BEKASI
2026-08-27T00:00:00,26FJK0103318,26SO01330201,AEROX ALPHA,HITAM,BAF CIKUPA,33,400000,30700000,"TANGERANG, KAB.",7,GD.SSM BEKASI
2026-08-27T00:00:00,26FJK0103319,26SO01330501,FAZZIO HYBRID NEO,HIJAU MUDA,BAF CMPK,30,500000,24405000,JAKARTA,27,GD.SSM BEKASI
2026-08-27T00:00:00,26FJK0103320,26SO01330701,NMAX NEO S SPC LIVERY,HITAM,BAF BHL,11,2400000,35955000,"JAKARTA BARAT, KOTA.",89,GD.SSM BEKASI
2026-08-27T00:00:00,26FJK0103321,26SO01330901,GRAND FILANO HYBRID NEO,HIJAU,BAF BHL,35,600000,28710000,"BEKASI, KOTA.",184,GD.SSM BEKASI
2026-08-27T00:00:00,26FJK0103322,26SO01330401,GRAND FILANO HYBRID NEO,HIJAU,ADIRA TBN,35,600000,28710000,KAB BEKASI,101,SSM MOTOR
2026-08-27T00:00:00,26FJK0103323,26SO01331001,ALL NEW AEROX 155,PERAK,BAF JAKARTA  2,35,1600000,29430000,JAKARTA,50,SSM MOTOR
2026-08-27T00:00:00,26FJK0103324,26SO01330801,AEROX ALPHA,HITAM,ADIRA DMGT,30,400000,30700000,"JAKARTA BARAT, KOTA.",0,GD.SSM BEKASI
2026-08-27T00:00:00,26FJK0103325,26SO01331101,NMAX -TURBO-,HITAM,CASH,0,28000000,33866000,"BEKASI, Kota.",750,GD.SSM BEKASI
2026-08-27T00:00:00,26FJK0103326,26SO01331102,NMAX -TURBO-,PERAK,CASH,0,28000000,33866000,"BEKASI, Kota.",764,GD.SSM BEKASI
2026-08-27T00:00:00,26FJK0103327,26SO01331103,NMAX -TURBO-,PERAK,CASH,0,28000000,33866000,"BEKASI, Kota.",763,GD.SSM BEKASI
2026-08-27T00:00:00,26JD01059601,26JD01059601,MX KING 150,HITAM,CASH,0,22933096,22933096,"JAKARTA BARAT, Kota.",7,GD.SSM BEKASI
2026-08-27T00:00:00,26JD01059602,26JD01059602,AEROX ALPHA,BIRU,CASH,0,24250546,24250546,"JAKARTA BARAT, Kota.",6,GD.SSM BEKASI
2026-08-27T00:00:00,26JD01059603,26JD01059603,NMAX NEO S,BIRU,CASH,0,28523874,28523874,"JAKARTA BARAT, Kota.",6,GD.SSM BEKASI
2026-08-28T00:00:00,26FJK0103328,26SO01331301,GRAND FILANO HYBRID NEO,UNGU MUDA,CASH,0,28210000,28710000,"BEKASI, KOTA.",27,GD.SSM BEKASI
2026-08-28T00:00:00,26FJK0103329,26SO01331201,FAZZIO HYBRID,ABU PINK,ADR PCRN,30,0,22820000,JAKARTA,8,GD.SSM BEKASI
2026-08-28T00:00:00,26FJK0103330,26SO01331401,NMAX NEO S,HITAM,BAF BHL,30,400000,35555000,"JAKARTA SELATAN, KOTA.",18,GD.SSM BEKASI
2026-08-28T00:00:00,26FJK0103331,26SO01331501,NMAX NEO S,BIRU,BAF BHL,30,400000,35555000,"JAKARTA SELATAN, KOTA.",14,GD.SSM BEKASI
2026-08-28T00:00:00,26FJK0103332,26SO01331801,GRAND FILANO HYBRID NEO,ABU-ABU,ADIRA HI,30,500000,28710000,"BEKASI, KAB.",28,GD.SSM BEKASI
2026-08-28T00:00:00,26FJK0103333,26SO01331901,LEXI LX 155 CONNECTED,HITAM,BAF BHL,30,500000,27850000,JAKARTA SELATAN,6,GD.SSM BEKASI
2026-08-28T00:00:00,26FJK0103334,26SO01331601,G ULTIMA HYBRID SOLID,ABU-ABU,BAF BHL,29,400000,20660000,"JAKARTA BARAT, KOTA.",1,GD.SSM BEKASI
2026-08-28T00:00:00,26FJK0103335,26SO01332001,FAZZIO HYBRID,HITAM MERAH,BAF TGR,32,600000,23195000,"TANGERANG SELATAN, KOTA.",2,GD.SSM BEKASI
2026-08-28T00:00:00,26FJK0103336,26SO01332101,G ULTIMA HYBRID SMART,HITAM,BAF BHL,32,1100000,22785000,JAKARTA BARAT,8,GD.SSM BEKASI
2026-08-28T00:00:00,26FJK0103338,26SO01332201,ALL NEW AEROX 155,HITAM,BAF BHL,30,500000,29430000,BEKASI,39,GD.SSM BEKASI
2026-08-28T00:00:00,26FJK0103339,26SO01332401,LEXI LX 155 S CONNECTED,COKLAT,BAF CKR,30,550000,30200000,KAB BEKASI,9,GD.SSM BEKASI
2026-08-28T00:00:00,26FJK0103340,26SO01332501,NMAX NEO S,MERAH,BAF TGR,30,400000,35665000,"TANGERANG, KOTA.",4,GD.SSM BEKASI
2026-08-28T00:00:00,26FJK0103341,26SO01332601,NMAX NEO S,HITAM,BAF BHL,30,900000,35555000,"JAKARTA PUSAT, KOTA.",4,GD.SSM BEKASI
2026-08-28T00:00:00,26FJK0103342,26SO01332702,NMAX -TURBO-,ABU-ABU,OTO FMWT,30,2800000,39465000,"JAKARTA SELATAN, KOTA.",29,GD.SSM BEKASI
2026-08-28T00:00:00,26FJK0103343,26SO01332801,LEXI LX 155 CONNECTED,HITAM,CASH,0,27350000,27850000,"JAKARTA TIMUR, KOTA.",1,GD.SSM BEKASI
2026-08-28T00:00:00,26FJK0103344,26SO01332901,GRAND FILANO HYBRID NEO,ABU-ABU,ADR KTPG,30,350000,28665000,JAKARTA,28,GD.SSM BEKASI
2026-08-28T00:00:00,26FJK0103345,26SO01333001,FAZZIO HYBRID,BIRU PUTIH,BAF JAKARTA  2,32,350000,23095000,"BEKASI, KOTA.",126,GD.SSM BEKASI
2026-08-28T00:00:00,26FJK0103346,26SO01333101,NMAX NEO,HITAM,BAF BHL,30,5750000,34565000,"JAKARTA TIMUR, KOTA.",4,GD.SSM BEKASI
2026-08-28T00:00:00,26FJK0103347,26SO01333201,NMAX NEO S,PUTIH,BAF BHL,35,100000,35640000,BEKASI,17,GD.SSM BEKASI
2026-08-28T00:00:00,26FJK0103348,26SO01333301,NMAX NEO S,BIRU,BAF JAKARTA  2,35,100000,35640000,BEKASI,37,GD.SSM BEKASI
2026-08-28T00:00:00,26FJK0103349,26SO01333401,NMAX NEO,BIRU,BAF BHL,30,0,34565000,JAKARTA,8,GD.SSM BEKASI
2026-08-28T00:00:00,26FJK0103350,26SO01333501,FAZZIO HYBRID NEO,UNGU MUDA,ADIRA CLGS,30,500000,24850000,"BOGOR, KAB.",23,GD.SSM BEKASI
2026-08-28T00:00:00,26FJK0103351,26SO01333601,NMAX NEO S,HITAM,CASH,0,35000000,35640000,"BEKASI, KAB.",4,GD.SSM BEKASI
2026-08-28T00:00:00,26JD01059701,26JD01059701,XMAX C,ABU-ABU,CASH,0,60500000,60500000,"JAKARTA BARAT, Kota.",14,GD.SSM BEKASI
2026-08-28T00:00:00,26JD01059702,26JD01059702,XMAX C,BIRU,CASH,0,60500000,60500000,"JAKARTA BARAT, Kota.",9,GD.SSM BEKASI
2026-08-29T00:00:00,26FJK0103352,26SO01333801,AEROX ALPHA,MERAH,CASH,0,30370000,30820000,"BEKASI, KAB.",15,GD.SSM BEKASI
2026-08-29T00:00:00,26FJK0103353,26SO01333701,NMAX NEO S,HITAM,BAF TGR,30,400000,35665000,"TANGERANG, KAB.",29,GD.SSM BEKASI
2026-08-29T00:00:00,26FJK0103354,26SO01333901,AEROX ALPHA,HITAM,BAF BHL,30,1000000,30700000,"JAKARTA UTARA, KOTA.",2,GD.SSM BEKASI
2026-08-29T00:00:00,26FJK0103355,26SO01334001,GRAND FILANO HYBRID NEO,UNGU MUDA,ADIRA TBN,35,0,28710000,KAB BEKASI,19,GD.SSM BEKASI
2026-08-29T00:00:00,26FJK0103356,26SO01334101,FAZZIO HYBRID,BIRU PUTIH,BAF CIKUPA,30,600000,23195000,"TANGERANG, KAB.",51,SSM MOTOR
2026-08-29T00:00:00,26FJK0103357,26SO01334201,FAZZIO HYBRID NEO,UNGU,CASH,0,24200000,24650000,"BEKASI, KOTA.",103,GD.SSM BEKASI
2026-08-29T00:00:00,26FJK0103358,26SO01335001,XMAX C,ABU-ABU,CASH,0,70810000,70810000,BEKASI,3,SSM MOTOR
2026-08-29T00:00:00,26FJK0103359,26SO01334901,G ULTIMA HYBRID S,ABU-ABU TUA,BAF BHL,35,0,21950000,BEKASI,197,GD.SSM BEKASI
2026-08-29T00:00:00,26FJK0103360,26SO01334301,G ULTIMA HYBRID S,ABU-ABU TUA,BAF CMPK,35,800000,21650000,JAKARTA,197,GD.SSM BEKASI
2026-08-29T00:00:00,26FJK0103361,26SO01334401,NMAX NEO S,PUTIH,BAF BHL,30,100000,35555000,JAKARTA,36,GD.SSM BEKASI
2026-08-29T00:00:00,26FJK0103362,26SO01334501,G ULTIMA HYBRID SMART,HITAM,BAF BHL,32,1000000,22785000,BEKASI,2,GD.SSM BEKASI
2026-08-29T00:00:00,26FJK0103363,26SO01334801,GRAND FILANO HYBRID NEO,ABU-ABU,BAF BHL,30,0,28665000,JAKARTA,15,GD.SSM BEKASI
2026-08-29T00:00:00,26FJK0103364,26SO01335101,NMAX NEO S,HITAM,CASH,0,34940000,35640000,BEKASI,40,GD.SSM BEKASI
2026-08-29T00:00:00,26FJK0103365,26SO01334701,AEROX ALPHA,MERAH,WOM,36,3000000,30700000,"JAKARTA TIMUR, KOTA.",8,GD.SSM BEKASI
2026-08-29T00:00:00,26JD01059801,26JD01059801,AEROX ALPHA,BIRU,CASH,0,24250546,24250546,"JAKARTA BARAT, Kota.",8,GD.SSM BEKASI
2026-08-29T00:00:00,26JD01059802,26JD01059802,GRAND FILANO HYBRID NEO,UNGU MUDA,CASH,0,22810947,22810947,"JAKARTA BARAT, Kota.",30,GD.SSM BEKASI
2026-08-29T00:00:00,26JD01059803,26JD01059803,XMAX SPC LIVERY,HITAM,CASH,0,57208986,57208986,"JAKARTA BARAT, Kota.",2,GD.SSM BEKASI
2026-08-29T00:00:00,26JD01059901,26JD01059901,XMAX SPC LIVERY,HITAM,CASH,0,60500000,60500000,"JAKARTA BARAT, Kota.",2,GD.SSM BEKASI
2026-08-29T00:00:00,26JD01059902,26JD01059902,XMAX SPC LIVERY,HITAM,CASH,0,60500000,60500000,"JAKARTA BARAT, Kota.",2,GD.SSM BEKASI
2026-08-30T00:00:00,26FJK0103366,26SO01335301,NMAX NEO S,BIRU,ADIRA KLPG,30,400000,35555000,JAKARTA,39,GD.SSM BEKASI
2026-08-30T00:00:00,26FJK0103367,26SO01335501,NMAX NEO,BIRU,BAF BHL,30,300000,34640000,"DEPOK, Kota.",12,GD.SSM BEKASI
2026-08-30T00:00:00,26FJK0103368,26SO01335601,GRAND FILANO HYBRID LUX,PERAK MUDA,ADIRA TBN,20,1000000,29460000,KOTA BEKASI,123,GD.SSM BEKASI
2026-08-30T00:00:00,26FJK0103369,26SO01335701,GRAND FILANO HYBRID NEO,UNGU MUDA,ADIRA DMGT,32,800000,28665000,JAKARTA,30,GD.SSM BEKASI
2026-08-30T00:00:00,26FJK0103370,26SO01335901,NMAX NEO,BIRU,ADR KTPG,30,2500000,34565000,"JAKARTA SELATAN, KOTA.",24,GD.SSM BEKASI
2026-08-30T00:00:00,26FJK0103371,26SO01336001,AEROX ALPHA CYBERCITY,BIRU,CASH,0,30800000,31250000,"JAKARTA SELATAN, KOTA.",3,GD.SSM BEKASI
2026-08-30T00:00:00,26FJK0103372,26SO01335401,G ULTIMA HYBRID SMART,HITAM,ADIRA CIPUTAT,29,800000,23085000,TANGERANG SELATAN,22,SSM MOTOR
2026-08-30T00:00:00,26FJK0103373,26SO01336101,NMAX NEO SPC LIVERY,HITAM,CASH,0,34540000,35040000,BEKASI,32,GD.SSM BEKASI
2026-08-31T00:00:00,26FJK0103374,26SO01336201,FAZZIO HYBRID NEO,HIJAU MUDA,BAF JAKARTA  2,32,500000,24650000,"BEKASI, KOTA.",31,GD.SSM BEKASI
2026-08-31T00:00:00,26FJK0103375,26SO01336301,LEXI LX 155 S CONNECTED,PERAK,ADIRA CLGS,35,800000,30550000,BOGOR,216,GD.SSM BEKASI
2026-08-31T00:00:00,26FJK0103376,26SO01336401,NMAX NEO S,HITAM,ADIRA DMGT,30,400000,35555000,JAKARTA,31,GD.SSM BEKASI
2026-08-31T00:00:00,26FJK0103377,26SO01335201,NMAX -TURBO- TECH MAX,ABU-ABU,BAF BHL,11,7800000,44965000,"JAKARTA BARAT, KOTA.",2,GD.SSM BEKASI
2026-08-31T00:00:00,26FJK0103378,26SO01336501,FAZZIO HYBRID,HITAM MERAH,ADIRA DMGT,32,0,22820000,JAKARTA,49,SSM MOTOR
2026-08-31T00:00:00,26FJK0103379,26SO01335801,AEROX ALPHA,MERAH,BAF BHL,29,1300000,30820000,"BEKASI, KOTA.",10,GD.SSM BEKASI
2026-08-31T00:00:00,26FJK0103380,26SO01336601,AEROX ALPHA,BIRU,BAF DPK,30,300000,30820000,DEPOK,10,GD.SSM BEKASI
2026-08-31T00:00:00,26FJK0103381,26SO01336801,AEROX ALPHA CYBERCITY ABS,PUTIH,ADIRA CKRG,30,700000,34910000,"BEKASI, KAB.",20,SSM MOTOR
2026-08-31T00:00:00,26FJK0103382,26SO01336701,NMAX NEO S,HITAM,BAF CMPK,30,650000,35555000,BEKASI,42,GD.SSM BEKASI
2026-08-31T00:00:00,26FJK0103383,26SO01336901,FAZZIO HYBRID LUX,ABU-ABU TUA,ADIRA DMGT,26,600000,25095000,JAKARTA,17,GD.SSM BEKASI
2026-08-31T00:00:00,26FJK0103384,26SO01337001,FAZZIO HYBRID NEO,UNGU MUDA,BAF BHL,35,0,24650000,"BEKASI, KOTA.",26,GD.SSM BEKASI
2026-08-31T00:00:00,26FJK0103385,26SO01337101,FAZZIO HYBRID,HITAM MERAH,BAF BHL,30,0,22820000,"JAKARTA UTARA, KOTA.",19,GD.SSM BEKASI
2026-08-31T00:00:00,26FJK0103386,26SO01337201,FAZZIO HYBRID,BIRU PUTIH,PT OTO BEKASI,32,600000,22820000,"JAKARTA BARAT, KOTA.",3,GD.SSM BEKASI
2026-08-31T00:00:00,26FJK0103387,26SO01337301,AEROX ALPHA,BIRU,BAF CMPK,30,4100000,30700000,JAKARTA,10,GD.SSM BEKASI
2026-08-31T00:00:00,26FJK0103388,26SO01337401,G ULTIMA HYBRID S,ABU-ABU TUA,BAF CMPK,35,900000,21650000,JAKARTA,199,GD.SSM BEKASI
2026-08-31T00:00:00,26FJK0103389,26SO01337501,MT25 ABS,HITAM,CASH,0,67050000,67050000,JAKARTA,107,GD.SSM BEKASI
2026-08-31T00:00:00,26FJK0103390,26SO01337601,AEROX ALPHA,BIRU,BAF BHL,30,400000,30700000,JAKARTA,10,GD.SSM BEKASI
2026-08-31T00:00:00,26FJK0103391,26SO01337701,G ULTIMA HYBRID SMART,HITAM,BAF BHL,32,500000,22785000,JAKARTA,84,GD.SSM BEKASI
2026-08-31T00:00:00,26FJK0103392,26SO01337801,GRAND FILANO HYBRID NEO,HIJAU,BAF CMPK,35,350000,28710000,"BEKASI, KOTA.",31,GD.SSM BEKASI
2026-08-31T00:00:00,26FJK0103393,26SO01337901,GRAND FILANO HYBRID NEO,UNGU MUDA,BAF CMPK,20,1400000,28910000,"SERANG, KAB.",30,GD.SSM BEKASI
2026-08-31T00:00:00,26FJK0103394,26SO01338101,LEXI LX 155 S CONNECTED,COKLAT,BAF CMPK,35,550000,29650000,BEKASI,102,GD.SSM BEKASI
2026-08-31T00:00:00,26FJK0103395,26SO01338201,ALL NEW AEROX 155,MERAH,BAF BHL,35,500000,29380000,JAKARTA,20,GD.SSM BEKASI
2026-08-31T00:00:00,26FJK0103396,26SO01338301,G ULTIMA HYBRID SMART,HITAM,CASH,0,22885000,23085000,"BEKASI, KOTA.",2,GD.SSM BEKASI
2026-08-31T00:00:00,26FJK0103397,26SO01338401,ALL NEW AEROX 155,HITAM,ADIRA DMGT,35,1200000,29380000,JAKARTA,42,GD.SSM BEKASI
2026-08-31T00:00:00,26FJK0103398,26SO01338501,NMAX NEO S,HITAM,BAF BHL,30,400000,35555000,JAKARTA,7,GD.SSM BEKASI
2026-08-31T00:00:00,26FJK0103399,26SO01338601,GRAND FILANO HYBRID LUX,HITAM,ADIRA TBN,11,2500000,29460000,BEKASI,87,GD.SSM BEKASI
2026-08-31T00:00:00,26JD01060001,26JD01060001,NMAX-TURBO-TECH MAX SPC LIVERY,HITAM,CASH,0,37440765,37440765,"JAKARTA BARAT, Kota.",62,GD.SSM BEKASI
2026-08-31T00:00:00,26JD01060002,26JD01060002,NMAX NEO S,HITAM,CASH,0,28523874,28523874,"JAKARTA BARAT, Kota.",7,GD.SSM BEKASI
2026-08-31T00:00:00,26JD01060101,26JD01060101,AEROX ALPHA -TURBO-,PERAK,CASH,0,34500000,34500000,"JAKARTA BARAT, Kota.",117,GD.SSM BEKASI
2026-08-31T00:00:00,26JD01060102,26JD01060102,AEROX ALPHA -TURBO-,PERAK,CASH,0,34500000,34500000,"JAKARTA BARAT, Kota.",74,GD.SSM BEKASI
2026-08-31T00:00:00,26JD01060103,26JD01060103,AEROX ALPHA -TURBO-,PERAK,CASH,0,34500000,34500000,"JAKARTA BARAT, Kota.",117,GD.SSM BEKASI
2026-08-31T00:00:00,26JD01060104,26JD01060104,AEROX ALPHA -TURBO-,PERAK,CASH,0,34500000,34500000,"JAKARTA BARAT, Kota.",118,GD.SSM BEKASI
2026-08-31T00:00:00,26JD01060201,26JD01060201,AEROX ALPHA -TURBO-,PERAK,CASH,0,34500000,34500000,"JAKARTA BARAT, Kota.",73,GD.SSM BEKASI
2026-08-31T00:00:00,26JD01060202,26JD01060202,AEROX ALPHA -TURBO-,PERAK,CASH,0,34500000,34500000,"JAKARTA BARAT, Kota.",124,GD.SSM BEKASI
2026-08-31T00:00:00,26JD01060203,26JD01060203,AEROX ALPHA -TURBO-,PERAK,CASH,0,34500000,34500000,"JAKARTA BARAT, Kota.",118,GD.SSM BEKASI
2026-08-31T00:00:00,26JD01060301,26JD01060301,AEROX ALPHA -TURBO-,PERAK,CASH,0,34500000,34500000,"JAKARTA BARAT, Kota.",82,GD.SSM BEKASI
